"client_name","invoice_number","client_type","currency","po_reference","invoice_type","net_amount","cgst_rate","sgst_rate","igst_rate","gross_amount","gross_amount_inr","created_at","paid_amount","balance_amount","status","paid_date","transaction_id","payment_date","status"
"Ultrahuman Healthcare Pvt Ltd","HNV/25-26/1","domestic","INR","PO-24-25-UH-00042","Tax Invoice","311640.00","9.00","9.00",NULL,"367735.20","367735.20","2025-04-01 11:41:03","0.00","367735.20","pending","2025-04-02 11:49:50",NULL,NULL,"Active"
"I HUB for Robotics And Autonomous Systems  Innovation Foundation","HNV/25-26/2","domestic","INR","Mail Conformation","Tax Invoice","3150.00","9.00","9.00",NULL,"3717.00","3717.00","2025-04-02 06:43:03","0.00","3717.00","pending","2025-04-02 10:51:22",NULL,NULL,"Active"
"I HUB for Robotics And Autonomous Systems  Innovation Foundation","HNV/25-26/3","domestic","INR","Mail Conformation","Tax Invoice","8767.55","9.00","9.00",NULL,"10345.71","10345.71","2025-04-02 07:55:48","0.00","10345.71","pending","2025-04-10 08:03:11",NULL,NULL,"Active"
"InterCosmos Space Exploration Technologies Pvt. Ltd","HNV/25-26/4","domestic","INR","Verbal Conformation","Tax Invoice","19319.00",NULL,NULL,"18.00","22796.42","22796.42","2025-04-02 10:42:31","22796.42","0.00","paid","2025-04-04 11:07:46",,NULL,"Active"
"Ultrahuman Healthcare Pvt Ltd","HNV/25-26/5","domestic","INR","PO-24-25-UH-00042","Tax Invoice","191330.00","9.00","9.00",NULL,"225769.40","225769.40","2025-04-02 11:31:52","225544.00","225.40","paid","2025-09-05 05:43:12",,NULL,"Active"
"Ultrahuman Healthcare Pvt Ltd","HNV/25-26/6","domestic","INR","PO-24-25-UH-00042","Tax Invoice","68370.00","9.00","9.00",NULL,"80676.60","80676.60","2025-04-02 11:44:56","80596.00","80.60","paid","2025-09-05 05:49:41",,NULL,"Active"
"Ultrahuman Healthcare Pvt Ltd","HNV/25-26/7","domestic","INR","PO-24-25-UH-00156","Tax Invoice","524160.00","9.00","9.00",NULL,"618508.80","618508.80","2025-04-02 12:42:18","617890.00","618.80","paid","2025-09-05 05:29:05",,NULL,"Active"
"Sansera Engineering Ltd ","HNV/25-26/8","domestic","INR","2240000451","Tax Invoice","75945.00","9.00","9.00",NULL,"89615.10","89615.10","2025-04-04 09:14:12","89615.10","0.00","paid","2025-05-12 05:46:47","CITIN25562220690",NULL,"Active"
"Ultrahuman Healthcare Pvt Ltd","HNV/25-26/9","domestic","INR","PO-24-25-UH-00156","Tax Invoice","524160.00","9.00","9.00",NULL,"618508.80","618508.80","2025-04-04 09:34:50","617895.00","613.80","paid","2025-09-05 05:35:17",,NULL,"Active"
"Time Warp Racing Pty Ltd","HNV/25-26/E/1","export","USD","TRW25-745","Tax Invoice","182.00",NULL,NULL,NULL,"182.00","15681.12","2025-04-04 11:27:23","182.00","0.00","paid","2025-04-15 09:42:29","2270529834",NULL,"Active"
"Ultrahuman Healthcare Pvt Ltd","HNV/25-26/10","domestic","INR","PO-24-25-UH-00042","Tax Invoice","214120.00","9.00","9.00",NULL,"252661.60","252661.60","2025-04-03 16:09:21","252409.00","252.60","paid","2025-09-05 05:43:33",,NULL,"Active"
"Shanthi Gears Limited","HNV/25-26/11","domestic","INR","224019438","Tax Invoice","1495.00",NULL,NULL,"18.00","1764.10","1764.10","2025-04-05 05:20:12","0.00","1764.10","pending","2025-04-05 05:20:12",NULL,NULL,"Active"
"Shanthi Gears Limited","HNV/25-26/12","domestic","INR","224020495","Tax Invoice","2000.00",NULL,NULL,"18.00","2360.00","2360.00","2025-04-05 05:21:15","0.00","2360.00","pending","2025-04-05 05:21:15",NULL,NULL,"Active"
"Shanthi Gears Limited","HNV/25-26/13","domestic","INR","224018450","Tax Invoice","41445.00",NULL,NULL,"18.00","48905.10","48905.10","2025-04-05 05:25:45","0.00","48905.10","pending","2025-04-05 05:25:45",NULL,NULL,"Active"
"Ultrahuman Healthcare Pvt Ltd","HNV/25-26/14","domestic","INR","PO-24-25-UH-00042","Tax Invoice","145750.00","9.00","9.00",NULL,"171985.00","171985.00","2025-04-05 11:22:09","171813.01","171.99","paid","2025-09-05 05:47:55",,NULL,"Active"
"Ultrahuman Healthcare Pvt Ltd","HNV/25-26/15","domestic","INR","PO-24-25-UH-00156","Tax Invoice","786240.00","9.00","9.00",NULL,"927763.20","927763.20","2025-04-05 14:41:29","926835.44","927.76","paid","2025-09-05 05:50:35",,NULL,"Active"
"Ultrahuman Healthcare Pvt Ltd","HNV/25-26/16","domestic","INR","PO-24-25-UH-00156","Tax Invoice","524160.00","9.00","9.00",NULL,"618508.80","618508.80","2025-04-06 09:52:28","617890.29","618.51","paid","2025-09-05 05:50:22",,NULL,"Active"
"Ultrahuman Healthcare Pvt Ltd","HNV/25-26/17","domestic","INR","PO-24-25-UH-00042","Tax Invoice","245390.00","9.00","9.00",NULL,"289560.20","289560.20","2025-04-07 11:25:55","289271.00","289.20","paid","2025-09-05 05:50:12",,NULL,"Active"
"Ultrahuman Healthcare Pvt Ltd","HNV/25-26/18","domestic","INR","PO-24-25-UH-00156","Tax Invoice","524160.00","9.00","9.00",NULL,"618508.80","618508.80","2025-04-07 13:48:18","617890.00","618.80","paid","2025-09-05 05:52:58",,NULL,"Active"
"Ultrahuman Healthcare Pvt Ltd","HNV/25-26/19","domestic","INR","PO-24-25-UH-00042","Tax Invoice","194510.00","9.00","9.00",NULL,"229521.80","229521.80","2025-04-08 11:35:23","229292.00","229.80","paid","2025-09-05 05:47:03",,NULL,"Active"
"Ultrahuman Healthcare Pvt Ltd","HNV/25-26/20","domestic","INR","PO-24-25-UH-00042","Tax Invoice","53000.00","9.00","9.00",NULL,"62540.00","62540.00","2025-04-08 11:37:53","62477.00","63.00","paid","2025-09-05 05:43:24",,NULL,"Active"
"Ultrahuman Healthcare Pvt Ltd","HNV/25-26/21","domestic","INR","PO-24-25-UH-00156","Tax Invoice","786240.00","9.00","9.00",NULL,"927763.20","927763.20","2025-04-08 13:34:46","926835.44","927.76","paid","2025-09-05 05:49:18",,NULL,"Active"
"Ultrahuman Healthcare Pvt Ltd","HNV/25-26/22","domestic","INR","PO-24-25-UH-00042","Tax Invoice","166420.00","9.00","9.00",NULL,"196375.60","196375.60","2025-04-09 11:27:41","196179.22","196.38","paid","2025-09-05 05:51:18",,NULL,"Active"
"Ultrahuman Healthcare Pvt Ltd","HNV/25-26/23","domestic","INR","PO-24-25-UH-00156","Tax Invoice","524160.00","9.00","9.00",NULL,"618508.80","618508.80","2025-04-09 14:22:06","537052.29","81456.51","pending","2025-12-15 09:55:51","RefS31216674",NULL,"Active"
"Ultrahuman Healthcare Pvt Ltd","HNV/25-26/24","domestic","INR","UH/PO/25-260000330","Tax Invoice","1058890.00","9.00","9.00",NULL,"1249490.20","1249490.20","2025-04-09 14:31:32","1248240.71","1249.49","paid","2025-09-05 05:51:00",,NULL,"Active"
"Ultrahuman Healthcare Pvt Ltd","HNV/25-26/25","domestic","INR","PO-24-25-UH-00156","Tax Invoice","504000.00","9.00","9.00",NULL,"594720.00","594720.00","2025-04-09 14:44:23","594125.28","594.72","paid","2025-12-15 10:33:57","Ref5i6yru3Y3XCuZCZhBZVn8 | 49L4ZL8DY33LY",NULL,"Active"
"I HUB for Robotics And Autonomous Systems  Innovation Foundation","HNV/25-26/26","domestic","INR","Mail Conformation","Tax Invoice","16909.40","9.00","9.00",NULL,"19953.09","19953.09","2025-04-10 07:46:11","0.00","19953.09","pending","2025-04-10 08:12:14",NULL,NULL,"Active"
"Ultrahuman Healthcare Pvt Ltd","HNV/25-26/27","domestic","INR","PO-24-25-UH-00042","Tax Invoice","110770.00","9.00","9.00",NULL,"130708.60","130708.60","2025-04-10 11:20:06","130708.60","0.00","paid","2025-09-05 05:48:06",,NULL,"Active"
"Nimble Robotics.","HNV/25-26/E/2","export","USD","#PO-8389","Tax Invoice","3170.70",NULL,NULL,NULL,"3170.70","271285.09","2025-04-10 11:44:51","3170.70","0.00","paid","2025-06-11 07:32:51","7D85XRXGNU",NULL,"Active"
"Ametek Instruments India Pvt Ltd.","HNV/25-26/28","domestic","INR","PO/24-25/02725","Tax Invoice","24439.62","9.00","9.00",NULL,"28838.75","28838.75","2025-04-10 12:29:01","0.00","28838.75","pending","2025-04-10 12:29:01",NULL,NULL,"Active"
"Asteria aerosapace limited","HNV/25-26/29","domestic","INR","PUR-ORD-2025-00302","Tax Invoice","13088.23","9.00","9.00",NULL,"15444.11","15444.11","2025-04-10 12:43:13","15444.11","0.00","paid","2025-09-12 11:20:07","S44076748",NULL,"Active"
"Asteria aerosapace limited","HNV/25-26/30","domestic","INR"," PUR-ORD-2025-00316","Tax Invoice","22993.68","9.00","9.00",NULL,"27132.54","27132.54","2025-04-10 12:48:09","27132.54","0.00","paid","2025-09-12 11:21:10","S44078019",NULL,"Active"
"Aequs Engineered Plastics Pvt Ltd","HNV/25-26/31","domestic","INR","4117011061","Tax Invoice","87950.00","0.00","0.00",NULL,"103781.00","103781.00","2025-04-10 12:49:16","0.00","103781.00","pending","2026-03-27 07:46:50",NULL,NULL,"Active"
"Asteria aerosapace limited","HNV/25-26/32","domestic","INR"," PUR-ORD-2025-00333","Tax Invoice","1768.00","9.00","9.00",NULL,"2086.24","2086.24","2025-04-10 12:52:01","2086.24","0.00","paid","2025-09-12 11:20:44","S44077720",NULL,"Active"
"Ultrahuman Healthcare Pvt Ltd","HNV/25-26/33","domestic","INR","PO-24-25-UH-00156","Tax Invoice","504000.00","9.00","9.00",NULL,"594720.00","594720.00","2025-04-10 13:22:11","594125.28","594.72","paid","2025-09-05 05:51:09",,NULL,"Active"
"Aequs Engineered Plastics Pvt Ltd","HNV/25-26/34","domestic","INR","4117011061","Tax Invoice","165500.00","0.00","0.00",NULL,"195290.00","195290.00","2025-04-10 13:36:09","0.00","195290.00","pending","2026-03-27 07:46:50",NULL,NULL,"Active"
"AMIDC Automation Technologies Pvt Ltd","HNV/25-26/35","domestic","INR","AMIDC/PO/00749/2024-25","Tax Invoice","28504.00","9.00","9.00",NULL,"33634.72","33634.72","2025-04-10 13:57:11","33064.00","570.72","paid","2026-03-28 05:42:13","IDFB604064226913","2026-02-09","Active"
"Ultrahuman Healthcare Pvt Ltd","HNV/25-26/36","domestic","INR","UH/PO/25-26/0000349","Tax Invoice","171190.00","9.00","9.00",NULL,"202004.20","202004.20","2025-04-11 11:27:44","201802.20","202.00","paid","2025-09-05 05:52:43",,NULL,"Active"
"Ultrahuman Healthcare Pvt Ltd","HNV/25-26/37","domestic","INR","PO-24-25-UH-N-010522","Tax Invoice","195876.00","6.00","6.00",NULL,"219381.12","219381.12","2025-04-11 11:34:16","219162.00","219.12","paid","2025-12-15 10:16:03","Ref5SrVEp7GT3djoNT58poKUQ | 49L4ZL8DYBJ8V",NULL,"Active"
"Ultrahuman Healthcare Pvt Ltd","HNV/25-26/38","domestic","INR","PO-24-25-UH-N-010241","Tax Invoice","284068.00","6.00","6.00",NULL,"318156.16","318156.16","2025-04-11 11:38:30","317838.00","318.16","paid","2025-09-05 05:29:25",,NULL,"Active"
"Ultrahuman Healthcare Pvt Ltd","HNV/25-26/39","domestic","INR","PO-24-25-UH-00156","Tax Invoice","504000.00","9.00","9.00",NULL,"594720.00","594720.00","2025-04-11 12:19:06","594125.28","594.72","paid","2025-09-05 05:48:26",,NULL,"Active"
"Ultrahuman Healthcare Pvt Ltd","HNV/25-26/40","domestic","INR","UH/PO/25-26/0000349","Tax Invoice","140450.00","9.00","9.00",NULL,"165731.00","165731.00","2025-04-12 11:31:14","165565.00","166.00","paid","2025-09-05 05:46:53",,NULL,"Active"
"Ultrahuman Healthcare Pvt Ltd","HNV/25-26/41","domestic","INR","#UH/PO/25-26/0000350","Tax Invoice","504000.00","9.00","9.00",NULL,"594720.00","594720.00","2025-04-12 12:27:38","594125.00","595.00","paid","2025-09-05 05:46:44",,NULL,"Active"
"Ultrahuman Healthcare Pvt Ltd","HNV/25-26/42","domestic","INR","UH/PO/25-26/0000349","Tax Invoice","143100.00","9.00","9.00",NULL,"168858.00","168858.00","2025-04-14 11:17:58","168689.00","169.00","paid","2025-09-05 05:47:25",,NULL,"Active"
"Ultrahuman Healthcare Pvt Ltd","HNV/25-26/43","domestic","INR","UH/PO/25-26/0000350","Tax Invoice","504000.00","9.00","9.00",NULL,"594720.00","594720.00","2025-04-14 12:42:01","594125.00","595.00","paid","2025-09-05 05:47:15",,NULL,"Active"
"Epifeast India Private Limited","HNV/25-26/44","domestic","INR","17038-04","Tax Invoice","12776.96","9.00","9.00",NULL,"15076.81","15076.81","2025-04-15 09:30:05","15076.00","0.81","paid","2025-04-30 15:37:13","511826187406 ",NULL,"Active"
"Ultrahuman Healthcare Pvt Ltd","HNV/25-26/45","domestic","INR","UH/PO/25-26/0000349","Tax Invoice","145750.00","9.00","9.00",NULL,"171985.00","171985.00","2025-04-15 11:48:06","171813.00","172.00","paid","2025-09-05 05:46:36",,NULL,"Active"
"Ultrahuman Healthcare Pvt Ltd","HNV/25-26/46","domestic","INR","UH/PO/25-26/0000350","Tax Invoice","378000.00","9.00","9.00",NULL,"446040.00","446040.00","2025-04-15 12:54:57","445593.96","446.04","paid","2025-09-05 05:49:05",,NULL,"Active"
"Aequs Engineered Plastics Pvt Ltd","HNV/25-26/47","domestic","INR","4117011061","Tax Invoice","83500.00","0.00","0.00",NULL,"98530.00","98530.00","2025-04-15 17:05:00","0.00","98530.00","pending","2026-03-27 07:46:50",NULL,NULL,"Active"
"Ultrahuman Healthcare Pvt Ltd","HNV/25-26/48","domestic","INR","UH/PO/25-26/0000349","Tax Invoice","76850.00","9.00","9.00",NULL,"90683.00","90683.00","2025-04-16 11:24:06","90592.32","90.68","paid","2025-09-05 05:48:38",,NULL,"Active"
"Ultrahuman Healthcare Pvt Ltd","HNV/25-26/49","domestic","INR","PO-24-25-UH-00156","Tax Invoice","504000.00","9.00","9.00",NULL,"594720.00","594720.00","2025-04-16 12:01:19","594125.28","594.72","paid","2025-09-05 05:48:16",,NULL,"Active"
"Rapture Innovation Labs Pvt. Ltd ","HNV/25-26/50","domestic","INR","DC-00060","Tax Invoice","78884.00","6.00","6.00",NULL,"88350.08","88350.08","2025-04-16 12:09:39","88350.08","0.00","paid","2026-01-06 06:01:27","015705017775","2025-06-21","Active"
"Ultrahuman Healthcare Pvt Ltd","HNV/25-26/51","domestic","INR","UH/PO/25-26/0000349","Tax Invoice","107590.00","9.00","9.00",NULL,"126956.20","126956.20","2025-04-17 11:36:17","126829.24","126.96","paid","2025-09-05 05:51:54",,NULL,"Active"
"Ultrahuman Healthcare Pvt Ltd","HNV/25-26/52","domestic","INR","UH/PO/25-26/0000349","Tax Invoice","161120.00","9.00","9.00",NULL,"190121.60","190121.60","2025-04-18 11:33:23","189931.48","190.12","paid","2025-09-05 05:49:51",,NULL,"Active"
"Ultrahuman Healthcare Pvt Ltd","HNV/25-26/53","domestic","INR","PO-24-25-UH-00156","Tax Invoice","252000.00","9.00","9.00",NULL,"297360.00","297360.00","2025-04-18 11:50:47","297062.00","298.00","paid","2025-09-05 05:46:28",,NULL,"Active"
"Ultrahuman Healthcare Pvt Ltd","HNV/25-26/54","domestic","INR","PO-24-25-UH-00262","Tax Invoice","659668.00","9.00","9.00",NULL,"778408.24","778408.24","2025-04-18 12:00:55","777630.00","778.24","paid","2025-09-05 05:29:14",,NULL,"Active"
"Ultrahuman Healthcare Pvt Ltd","HNV/25-26/55","domestic","INR","UH/PO/25-26/0000349","Tax Invoice","87450.00","9.00","9.00",NULL,"103191.00","103191.00","2025-04-19 11:49:30","103104.00","87.00","paid","2025-12-15 09:44:40","RefS63758193",NULL,"Active"
"Ultrahuman Healthcare Pvt Ltd","HNV/25-26/56","domestic","INR","PO-24-25-UH-00156","Tax Invoice","367500.00","9.00","9.00",NULL,"433650.00","433650.00","2025-04-19 13:03:30","433216.00","434.00","paid","2025-09-05 05:46:20",,NULL,"Active"
"Raison Tech ","HNV/25-26/57","domestic","INR","Mail Confirmation","Tax Invoice","7700.00","9.00","9.00",NULL,"9086.00","9086.00","2025-04-21 04:45:06","0.00","9086.00","pending","2025-04-21 04:45:06",NULL,NULL,"Active"
"Ultrahuman Healthcare Pvt Ltd","HNV/25-26/58","domestic","INR","UH/PO/25-26/0000370","Tax Invoice","12000.00","9.00","9.00",NULL,"14160.00","14160.00","2025-04-21 04:46:35","14145.84","14.16","paid","2025-12-15 10:33:22","Ref5i6yru3Y3XCuZCZhBZVn8 | 49L4ZL8DY33LY",NULL,"Active"
"Raison Tech ","HNV/25-26/59","domestic","INR","Mail Confirmation","Tax Invoice","275151.46","9.00","9.00",NULL,"324678.73","324678.73","2025-04-21 05:50:48","0.00","324678.73","pending","2025-04-21 05:50:48",NULL,NULL,"Active"
"Raison Tech ","HNV/25-26/60","domestic","INR","Mail Confermation","Tax Invoice","883604.88","9.00","9.00",NULL,"1042653.76","1042653.76","2025-04-21 05:56:59","0.00","1042653.76","pending","2025-04-21 06:54:46",NULL,NULL,"Active"
"Ultrahuman Healthcare Pvt Ltd","HNV/25-26/61","domestic","INR","PO-24-25-UH-00262","Tax Invoice","62566.00","9.00","9.00",NULL,"73827.88","73827.88","2025-04-21 07:57:58","73754.00","73.88","paid","2025-09-05 05:46:10",,NULL,"Active"
"Ultrahuman Healthcare Pvt Ltd","HNV/25-26/62","domestic","INR","UH/PO/25-26/0000349","Tax Invoice","169070.00","9.00","9.00",NULL,"199502.60","199502.60","2025-04-21 11:23:57","199303.00","199.60","paid","2025-09-05 05:46:01",,NULL,"Active"
"Nimble Robotics.","HNV/25-26/E/3","export","USD","PO-8389","Tax Invoice","7398.30",NULL,NULL,NULL,"7398.30","632998.55","2025-04-22 06:53:00","7494.00","-95.70","paid","2025-06-11 07:33:16","NH27E3UQRS",NULL,"Active"
"Ultrahuman Healthcare Pvt Ltd","HNV/25-26/63","domestic","INR","UH/PO/25-26/0000349","Tax Invoice","93810.00","9.00","9.00",NULL,"110695.80","110695.80","2025-04-22 11:20:37","110585.10","110.70","paid","2025-09-05 05:52:05",,NULL,"Active"
"Sansera Engineering Ltd Plant-11","HNV/25-26/64","domestic","INR","Mail Confirmation","Tax Invoice","41950.00","9.00","9.00",NULL,"49501.00","49501.00","2025-04-22 12:22:27","49459.00","42.00","paid","2025-08-07 06:03:11","CITIN25564821125",NULL,"Active"
"Ultrahuman Healthcare Pvt Ltd","HNV/25-26/65","domestic","INR","PO-24-25-UH-00156","Tax Invoice","252000.00","9.00","9.00",NULL,"297360.00","297360.00","2025-04-22 14:08:13","297062.00","298.00","paid","2025-09-05 05:45:52",,NULL,"Active"
"Ultrahuman Healthcare Pvt Ltd","HNV/25-26/66","domestic","INR","UH/PO/25-26/0000349","Tax Invoice","152640.00","9.00","9.00",NULL,"180115.20","180115.20","2025-04-23 14:17:52","179963.00","152.20","paid","2025-12-15 09:59:25","Ref7MwmiHB0HAKgE8orbn6H2h | 49L4ZL8DEYBK4",NULL,"Active"
"Aequs Engineered Plastics Pvt Ltd","HNV/25-26/67","domestic","INR","4117011061","Tax Invoice","108350.00","0.00","0.00",NULL,"127853.00","127853.00","2025-04-23 17:07:52","0.00","127853.00","pending","2026-03-27 07:46:50",NULL,NULL,"Active"
"Ultrahuman Healthcare Pvt Ltd","HNV/25-26/68","domestic","INR"," PO-24-25-UH-00156","Tax Invoice","252000.00","9.00","9.00",NULL,"297360.00","297360.00","2025-04-24 07:10:18","297062.00","298.00","paid","2025-09-05 05:45:40",,NULL,"Active"
"Ultrahuman Healthcare Pvt Ltd","HNV/25-26/69","domestic","INR","UH/PO/25-26/0000349","Tax Invoice","145220.00","9.00","9.00",NULL,"171359.60","171359.60","2025-04-24 11:29:41","171188.24","171.36","paid","2026-02-12 07:58:18","HSBCR22025062730910444, ICIN417454548667","2025-06-26","Active"
"Ultrahuman Healthcare Pvt Ltd","HNV/25-26/70","domestic","INR"," PO-24-25-UH-00156","Tax Invoice","252000.00","9.00","9.00",NULL,"297360.00","297360.00","2025-04-24 13:14:25","297062.64","297.36","paid","2025-09-05 05:44:24",,NULL,"Active"
"ERZIA Technologies","HNV/25-26/E/4","export","EUR","Mail Confirmation","Proforma Invoice","2.00",NULL,NULL,NULL,"2.00","194.20","2025-04-25 06:22:43","0.00","2.00","pending","2025-04-26 07:29:56",NULL,NULL,"Active"
"Ametek, thermal process management,Universal Analyzers  Barben Analytical","HNV/25-26/E/5","export","USD"," 524882","Tax Invoice","563.60",NULL,NULL,NULL,"563.60","49033.20","2025-04-25 06:48:37","563.60","0.00","paid","2025-09-12 08:13:44","1332190 Shipping bill number",NULL,"Active"
"Hylio, Inc","HNV/25-26/E/6","export","USD","P3890","Proforma Invoice","6909.63",NULL,NULL,NULL,"6909.63","591187.94","2025-04-25 07:28:30","6909.63","0.00","paid","2025-07-10 07:09:37","Paid on 23-Apr",NULL,"Active"
"Ultrahuman Healthcare Pvt Ltd","HNV/25-26/71","domestic","INR","UH/PO/25-26/0000349","Tax Invoice","103880.00","9.00","9.00",NULL,"122578.40","122578.40","2025-04-25 11:32:32","122455.82","122.58","paid","2025-09-05 05:47:44",,NULL,"Active"
"Ultrahuman Healthcare Pvt Ltd","HNV/25-26/72","domestic","INR","PO-24-25-UH-00156","Tax Invoice","252000.00","9.00","9.00",NULL,"297360.00","297360.00","2025-04-25 12:43:53","297062.64","297.36","paid","2025-09-05 05:44:16",,NULL,"Active"
"Ultrahuman Healthcare Pvt Ltd","HNV/25-26/73","domestic","INR","PO-24-25-UH-00156","Tax Invoice","189000.00","9.00","9.00",NULL,"223020.00","223020.00","2025-04-25 15:28:10","222796.98","223.02","paid","2025-09-05 05:44:07",,NULL,"Active"
"Ultrahuman Healthcare Pvt Ltd","HNV/25-26/74","domestic","INR","PO-24-25-UH-00156","Tax Invoice","189000.00","9.00","9.00",NULL,"223020.00","223020.00","2025-04-26 10:35:45","222796.98","223.02","paid","2025-09-05 05:44:00",,NULL,"Active"
"Ultrahuman Healthcare Pvt Ltd","HNV/25-26/75","domestic","INR","UH/PO/25-26/0000349","Tax Invoice","92750.00","9.00","9.00",NULL,"109445.00","109445.00","2025-04-26 11:33:47","0.00","109445.00","pending","2026-03-27 07:46:50",NULL,NULL,"Active"
"Ultrahuman Healthcare Pvt Ltd","HNV/25-26/76","domestic","INR","UH/PO/25-26/0000349","Tax Invoice","117130.00","9.00","9.00",NULL,"138213.40","138213.40","2025-04-26 11:37:08","138075.19","138.21","paid","2025-09-05 05:43:53",,NULL,"Active"
"Ultrahuman Healthcare Pvt Ltd","HNV/25-26/77","domestic","INR","PO-24-25-UH-00156","Tax Invoice","315000.00","9.00","9.00",NULL,"371700.00","371700.00","2025-04-26 13:25:19","371328.30","371.70","paid","2025-09-05 05:43:45",,NULL,"Active"
"Ultrahuman Healthcare Pvt Ltd","HNV/25-26/81","domestic","INR","HNV/25-26/79","Tax Invoice","435000.00","9.00","9.00",NULL,"513300.00","513300.00","2025-04-27 12:39:10","513300.00","0.00","paid","2025-09-05 05:42:58",,NULL,"Active"
"AMIDC Automation Technologies Pvt Ltd","HNV/25-26/78","domestic","INR","AMIDC/PO/00081/2025-26 ; AMIDC/PO/00082/2025-26","Tax Invoice","4050.00","9.00","9.00",NULL,"4779.00","4779.00","2025-04-28 06:00:22","4698.00","81.00","paid","2026-03-28 05:35:26","IDFB605166390531","2026-02-20","Active"
"AMIDC Automation Technologies Pvt Ltd","HNV/25-26/79","domestic","INR","AMIDC/PO/00008/2025-26","Tax Invoice","2875.00","9.00","9.00",NULL,"3392.50","3392.50","2025-04-28 06:02:49","3334.50","58.00","paid","2026-03-28 06:17:17","IDFB604064226913","2026-02-09","Active"
"Ultrahuman Healthcare Pvt Ltd","HNV/25-26/82","domestic","INR"," UH/PO/25-26/0000349","Tax Invoice","86920.00","9.00","9.00",NULL,"102565.60","102565.60","2025-04-28 11:20:59","102463.03","102.57","paid","2025-12-15 10:44:49","Ref5E70VbZDC8n9FeyQS04wsn | 49L4ZL8D8H3FN",NULL,"Active"
"ALLEGION INDIA PRIVATE LIMITED","HNV/25-26/80","domestic","INR"," PO25-00239","Tax Invoice","28474.58","9.00","9.00",NULL,"33600.00","33600.00","2025-04-28 12:51:13","33600.00","0.00","paid","2025-06-09 04:48:46","CITIN25575829712",NULL,"Active"
"Ultrahuman Healthcare Pvt Ltd","HNV/25-26/83","domestic","INR"," PO-24-25-UH-00156","Tax Invoice","378000.00","9.00","9.00",NULL,"446040.00","446040.00","2025-04-28 14:07:47","445593.96","446.04","paid","2025-09-05 05:41:23",,NULL,"Active"
"Ultrahuman Healthcare Pvt Ltd","HNV/25-26/84","domestic","INR","UH/PO/25-26/0000349","Tax Invoice","113950.00","9.00","9.00",NULL,"134461.00","134461.00","2025-04-29 11:39:10","134326.54","134.46","paid","2025-09-05 05:41:08",,NULL,"Active"
"Ultrahuman Healthcare Pvt Ltd","HNV/25-26/85","domestic","INR","PO-24-25-UH-00156","Tax Invoice","378000.00","9.00","9.00",NULL,"446040.00","446040.00","2025-04-29 14:19:57","445662.00","378.00","paid","2025-12-15 09:45:48","RefS63756904",NULL,"Active"
"Vasmed Health Science Private Limited","HNV/25-26/86","domestic","INR","PUR-ORD-2025-00091","Tax Invoice","10816.00","9.00","9.00",NULL,"12762.88","12762.88","2025-04-30 07:49:28","12763.00","-0.12","paid","2025-05-22 05:38:06","CMS1412508882772",NULL,"Active"
"Ultrahuman Healthcare Pvt Ltd","HNV/25-26/87","domestic","INR","UH/PO/25-26/0000349","Tax Invoice","138860.00","9.00","9.00",NULL,"163854.80","163854.80","2025-04-30 11:49:50","163691.00","163.80","paid","2025-09-05 05:42:51",,NULL,"Active"
"Ultrahuman Healthcare Pvt Ltd","HNV/25-26/88","domestic","INR","PO-24-25-UH-00156","Tax Invoice","504000.00","9.00","9.00",NULL,"594720.00","594720.00","2025-04-30 14:17:47","594125.00","595.00","paid","2025-09-05 05:42:43",,NULL,"Active"
"Wilder Technologies, LLC","HNV/25-26/E/7","export","USD","5618","Tax Invoice","1095.00",NULL,NULL,NULL,"1095.00","91301.10","2025-04-30 15:13:18","1095.00","0.00","paid","2025-06-02 08:17:50","12030923305",NULL,"Active"
"Wilder Technologies, LLC","HNV/25-26/E/8","export","USD","5637","Tax Invoice","3567.00",NULL,NULL,NULL,"3567.00","297416.46","2025-04-30 15:17:09","3567.00","0.00","paid","2025-06-02 08:18:09","12030923305",NULL,"Active"
"Nimble Robotics.","HNV/25-26/E/9","export","USD","#PO-8535","Tax Invoice","2833.15",NULL,NULL,NULL,"2833.15","242404.31","2025-04-30 15:23:57","2833.15","0.00","paid","2025-06-11 07:33:38","ZXG3KKMVXJ",NULL,"Active"
"Ultrahuman Healthcare Pvt Ltd","HNV/25-26/89","domestic","INR","UH/PO/25-26/0000349","Tax Invoice","107060.00","9.00","9.00",NULL,"126330.80","126330.80","2025-05-02 11:31:03","126204.47","126.33","paid","2025-09-05 05:40:55",,NULL,"Active"
"Ultrahuman Healthcare Pvt Ltd","HNV/25-26/90","domestic","INR"," PO-24-25-UH-00156","Tax Invoice","504000.00","9.00","9.00",NULL,"594720.00","594720.00","2025-05-02 12:27:04","594125.28","594.72","paid","2025-09-05 05:35:06",,NULL,"Active"
"Ultrahuman Healthcare Pvt Ltd","HNV/25-26/91","domestic","INR","UH/PO/25-26/0000349","Tax Invoice","163770.00","9.00","9.00",NULL,"193248.60","193248.60","2025-05-03 11:37:08","193055.35","193.25","paid","2025-09-05 05:34:58",,NULL,"Active"
"Ultrahuman Healthcare Pvt Ltd","HNV/25-26/92","domestic","INR","PO-24-25-UH-00156","Tax Invoice","504000.00","9.00","9.00",NULL,"594720.00","594720.00","2025-05-03 12:44:25","594125.28","594.72","paid","2025-09-05 05:34:50",,NULL,"Active"
"Algofet Private Limited","HNV/25-26/93","domestic","INR","2025-26/AF/0003","Proforma Invoice","95000.00","9.00","9.00",NULL,"112100.00","112100.00","2025-05-05 09:12:57","0.00","112100.00","pending","2025-05-05 09:31:08",NULL,NULL,"Active"
"Algofet Private Limited","HNV/25-26/94","domestic","INR"," 2025-26/AF/0006","Proforma Invoice","88000.00","9.00","9.00",NULL,"103840.00","103840.00","2025-05-05 09:38:07","0.00","103840.00","pending","2025-05-05 10:42:44",NULL,NULL,"Active"
"Ultrahuman Healthcare Pvt Ltd","HNV/25-26/95","domestic","INR","UH/PO/25-26/0000349","Tax Invoice","167480.00","9.00","9.00",NULL,"197626.40","197626.40","2025-05-05 11:40:02","197429.00","197.40","paid","2025-09-05 05:34:43",,NULL,"Active"
"Shanthi Gears Limited","HNV/25-26/96","domestic","INR","224020495; 224018450; 224015987","Tax Invoice","41363.00",NULL,NULL,"18.00","48808.34","48808.34","2025-05-05 13:28:26","0.00","48808.34","pending","2026-03-27 07:46:50",NULL,NULL,"Active"
"Shanthi Gears Limited","HNV/25-26/97","domestic","INR","224018530","Tax Invoice","149250.00",NULL,NULL,"18.00","176115.00","176115.00","2025-05-05 13:56:09","0.00","176115.00","pending","2026-03-27 07:46:50",NULL,NULL,"Active"
"Shanthi Gears Limited","HNV/25-26/98","domestic","INR","224020496","Tax Invoice","18640.00",NULL,NULL,"18.00","21995.20","21995.20","2025-05-05 14:03:50","0.00","21995.20","pending","2026-03-27 07:46:50",NULL,NULL,"Active"
"Ultrahuman Healthcare Pvt Ltd","HNV/25-26/99","domestic","INR","PO-24-25-UH-00156","Tax Invoice","504000.00","9.00","9.00",NULL,"594720.00","594720.00","2025-05-06 05:22:43","594125.00","595.00","paid","2025-09-05 05:34:33",,NULL,"Active"
"Ultrahuman Healthcare Pvt Ltd","HNV/25-26/100","domestic","INR","UH/PO/25-26/0000349","Tax Invoice","196100.00","9.00","9.00",NULL,"231398.00","231398.00","2025-05-06 11:40:25","231167.00","231.00","paid","2025-09-05 05:42:02",,NULL,"Active"
"Aequs Engineered Plastics Pvt Ltd","HNV/25-26/101","domestic","INR","4117011292","Tax Invoice","11250.00","0.00","0.00",NULL,"13275.00","13275.00","2025-05-06 11:49:00","0.00","13275.00","pending","2026-03-27 07:46:50",NULL,NULL,"Active"
"Shanthi Gears Limited","HNV/25-26/102","domestic","INR","224019440","Tax Invoice","15000.00",NULL,NULL,"18.00","17700.00","17700.00","2025-05-06 12:01:28","0.00","17700.00","pending","2026-03-27 07:46:50",NULL,NULL,"Active"
"Shanthi Gears Limited","HNV/25-26/103","domestic","INR","224015987","Tax Invoice","40032.00",NULL,NULL,"18.00","47237.76","47237.76","2025-05-06 13:42:10","0.00","47237.76","pending","2025-05-06 13:42:10",NULL,NULL,"Active"
"Shanthi Gears Limited","HNV/25-26/105","domestic","INR","224015992","Tax Invoice","174750.00",NULL,NULL,"18.00","206205.00","206205.00","2025-05-06 13:50:23","0.00","206205.00","pending","2025-05-06 13:50:23",NULL,NULL,"Active"
"Ultrahuman Healthcare Pvt Ltd","HNV/25-26/106","domestic","INR","UH/PO/25-26/0000349","Tax Invoice","124020.00","9.00","9.00",NULL,"146343.60","146343.60","2025-05-07 11:25:20","146197.00","146.60","paid","2025-09-05 05:34:20",,NULL,"Active"
"MayMaan Research, Inc.","HNV/25-26/E/10","export","USD"," MM202504-003","Tax Invoice","5046.87",NULL,NULL,NULL,"5046.87","435040.19","2025-05-08 04:49:58","5046.87","0.00","paid","2025-07-23 10:11:44",,NULL,"Active"
"MayMaan Research, Inc.","HNV/25-26/E/11","export","USD","MM202504-003","Tax Invoice","1594.15",NULL,NULL,NULL,"1594.15","146024.14","2025-05-08 04:58:42","1594.15","0.00","paid","2025-07-23 10:11:52",,NULL,"Active"
"Ultrahuman Healthcare Pvt Ltd","HNV/25-26/107","domestic","INR","PO-24-25-UH-00156","Tax Invoice","348000.00","9.00","9.00",NULL,"410640.00","410640.00","2025-05-08 06:00:10","410229.36","410.64","paid","2025-09-05 05:34:10",,NULL,"Active"
"Nimble Robotics.","HNV/25-26/E/12","export","USD","PO-8389","Tax Invoice","10569.00",NULL,NULL,NULL,"10569.00","904283.64","2025-05-08 08:43:34","10569.00","0.00","paid","2025-06-16 12:27:13","MHF6NS9NC7",NULL,"Active"
"Ultrahuman Healthcare Pvt Ltd","HNV/25-26/108","domestic","INR","UH/PO/25-26/0000349","Tax Invoice","161120.00","9.00","9.00",NULL,"190121.60","190121.60","2025-05-08 11:29:03","189931.48","190.12","paid","2025-09-05 05:34:02",,NULL,"Active"
"Ultrahuman Healthcare Pvt Ltd","HNV/25-26/109","domestic","INR"," PO-24-25-UH-00156","Tax Invoice","406000.00","9.00","9.00",NULL,"479080.00","479080.00","2025-05-08 15:00:21","478600.92","479.08","paid","2025-09-05 05:33:54",,NULL,"Active"
"Ultrahuman Healthcare Pvt Ltd","HNV/25-26/110","domestic","INR","PO-24-25-UH-00156","Tax Invoice","348000.00","9.00","9.00",NULL,"410640.00","410640.00","2025-05-09 07:18:55","410229.00","411.00","paid","2025-09-05 05:33:45",,NULL,"Active"
"Ultrahuman Healthcare Pvt Ltd","HNV/25-26/111","domestic","INR","HNV/25-26/108","Tax Invoice","128260.00","9.00","9.00",NULL,"151346.80","151346.80","2025-05-09 11:30:02","151195.00","151.80","paid","2025-09-05 05:33:36",,NULL,"Active"
"Ultrahuman Healthcare Pvt Ltd","HNV/25-26/112","domestic","INR","HNV/25-26/110","Tax Invoice","504000.00","9.00","9.00",NULL,"594720.00","594720.00","2025-05-09 14:18:22","594125.00","595.00","paid","2025-09-05 05:33:27",,NULL,"Active"
"Nimble Robotics.","HNV/25-26/E/14","export","USD"," PO-8446","Tax Invoice","494.83",NULL,NULL,NULL,"494.83","43050.21","2025-05-10 09:52:38","494.83","0.00","paid","2025-09-15 05:22:44","JUM26975WV",NULL,"Active"
"Ultrahuman Healthcare Pvt Ltd","HNV/25-26/113","domestic","INR","UH/PO/25-26/0000349","Tax Invoice","68370.00","9.00","9.00",NULL,"80676.60","80676.60","2025-05-10 11:14:42","80596.00","80.60","paid","2025-09-05 05:30:19",,NULL,"Active"
"Ultrahuman Healthcare Pvt Ltd","HNV/25-26/114","domestic","INR","PO-24-25-UH-00156","Tax Invoice","504000.00","9.00","9.00",NULL,"594720.00","594720.00","2025-05-10 15:12:57","594125.00","595.00","paid","2025-09-05 05:30:08",,NULL,"Active"
"Ultrahuman Healthcare Pvt Ltd","HNV/25-26/115","domestic","INR","UH/PO/25-26/0000663","Tax Invoice","538510.00","9.00","9.00",NULL,"635441.80","635441.80","2025-05-10 15:21:32","634806.00","635.80","paid","2025-09-05 05:29:57",,NULL,"Active"
"Ultrahuman Healthcare Pvt Ltd","HNV/25-26/116","domestic","INR","PO-24-25-UH-00156","Tax Invoice","252000.00","9.00","9.00",NULL,"297360.00","297360.00","2025-05-11 10:47:32","297063.00","297.00","paid","2025-09-05 05:41:52",,NULL,"Active"
"Nimble Robotics.","HNV/25-26/E/13","export","USD","PO-8447","Tax Invoice","20653.00",NULL,NULL,NULL,"20653.00","1767070.68","2025-05-12 07:16:47","20595.40","57.60","paid","2025-07-18 07:41:41","A2XW77N4E9",NULL,"Active"
"Ultrahuman Healthcare Pvt Ltd","HNV/25-26/117","domestic","INR"," UH/PO/25-26/0000349","Tax Invoice","27560.00","9.00","9.00",NULL,"32520.80","32520.80","2025-05-12 11:30:10","32488.00","32.80","paid","2025-09-05 05:33:20",,NULL,"Active"
"Ultrahuman Healthcare Pvt Ltd","HNV/25-26/118","domestic","INR"," PO-24-25-UH-00156","Tax Invoice","178500.00","9.00","9.00",NULL,"210630.00","210630.00","2025-05-12 13:43:26","210419.00","211.00","paid","2025-09-05 05:33:08",,NULL,"Active"
"Ultrahuman Healthcare Pvt Ltd","HNV/25-26/119","domestic","INR","UH/PO/25-26/0000433","Tax Invoice","329035.00","9.00","9.00",NULL,"388261.30","388261.30","2025-05-12 13:45:54","387873.00","388.30","paid","2025-09-05 05:31:41",,NULL,"Active"
"Nimble Robotics.","HNV/25-26/E/15","export","USD","PO-8447","Tax Invoice","8297.30",NULL,NULL,NULL,"8297.30","715227.26","2025-05-13 06:14:35","8297.30","0.00","paid","2025-07-28 06:43:59","VFH3RANZPJ",NULL,"Active"
"Ultrahuman Healthcare Pvt Ltd","HNV/25-26/120","domestic","INR","PO-24-25-UH-00156","Tax Invoice","504000.00","9.00","9.00",NULL,"594720.00","594720.00","2025-05-13 13:18:04","594125.00","595.00","paid","2025-09-05 05:31:32",,NULL,"Active"
"Hylio, Inc","HNV/25-26/E/16","export","USD","P3774","Tax Invoice","4433.07",NULL,NULL,NULL,"4433.07","379293.47","2025-05-14 05:58:58","4428.07","5.00","paid","2025-07-10 07:07:37","Paid on 15-May",NULL,"Active"
"3D Energy SRL","HNV/25-26/E/17","export","EUR","3D-PR-SC-001	","Tax Invoice","60000.00",NULL,NULL,NULL,"60000.00","6139200.00","2025-05-14 07:09:46","60000.00","0.00","paid","2025-11-17 06:41:44",,NULL,"Active"
"Wilder Technologies, LLC","HNV/25-26/E/18","export","USD","5644","Tax Invoice","1876.35",NULL,NULL,NULL,"1876.35","156450.06","2025-05-14 10:15:36","1876.35","0.00","paid","2025-06-02 08:18:36","12030923305",NULL,"Active"
"Ultrahuman Healthcare Pvt Ltd","HNV/25-26/121","domestic","INR","PO-24-25-UH-00156","Tax Invoice","378000.00","9.00","9.00",NULL,"446040.00","446040.00","2025-05-14 13:19:27","445594.00","446.00","paid","2025-09-05 05:31:23",,NULL,"Active"
"Ultrahuman Healthcare Pvt Ltd","HNV/25-26/122","domestic","INR"," UH/PO/25-26/0000663","Tax Invoice","199185.00","9.00","9.00",NULL,"235038.30","235038.30","2025-05-14 13:22:54","234803.00","235.30","paid","2025-09-05 05:31:13",,NULL,"Active"
"Aequs Engineered Plastics Pvt Ltd","HNV/25-26/104","domestic","INR","4117011061","Tax Invoice","110000.00","0.00","0.00",NULL,"111000.00","111000.00","2025-05-15 04:26:55","0.00","111000.00","pending","2026-03-25 10:09:21",NULL,NULL,"Active"
"AMIDC Automation Technologies Pvt Ltd","HNV/25-26/124","domestic","INR","#AMIDC/PO/00170/2025-26","Tax Invoice","7550.00","9.00","9.00",NULL,"8909.00","8909.00","2025-05-15 04:31:27","8758.00","151.00","paid","2026-04-02 07:54:50","IDFBH25219093","2025-08-07","Active"
"AMIDC Automation Technologies Pvt Ltd","HNV/25-26/125","domestic","INR","#AMIDC/PO/00173/2025-26","Tax Invoice","21200.00","9.00","9.00",NULL,"25016.00","25016.00","2025-05-15 04:34:31","24592.00","424.00","paid","2026-04-02 07:55:34","IDFBH25219093","2025-08-07","Active"
"AMIDC Automation Technologies Pvt Ltd","HNV/25-26/123","domestic","INR","#AMIDC/PO/00169/2025-26","Tax Invoice","6930.00","9.00","9.00",NULL,"8177.40","8177.40","2025-05-15 04:39:29","8038.00","139.40","paid","2026-04-02 07:54:16","IDFBH25219093","2025-08-07","Active"
"ALLEGION INDIA PRIVATE LIMITED","HNV/25-26/126","domestic","INR","PO25-00043","Tax Invoice","61250.00","9.00","9.00",NULL,"72275.00","72275.00","2025-05-15 10:17:52","72275.00","0.00","paid","2026-03-05 11:52:17","CITIN25595243639",NULL,"Active"
"Ultrahuman Healthcare Pvt Ltd","HNV/25-26/127","domestic","INR","UH/PO/25-26/0000349","Tax Invoice","10070.00","9.00","9.00",NULL,"11882.60","11882.60","2025-05-15 11:27:13","11870.72","11.88","paid","2025-09-05 05:31:05",,NULL,"Active"
"Ultrahuman Healthcare Pvt Ltd","HNV/25-26/128","domestic","INR"," PO-24-25-UH-00156","Tax Invoice","504000.00","9.00","9.00",NULL,"594720.00","594720.00","2025-05-15 12:56:19","594125.64","594.36","paid","2025-09-05 05:41:43",,NULL,"Active"
"Ultrahuman Healthcare Pvt Ltd","HNV/25-26/129","domestic","INR","UH/PO/25-26/0000663","Tax Invoice","98980.00","9.00","9.00",NULL,"116796.40","116796.40","2025-05-15 12:57:33","116679.96","116.44","paid","2025-09-05 05:41:35",,NULL,"Active"
"AMIDC Automation Technologies Pvt Ltd","HNV/25-26/130","domestic","INR","AMIDC/PO/00172/2025-26","Tax Invoice","11490.00","9.00","9.00",NULL,"13558.20","13558.20","2025-05-15 13:42:24","13328.00","230.20","paid","2026-04-02 07:56:13","IDFBH25219093","2025-08-07","Active"
"Ultrahuman Healthcare Pvt Ltd","HNV/25-26/131","domestic","INR","UH/PO/25-26/0000349","Tax Invoice","128260.00","9.00","9.00",NULL,"151346.80","151346.80","2025-05-16 11:29:07","151195.45","151.35","paid","2025-09-05 05:30:56",,NULL,"Active"
"Wilder Technologies, LLC","HNV/25-26/E/19","export","USD","5647","Tax Invoice","1976.10",NULL,NULL,NULL,"1976.10","164767.22","2025-05-16 11:37:45","1976.10","0.00","paid","2025-06-02 08:18:24","12030923305",NULL,"Active"
"Ultrahuman Healthcare Pvt Ltd","HNV/25-26/132","domestic","INR","UH/PO/25-26/0000350","Tax Invoice","630000.00","9.00","9.00",NULL,"743400.00","743400.00","2025-05-16 14:24:11","742656.60","743.40","paid","2025-09-05 05:30:47",,NULL,"Active"
"Ultrahuman Healthcare Pvt Ltd","HNV/25-26/133","domestic","INR","UH/PO/25-26/0000663","Tax Invoice","60270.00","9.00","9.00",NULL,"71118.60","71118.60","2025-05-16 14:26:42","71047.48","71.12","paid","2025-09-05 05:30:39",,NULL,"Active"
"Ultrahuman Healthcare Pvt Ltd","HNV/25-26/134","domestic","INR","UH/PO/25-26/0000349","Tax Invoice","136740.00","9.00","9.00",NULL,"161353.20","161353.20","2025-05-17 11:29:56","161192.00","161.20","paid","2025-09-05 05:28:50",,NULL,"Active"
"Ultrahuman Healthcare Pvt Ltd","HNV/25-26/135","domestic","INR","UH/PO/25-26/0000350","Tax Invoice","630000.00","9.00","9.00",NULL,"743400.00","743400.00","2025-05-17 13:00:49","742657.00","743.00","paid","2025-09-05 05:29:48",,NULL,"Active"
"Ultrahuman Healthcare Pvt Ltd","HNV/25-26/136","domestic","INR","UH/PO/25-26/0000663","Tax Invoice","32095.00","9.00","9.00",NULL,"37872.10","37872.10","2025-05-17 13:02:49","37834.00","38.10","paid","2025-09-05 05:29:39",,NULL,"Active"
"Nimble Robotics.","HNV/25-26/E/20","export","USD","PO-8389","Tax Invoice","10569.00",NULL,NULL,NULL,"10569.00","904283.64","2025-05-19 05:48:00","10569.00","0.00","paid","2025-06-16 12:26:49","2T8DJ74U4K",NULL,"Active"
"Nimble Robotics.","HNV/25-26/E/21","export","USD","PO-8447","Tax Invoice","25788.70",NULL,NULL,NULL,"25788.70","2222985.94","2025-05-19 09:28:01","25788.70","0.00","paid","2025-07-28 06:44:38","CPS8D8ZXC7",NULL,"Active"
"Ultrahuman Healthcare Pvt Ltd","HNV/25-26/137","domestic","INR","UH/PO/25-26/0000349","Tax Invoice","135150.00","9.00","9.00",NULL,"159477.00","159477.00","2025-05-19 11:45:09","159318.00","159.00","paid","2025-09-05 05:28:42",,NULL,"Active"
"AMIDC Automation Technologies Pvt Ltd","HNV/25-26/138","domestic","INR","#AMIDC/PO/00184/2025-26","Tax Invoice","17280.00","9.00","9.00",NULL,"20390.40","20390.40","2025-05-19 13:08:36","20044.00","346.40","paid","2026-04-02 07:56:38","IDFBH25219093","2025-08-07","Active"
"Ultrahuman Healthcare Pvt Ltd","HNV/25-26/139","domestic","INR","#PO-24-25-UH-00264","Tax Invoice","661500.00","9.00","9.00",NULL,"780570.00","780570.00","2025-05-19 14:50:03","779789.00","781.00","paid","2025-09-05 05:28:33",,NULL,"Active"
"Ultrahuman Healthcare Pvt Ltd","HNV/25-26/140","domestic","INR"," UH/PO/25-26/0000663","Tax Invoice","112700.00","9.00","9.00",NULL,"132986.00","132986.00","2025-05-19 14:53:13","132853.00","133.00","paid","2025-09-05 05:28:24",,NULL,"Active"
"AMIDC Automation Technologies Pvt Ltd","HNV/25-26/141","domestic","INR","#AMIDC/PO/00158/2025-26","Tax Invoice","13800.00","9.00","9.00",NULL,"16284.00","16284.00","2025-05-20 05:27:29","16008.00","276.00","paid","2026-04-02 07:57:01","IDFBH25219093","2025-08-07","Active"
"Micropoise Measurement Systems Ametek ","HNV/25-26/E/22","export","USD","PR-032825-0002","Tax Invoice","161.40",NULL,NULL,NULL,"161.40","14784.24","2025-05-20 06:55:20","161.40","0.00","paid","2026-02-06 06:19:29",NULL,"2025-06-26","Active"
"Nimble Robotics.","HNV/25-26/E/23","export","USD","PO-8446","Tax Invoice","989.66",NULL,NULL,NULL,"989.66","86100.42","2025-05-20 07:51:49","989.66","0.00","paid","2025-09-18 03:12:25","SCDJGSQP4U",NULL,"Active"
"Ultrahuman Healthcare Pvt Ltd","HNV/25-26/142","domestic","INR","UH/PO/25-26/0000349","Tax Invoice","108120.00","9.00","9.00",NULL,"127581.60","127581.60","2025-05-20 11:29:48","127454.00","127.60","paid","2025-09-05 05:28:14",,NULL,"Active"
"Ultrahuman Healthcare Pvt Ltd","HNV/25-26/143","domestic","INR"," UH/PO/25-26/0000350","Tax Invoice","420000.00","9.00","9.00",NULL,"495600.00","495600.00","2025-05-20 13:25:12","495104.00","496.00","paid","2025-09-05 05:28:07",,NULL,"Active"
"Nimble Robotics.","HNV/25-26/E/24","export","USD","PO-8798","Tax Invoice","1155.20",NULL,NULL,NULL,"1155.20","103020.74","2025-05-21 08:01:50","1155.20","0.00","paid","2025-12-12 13:23:55","48XGUXBJZJ",NULL,"Active"
"Ultrahuman Healthcare Pvt Ltd","HNV/25-26/144","domestic","INR","UH/PO/25-26/0000349","Tax Invoice","90630.00","9.00","9.00",NULL,"106943.40","106943.40","2025-05-21 11:27:13","106836.00","107.40","paid","2025-09-05 05:27:58",,NULL,"Active"
"Ultrahuman Healthcare Pvt Ltd","HNV/25-26/145","domestic","INR"," UH/PO/25-26/0000350","Tax Invoice","504000.00","9.00","9.00",NULL,"594720.00","594720.00","2025-05-21 14:36:45","594125.00","595.00","paid","2025-09-05 05:27:50",,NULL,"Active"
"Ultrahuman Healthcare Pvt Ltd","HNV/25-26/146","domestic","INR","UH/PO/25-26/0000663","Tax Invoice","148470.00","9.00","9.00",NULL,"175194.60","175194.60","2025-05-21 14:39:06","175019.00","175.60","paid","2025-09-05 05:27:41",,NULL,"Active"
"Ultrahuman Healthcare Pvt Ltd","HNV/25-26/147","domestic","INR","UH/PO/25-26/0000349","Tax Invoice","111300.00","9.00","9.00",NULL,"131334.00","131334.00","2025-05-22 11:30:41","131202.27","131.73","paid","2025-12-15 10:36:01","Ref5i6yru3Y3XCuZCZhBZVn8 | 49L4ZL8DY33LY",NULL,"Active"
"Nimble Robotics.","HNV/25-26/E/25","export","USD","PO-8447","Tax Invoice","6456.53",NULL,NULL,NULL,"6456.53","556552.89","2025-05-22 12:37:05","6456.53","0.00","paid","2025-07-28 06:45:33","F7TJSC6AB7",NULL,"Active"
"Ultrahuman Healthcare Pvt Ltd","HNV/25-26/148","domestic","INR"," UH/PO/25-26/0000350","Tax Invoice","252000.00","9.00","9.00",NULL,"297360.00","297360.00","2025-05-22 12:53:14","297062.64","297.36","paid","2025-12-15 10:34:33","Ref5i6yru3Y3XCuZCZhBZVn8 | 49L4ZL8DY33LY",NULL,"Active"
"Ultrahuman Healthcare Pvt Ltd","HNV/25-26/149","domestic","INR","UH/PO/25-26/0000350","Tax Invoice","252000.00","9.00","9.00",NULL,"297360.00","297360.00","2025-05-23 07:09:19","297062.64","297.36","paid","2025-12-15 10:31:37","Ref6k1MGiestuDPWedcYOUySK | 49L4ZL8DTFOXY",NULL,"Active"
"I HUB for Robotics And Autonomous Systems  Innovation Foundation","HNV/25-26/150","domestic","INR","493","Tax Invoice","156218.00","9.00","9.00",NULL,"184337.24","184337.24","2025-05-23 07:16:23","0.00","184337.24","pending","2025-07-30 06:11:55",NULL,NULL,"Active"
"Nimble Robotics.","HNV/25-26/E/26","export","USD","PO 8427","Tax Invoice","989.66",NULL,NULL,NULL,"989.66","86100.42","2025-05-23 09:54:28","989.66","0.00","paid","2025-09-15 05:20:43","2DWGXFWHA2",NULL,"Active"
"Nimble Robotics.","HNV/25-26/E/27","export","USD","PO 8427","Tax Invoice","494.83",NULL,NULL,NULL,"494.83","43050.21","2025-05-23 11:00:00","494.83","0.00","paid","2025-08-21 06:52:56","6S5CRXDMKD",NULL,"Active"
"Ultrahuman Healthcare Pvt Ltd","HNV/25-26/151","domestic","INR","UH/PO/25-26/0000349","Tax Invoice","116070.00","9.00","9.00",NULL,"136962.60","136962.60","2025-05-23 11:23:43","136825.18","137.42","paid","2025-12-15 10:29:55","Ref2zK006xblPMSRQjNY4rSI7 | 49L4ZL8DT22MI",NULL,"Active"
"Ultrahuman Healthcare Pvt Ltd","HNV/25-26/152","domestic","INR","UH/PO/25-26/0000350","Tax Invoice","452000.00","9.00","9.00",NULL,"533360.00","533360.00","2025-05-23 14:33:36","532826.64","533.36","paid","2025-12-15 10:31:25","Ref6k1MGiestuDPWedcYOUySK | 49L4ZL8DTFOXY",NULL,"Active"
"Ultrahuman Healthcare Pvt Ltd","HNV/25-26/153","domestic","INR","UH/PO/25-26/0000663","Tax Invoice","123480.00","9.00","9.00",NULL,"145706.40","145706.40","2025-05-23 14:35:53","145560.69","145.71","paid","2025-12-15 10:29:42","Ref2zK006xblPMSRQjNY4rSI7 | 49L4ZL8DT22MI",NULL,"Active"
"AMIDC Automation Technologies Pvt Ltd","HNV/25-26/154","domestic","INR","#AMIDC/PO/00200/2025-26 & #AMIDC/PO/00201/2025-26","Tax Invoice","16556.00","9.00","9.00",NULL,"19536.08","19536.08","2025-05-24 04:17:50","19205.00","331.08","paid","2026-04-02 08:32:23","IDFBH25219093","2025-08-07","Active"
"AMIDC Automation Technologies Pvt Ltd","HNV/25-26/155","domestic","INR","#AMIDC/PO/00177/2025-26","Tax Invoice","16220.00","9.00","9.00",NULL,"19139.60","19139.60","2025-05-24 04:20:00","18815.00","324.60","paid","2026-04-02 08:33:59","IDFBH25219093","2025-08-07","Active"
"Nimble Robotics.","HNV/25-26/E/28","export","USD","PO 8427","Tax Invoice","989.66",NULL,NULL,NULL,"989.66","86100.42","2025-05-24 09:59:19","989.66","0.00","paid","2025-09-15 05:26:31","JJKX965LKB",NULL,"Active"
"Ultrahuman Healthcare Pvt Ltd","HNV/25-26/156","domestic","INR","UH/PO/25-26/0000349","Tax Invoice","142040.00","9.00","9.00",NULL,"167607.20","167607.20","2025-05-24 11:47:29","167440.00","167.20","paid","2025-12-15 10:31:10","Ref6k1MGiestuDPWedcYOUySK | 49L4ZL8DTFOXY",NULL,"Active"
"Ultrahuman Healthcare Pvt Ltd","HNV/25-26/157","domestic","INR"," UH/PO/25-26/0000350","Tax Invoice","336000.00","9.00","9.00",NULL,"396480.00","396480.00","2025-05-24 16:13:52","396144.00","336.00","paid","2025-12-15 10:29:30","Ref2zK006xblPMSRQjNY4rSI7 | 49L4ZL8DT22MI",NULL,"Active"
"Ultrahuman Healthcare Pvt Ltd","HNV/25-26/158","domestic","INR","UH/PO/25-26/0000349","Tax Invoice","167480.00","9.00","9.00",NULL,"197626.40","197626.40","2025-05-26 11:35:44","197429.00","197.40","paid","2025-12-15 10:29:18","Ref2zK006xblPMSRQjNY4rSI7 | 49L4ZL8DT22MI",NULL,"Active"
"Nimble Robotics.","HNV/25-26/E/29","export","USD","8798","Tax Invoice","577.60",NULL,NULL,NULL,"577.60","50251.20","2025-05-26 11:51:57","577.60","0.00","paid","2025-09-26 05:59:58","T6H8AJT5Z8",NULL,"Active"
"Nimble Robotics.","HNV/25-26/E/30","export","USD","8798","Tax Invoice","577.60",NULL,NULL,NULL,"577.60","50251.20","2025-05-26 11:54:49","577.60","0.00","paid","2025-09-26 05:55:50","3APYPLRH9G",NULL,"Active"
"Ultrahuman Healthcare Pvt Ltd","HNV/25-26/159","domestic","INR","UH/PO/25-26/0000350","Tax Invoice","567000.00","9.00","9.00",NULL,"669060.00","669060.00","2025-05-26 14:08:12","668391.00","669.00","paid","2025-12-15 10:29:04","Ref2zK006xblPMSRQjNY4rSI7 | 49L4ZL8DT22MI",NULL,"Active"
"Ultrahuman Healthcare Pvt Ltd","HNV/25-26/160","domestic","INR","UH/PO/25-26/0000663","Tax Invoice","154105.00","9.00","9.00",NULL,"181843.90","181843.90","2025-05-26 14:11:00","181662.00","181.90","paid","2025-12-15 10:18:54","Ref5SrVEp7GT3djoNT58poKUQ | 49L4ZL8DYBJ8V",NULL,"Active"
"Wilder Technologies, LLC","HNV/25-26/E/31","export","USD","5656","Tax Invoice","130.65",NULL,NULL,NULL,"130.65","10893.60","2025-05-27 09:06:59","130.25","0.40","paid","2025-06-02 08:18:48","12030923305",NULL,"Active"
"ACTIV MFG(accurate carbide)","HNV/25-26/E/32","export","USD","17351","Tax Invoice","1650.00",NULL,NULL,NULL,"1350.00","117450.00","2025-05-27 10:06:24","1350.00","0.00","paid","2025-09-04 10:23:57","0204GRSF25011751",NULL,"Active"
"Nimble Robotics.","HNV/25-26/E/33","export","USD","PO-8447","Tax Invoice","2782.60",NULL,NULL,NULL,"2782.60","239860.12","2025-05-27 11:10:38","2782.60","0.00","paid","2025-07-28 06:47:01","9WDMC8TBLQ",NULL,"Active"
"Ultrahuman Healthcare Pvt Ltd","HNV/25-26/161","domestic","INR","UH/PO/25-26/0000349","Tax Invoice","143630.00","9.00","9.00",NULL,"169483.40","169483.40","2025-05-27 11:30:03","169340.00","143.40","paid","2026-02-12 07:03:58","HSBCR22025122533975534","2025-12-25","Active"
"Shanthi Gears Limited","HNV/25-26/162","domestic","INR","224020495","Tax Invoice","15000.00",NULL,NULL,"18.00","17700.00","17700.00","2025-05-27 13:43:51","0.00","17700.00","pending","2026-03-27 07:46:50",NULL,NULL,"Active"
"Nimble Robotics.","HNV/25-26/E/34","export","USD","PO 8427","Tax Invoice","989.66",NULL,NULL,NULL,"989.66","86100.42","2025-05-28 10:54:18","989.66","0.00","paid","2025-09-15 05:25:08","AFA4NUMEYS",NULL,"Active"
"Nimble Robotics.","HNV/25-26/E/35","export","USD","PO 8427","Tax Invoice","989.66",NULL,NULL,NULL,"989.66","86100.42","2025-05-28 10:55:21","989.66","0.00","paid","2025-09-15 05:21:26","MW2PLXNB6P",NULL,"Active"
"Ultrahuman Healthcare Pvt Ltd","HNV/25-26/163","domestic","INR","UH/PO/25-26/0000349","Tax Invoice","89040.00","9.00","9.00",NULL,"105067.20","105067.20","2025-05-28 11:40:11","104962.00","105.20","paid","2025-12-15 10:28:51","Ref2zK006xblPMSRQjNY4rSI7 | 49L4ZL8DT22MI",NULL,"Active"
"Ultrahuman Healthcare Pvt Ltd","HNV/25-26/164","domestic","INR","UH/PO/25-26/0000350","Tax Invoice","504000.00","9.00","9.00",NULL,"594720.00","594720.00","2025-05-28 13:23:54","594125.00","595.00","paid","2025-12-15 10:25:43","Ref4p1i8TLbNJpRAOeNllzZuQ | 49L4ZL8DT4KB5",NULL,"Active"
"Ultrahuman Healthcare Pvt Ltd","HNV/25-26/165","domestic","INR","UH/PO/25-26/0000663","Tax Invoice","155330.00","9.00","9.00",NULL,"183289.40","183289.40","2025-05-28 13:26:06","183106.00","183.40","paid","2025-12-15 10:12:05","Ref7bVitnRTgOL34TkpkBZVo2 | 49L4ZL8DEYNIC",NULL,"Active"
"Nimble Robotics.","HNV/25-26/E/36","export","USD","PO 8427","Tax Invoice","989.66",NULL,NULL,NULL,"989.66","86100.42","2025-05-28 15:14:32","989.66","0.00","paid","2025-09-15 05:21:58","PTVHGBWGVP",NULL,"Active"
"Time Warp Racing Pty Ltd","HNV/25-26/E/37","export","USD","TRW25-747","Tax Invoice","267.25",NULL,NULL,NULL,"267.25","24480.10","2025-05-29 05:54:15","267.25","0.00","paid","2025-07-21 10:58:35",,NULL,"Active"
"Ultrahuman Healthcare Pvt Ltd","HNV/25-26/166","domestic","INR","HNV/25-26/163","Tax Invoice","137270.00","9.00","9.00",NULL,"161978.60","161978.60","2025-05-29 11:26:59","161816.62","161.98","paid","2025-12-15 10:28:35","Ref2zK006xblPMSRQjNY4rSI7 | 49L4ZL8DT22MI",NULL,"Active"
"Universal Analyzers Barben Analytical AMETEK","HNV/25-26/E/38","export","USD","526006","Tax Invoice","1864.66",NULL,NULL,NULL,"1864.66","159614.90","2025-05-30 07:27:09","0.00","1864.66","pending","2025-05-30 07:27:09",NULL,NULL,"Active"
"Micropoise Measurement Systems Ametek ","HNV/25-26/E/39","export","USD","PR-021825-0002","Tax Invoice","373.00",NULL,NULL,NULL,"373.00","32451.00","2025-05-30 07:59:42","373.00","0.00","paid","2025-09-26 06:12:32","2427758",NULL,"Active"
"Ultrahuman Healthcare Pvt Ltd","HNV/25-26/167","domestic","INR"," UH/PO/25-26/0000349","Tax Invoice","138860.00","9.00","9.00",NULL,"163854.80","163854.80","2025-05-30 11:18:19","163690.95","163.85","paid","2025-12-15 10:28:20","Ref2zK006xblPMSRQjNY4rSI7 | 49L4ZL8DT22MI",NULL,"Active"
"Nimble Robotics.","HNV/25-26/E/40","export","USD","8447","Tax Invoice","3606.92",NULL,NULL,NULL,"3606.92","310916.50","2025-05-30 11:43:30","3606.90","0.02","paid","2025-07-28 06:47:26","T6BSJH6HUY",NULL,"Active"
"Nimble Robotics.","HNV/25-26/E/41","export","USD","8447","Tax Invoice","960.00",NULL,NULL,NULL,"960.00","82752.00","2025-05-30 11:49:52","960.00","0.00","paid","2025-07-28 06:47:56","JHDAAZ7XKM",NULL,"Active"
"Nimble Robotics.","HNV/25-26/E/42A","export","USD","8389","Tax Invoice","46913.00",NULL,NULL,NULL,"46913.00","4013876.28","2025-05-30 14:03:22","46913.00","0.00","paid","2025-07-18 07:54:36","YG4GAY5WM2",NULL,"Active"
"Ultrahuman Healthcare Pvt Ltd","HNV/25-26/168","domestic","INR","UH/PO/25-26/0000835","Tax Invoice","3240.00","9.00","9.00",NULL,"3823.20","3823.20","2025-05-30 14:08:01","3819.00","4.20","paid","2025-12-15 10:19:22","Ref6KBgwkMeIY26MyoCe75sGD | 49L4ZL8DT3AH8",NULL,"Active"
"Ultrahuman Healthcare Pvt Ltd","HNV/25-26/169","domestic","INR","UH/PO/25-26/0000350","Tax Invoice","462000.00","9.00","9.00",NULL,"545160.00","545160.00","2025-05-30 14:21:31","544614.84","545.16","paid","2025-12-15 10:27:47","Ref2zK006xblPMSRQjNY4rSI7 | 49L4ZL8DT22MI",NULL,"Active"
"Ultrahuman Healthcare Pvt Ltd","HNV/25-26/170","domestic","INR","UH/PO/25-26/0000663","Tax Invoice","268030.00","9.00","9.00",NULL,"316275.40","316275.40","2025-05-30 14:24:41","315959.12","316.28","paid","2025-12-15 10:27:21","Ref2zK006xblPMSRQjNY4rSI7 | 49L4ZL8DT22MI",NULL,"Active"
"Ultrahuman Healthcare Pvt Ltd","HNV/25-26/171","domestic","INR","UH/PO/25-26/0000349","Tax Invoice","57770.00","9.00","9.00",NULL,"68168.60","68168.60","2025-05-31 11:35:43","68100.00","68.60","paid","2025-12-15 10:18:38","Ref5SrVEp7GT3djoNT58poKUQ | 49L4ZL8DYBJ8V",NULL,"Active"
"Ultrahuman Healthcare Pvt Ltd","HNV/25-26/172","domestic","INR","UH/PO/25-26/0000350","Tax Invoice","252000.00","9.00","9.00",NULL,"297360.00","297360.00","2025-05-31 13:38:42","297063.00","297.00","paid","2025-12-15 10:25:11","Ref4p1i8TLbNJpRAOeNllzZuQ | 49L4ZL8DT4KB5",NULL,"Active"
"Ultrahuman Healthcare Pvt Ltd","HNV/25-26/173","domestic","INR","UH/PO/25-26/0000663","Tax Invoice","112700.00","9.00","9.00",NULL,"132986.00","132986.00","2025-05-31 13:40:47","132853.00","133.00","paid","2025-12-15 10:24:52","Ref4p1i8TLbNJpRAOeNllzZuQ | 49L4ZL8DT4KB5",NULL,"Active"
"ALLEGION INDIA PRIVATE LIMITED","HNV/25-26/174","domestic","INR","PO25-00334","Tax Invoice","296412.00","9.00","9.00",NULL,"349766.16","349766.16","2025-06-02 04:40:44","349766.16","0.00","pending","2025-07-12 04:23:40","CITIN25592594829",NULL,"Active"
"Hylio, Inc","HNV/25-26/E/43","export","USD","P3774","Tax Invoice","696.72",NULL,NULL,NULL,"696.72","59611.36","2025-06-02 09:40:37","696.72","0.00","paid","2025-07-10 07:11:18","paid on 2nd July",NULL,"Active"
"Ultrahuman Healthcare Pvt Ltd","HNV/25-26/175","domestic","INR","UH/PO/25-26/0000349","Tax Invoice","189740.00","9.00","9.00",NULL,"223893.20","223893.20","2025-06-02 11:33:27","223669.00","224.20","paid","2025-12-15 10:24:39","Ref4p1i8TLbNJpRAOeNllzZuQ | 49L4ZL8DT4KB5",NULL,"Active"
"Nimble Robotics.","HNV/25-26/E/44","export","USD","PO-8447","Tax Invoice","6447.18",NULL,NULL,NULL,"6447.18","555746.92","2025-06-02 11:46:42","6447.18","0.00","paid","2025-07-28 06:48:25","Y49HJ6N8U5",NULL,"Active"
"Nimble Robotics.","HNV/25-26/E/45A","export","USD","PO-8447","Tax Invoice","57071.33",NULL,NULL,NULL,"57071.33","4919548.65","2025-06-02 13:10:51","57071.33","0.00","paid","2025-07-28 06:48:55","DXEY2S4BP3",NULL,"Active"
"AMIDC Automation Technologies Pvt Ltd","HNV/25-26/176","domestic","INR","AMIDC/PO/00224/2025-26","Tax Invoice","144800.00","9.00","9.00",NULL,"170864.00","170864.00","2025-06-02 14:51:07","167968.00","2896.00","paid","2026-04-02 08:34:37","IDFBH25219093","2025-08-07","Active"
"Ultrahuman Healthcare Pvt Ltd","HNV/25-26/177","domestic","INR","UH/PO/25-26/0000350","Tax Invoice","630000.00","9.00","9.00",NULL,"743400.00","743400.00","2025-06-03 07:08:58","742657.00","743.00","paid","2025-12-15 10:27:04","Ref2zK006xblPMSRQjNY4rSI7 | 49L4ZL8DT22MI",NULL,"Active"
"3D Energy SRL","HNV/25-26/E/46","export","USD","RFQ_870","Tax Invoice","6000.00",NULL,NULL,NULL,"6000.00","517200.00","2025-06-03 11:23:09","0.00","6000.00","pending","2025-06-03 11:23:09",NULL,NULL,"Active"
"Ultrahuman Healthcare Pvt Ltd","HNV/25-26/178","domestic","INR"," UH/PO/25-26/0000349","Tax Invoice","126670.00","9.00","9.00",NULL,"149470.60","149470.60","2025-06-03 11:28:10","149321.00","149.60","paid","2025-12-15 10:26:50","Ref2zK006xblPMSRQjNY4rSI7 | 49L4ZL8DT22MI",NULL,"Active"
"Ultrahuman Healthcare Pvt Ltd","HNV/25-26/179","domestic","INR","UH/PO/25-26/0000350","Tax Invoice","252000.00","9.00","9.00",NULL,"297360.00","297360.00","2025-06-03 13:56:03","297063.00","297.00","paid","2025-12-15 10:26:36","Ref2zK006xblPMSRQjNY4rSI7 | 49L4ZL8DT22MI",NULL,"Active"
"Ultrahuman Healthcare Pvt Ltd","HNV/25-26/180","domestic","INR","UH/PO/25-26/0000663","Tax Invoice","108780.00","9.00","9.00",NULL,"128360.40","128360.40","2025-06-03 13:59:05","128232.00","128.40","paid","2025-12-15 10:24:18","Ref4p1i8TLbNJpRAOeNllzZuQ | 49L4ZL8DT4KB5",NULL,"Active"
"Nimble Robotics.","HNV/25-26/E/47","export","USD","PO-8446","Tax Invoice","989.66",NULL,NULL,NULL,"989.66","86100.42","2025-06-04 04:32:29","989.66","0.00","paid","2025-09-15 05:23:46","RKUD7F6B5V",NULL,"Active"
"Ultrahuman Healthcare Pvt Ltd","HNV/25-26/181","domestic","INR"," UH/PO/25-26/0000350","Tax Invoice","378000.00","9.00","9.00",NULL,"446040.00","446040.00","2025-06-04 09:32:52","445594.00","446.00","paid","2025-12-15 10:26:14","Ref2zK006xblPMSRQjNY4rSI7 | 49L4ZL8DT22MI",NULL,"Active"
"Ultrahuman Healthcare Pvt Ltd","HNV/25-26/182","domestic","INR","UH/PO/25-26/0000349","Tax Invoice","108650.00","9.00","9.00",NULL,"128207.00","128207.00","2025-06-04 11:30:27","128079.00","128.00","paid","2025-12-15 10:24:05","Ref4p1i8TLbNJpRAOeNllzZuQ | 49L4ZL8DT4KB5",NULL,"Active"
"Ultrahuman Healthcare Pvt Ltd","HNV/25-26/183","domestic","INR"," UH/PO/25-26/0000350 ","Tax Invoice","252000.00","9.00","9.00",NULL,"297360.00","297360.00","2025-06-04 13:50:56","297063.00","297.00","paid","2025-12-15 10:23:47","Ref4p1i8TLbNJpRAOeNllzZuQ | 49L4ZL8DT4KB5",NULL,"Active"
"AMIDC Automation Technologies Pvt Ltd","HNV/25-26/184","domestic","INR","#AMIDC/PO/00251/2025-26","Tax Invoice","218700.00","9.00","9.00",NULL,"258066.00","258066.00","2025-06-05 05:23:40","253692.00","4374.00","paid","2026-04-02 08:36:28","IDFBH25219093","2025-08-07","Active"
"ALLEGION INDIA PRIVATE LIMITED","HNV/25-26/185","domestic","INR"," PO25-00334","Tax Invoice","139488.00","9.00","9.00",NULL,"164595.84","164595.84","2025-06-05 05:25:57","164595.84","0.00","pending","2025-07-18 11:37:50","CITIN25595243639",NULL,"Active"
"Ultrahuman Healthcare Pvt Ltd","HNV/25-26/186","domestic","INR","UH/PO/25-26/0000349","Tax Invoice","118190.00","9.00","9.00",NULL,"139464.20","139464.20","2025-06-05 11:31:09","139325.00","139.20","paid","2025-12-15 10:23:33","Ref4p1i8TLbNJpRAOeNllzZuQ | 49L4ZL8DT4KB5",NULL,"Active"
"Ultrahuman Healthcare Pvt Ltd","HNV/25-26/187","domestic","INR","UH/PO/25-26/0000350","Tax Invoice","252000.00","9.00","9.00",NULL,"297360.00","297360.00","2025-06-05 13:05:10","297063.00","297.00","paid","2025-12-15 10:23:08","Ref4p1i8TLbNJpRAOeNllzZuQ | 49L4ZL8DT4KB5",NULL,"Active"
"Ultrahuman Healthcare Pvt Ltd","HNV/25-26/188","domestic","INR"," UH/PO/25-26/0000663","Tax Invoice","200655.00","9.00","9.00",NULL,"236772.90","236772.90","2025-06-05 13:07:34","237114.00","-341.10","paid","2025-12-15 10:22:50","Ref4p1i8TLbNJpRAOeNllzZuQ | 49L4ZL8DT4KB5",NULL,"Active"
"Sansera Engineering Ltd Plant-11","HNV/25-26/189","domestic","INR","Mail Confirmation","Tax Invoice","96920.00","9.00","9.00",NULL,"114365.60","114365.60","2025-06-05 13:17:15","114365.60","0.00","paid","2025-09-10 07:37:24","CITIN25589598322",NULL,"Active"
"Ultrahuman Healthcare Pvt Ltd","HNV/25-26/190","domestic","INR","UH/PO/25-26/0000349","Tax Invoice","53000.00","9.00","9.00",NULL,"62540.00","62540.00","2025-06-06 05:06:45","62477.00","63.00","paid","2025-12-15 10:21:06","Ref6Cmq8Hty7we1iCDcNgAzW3 | 49L4ZL8DT4KMX",NULL,"Active"
"Shanthi Gears Limited","HNV/25-26/191","domestic","INR","224019438; 224018450","Tax Invoice","4939.00",NULL,NULL,"18.00","5828.02","5828.02","2025-06-06 07:24:33","0.00","5828.02","pending","2026-03-27 07:46:50",NULL,NULL,"Active"
"Nimble Robotics.","HNV/25-26/E/48","export","USD","PO-8446","Tax Invoice","1979.32",NULL,NULL,NULL,"1979.32","172200.84","2025-06-06 11:24:00","1979.32","0.00","paid","2025-09-15 05:24:25","BUZLMGNWV4",NULL,"Active"
"Ultrahuman Healthcare Pvt Ltd","HNV/25-26/192","domestic","INR","UH/PO/25-26/0000349","Tax Invoice","122430.00","9.00","9.00",NULL,"144467.40","144467.40","2025-06-06 11:35:28","144323.00","144.40","paid","2025-12-15 10:22:35","Ref4p1i8TLbNJpRAOeNllzZuQ | 49L4ZL8DT4KB5",NULL,"Active"
"Nimble Robotics.","HNV/25-26/E/49","export","USD","PO-8447","Tax Invoice","630.40",NULL,NULL,NULL,"630.40","54340.48","2025-06-06 11:43:44","630.40","0.00","paid","2025-07-28 06:49:18","PEDFWKQ4UE",NULL,"Active"
"Nimble Robotics.","HNV/25-26/E/50","export","USD","PO-8447","Tax Invoice","720.00",NULL,NULL,NULL,"720.00","62064.00","2025-06-06 11:46:17","720.00","0.00","paid","2025-07-28 06:49:37","JTCZ3DKWLN",NULL,"Active"
"Shanthi Gears Limited","HNV/25-26/193","domestic","INR","224018450","Tax Invoice","8448.00",NULL,NULL,"18.00","9968.64","9968.64","2025-06-06 13:43:40","0.00","9968.64","pending","2026-03-27 07:46:50",NULL,NULL,"Active"
"Ultrahuman Healthcare Pvt Ltd","HNV/25-26/194","domestic","INR","UH/PO/25-26/0000350","Tax Invoice","504000.00","9.00","9.00",NULL,"594720.00","594720.00","2025-06-06 14:39:59","594125.00","595.00","paid","2025-12-15 10:22:19","Ref4p1i8TLbNJpRAOeNllzZuQ | 49L4ZL8DT4KB5",NULL,"Active"
"Ultrahuman Healthcare Pvt Ltd","HNV/25-26/195","domestic","INR","UH/PO/25-26/0000663","Tax Invoice","318990.00","9.00","9.00",NULL,"376408.20","376408.20","2025-06-06 14:40:17","380942.00","-4533.80","paid","2025-12-15 10:22:00","Ref4p1i8TLbNJpRAOeNllzZuQ | 49L4ZL8DT4KB5",NULL,"Active"
"Ultrahuman Healthcare Pvt Ltd","HNV/25-26/196","domestic","INR","UH/PO/25-26/0000349","Tax Invoice","159530.00","9.00","9.00",NULL,"188245.40","188245.40","2025-06-07 11:48:37","188117.00","128.40","paid","2025-12-15 10:07:18","Ref3Bas4H4QDTtvwBDsIEg2Gr | 49L4ZL8DEYBF5",NULL,"Active"
"Ultrahuman Healthcare Pvt Ltd","HNV/25-26/197","domestic","INR"," UH/PO/25-26/0000663","Tax Invoice","152145.00","9.00","9.00",NULL,"179531.10","179531.10","2025-06-07 13:55:17","179352.00","179.10","paid","2025-12-15 10:18:26","Ref5SrVEp7GT3djoNT58poKUQ | 49L4ZL8DYBJ8V",NULL,"Active"
"Ultrahuman Healthcare Pvt Ltd","HNV/25-26/198","domestic","INR","UH/PO/25-26/0000350","Tax Invoice","592750.00","9.00","9.00",NULL,"699445.00","699445.00","2025-06-07 13:57:48","698746.00","699.00","paid","2025-12-15 10:18:18","Ref5SrVEp7GT3djoNT58poKUQ | 49L4ZL8DYBJ8V",NULL,"Active"
"Nimble Robotics.","HNV/25-26/E/51","export","USD"," #PO-8446","Tax Invoice","1979.32",NULL,NULL,NULL,"1979.32","172200.84","2025-06-09 08:11:59","1979.32","0.00","paid","2025-09-26 05:56:43","6QWV7AK34C",NULL,"Active"
"Ultrahuman Healthcare Pvt Ltd","HNV/25-26/199","domestic","INR","UH/PO/25-26/0000349","Tax Invoice","122960.00","9.00","9.00",NULL,"145092.80","145092.80","2025-06-09 11:48:16","144948.00","144.80","paid","2025-09-05 05:17:45",,NULL,"Active"
"Nimble Robotics.","HNV/25-26/E/52","export","USD","PO-8447","Tax Invoice","1164.36",NULL,NULL,NULL,"1164.36","100367.83","2025-06-09 11:50:24","1164.36","0.00","paid","2025-07-28 06:50:02","ZZ6WGPY28P",NULL,"Active"
"Ultrahuman Healthcare Pvt Ltd","HNV/25-26/200","domestic","INR","UH/PO/25-26/0000350","Tax Invoice","756000.00","9.00","9.00",NULL,"892080.00","892080.00","2025-06-09 13:46:41","891188.00","892.00","paid","2025-12-15 10:21:37","Ref4p1i8TLbNJpRAOeNllzZuQ | 49L4ZL8DT4KB5",NULL,"Active"
"Nimble Robotics.","HNV/25-26/E/42B","export","USD","8798","Tax Invoice","647.50",NULL,NULL,NULL,"647.50","56332.50","2025-06-10 04:55:39","647.85","-0.35","paid","2025-09-26 05:57:28","4KDX8GRG9Q",NULL,"Active"
"Ultrahuman Healthcare Pvt Ltd","HNV/25-26/201","domestic","INR","UH/PO/25-26/0000349","Tax Invoice","240620.00","9.00","9.00",NULL,"283931.60","283931.60","2025-06-10 11:26:07","283648.00","283.60","paid","2025-12-15 10:17:37","Ref5SrVEp7GT3djoNT58poKUQ | 49L4ZL8DYBJ8V",NULL,"Active"
"Nimble Robotics.","HNV/25-26/E/53","export","USD","PO-8447","Tax Invoice","2336.53",NULL,NULL,NULL,"2336.53","201408.89","2025-06-10 11:39:50","2336.53","0.00","paid","2025-07-28 06:50:24","GW4TFTK7VN",NULL,"Active"
"Ultrahuman Healthcare Pvt Ltd","HNV/25-26/202","domestic","INR","UH/PO/25-26/0000350","Tax Invoice","756000.00","9.00","9.00",NULL,"892080.00","892080.00","2025-06-10 11:56:42","891188.00","892.00","paid","2025-12-15 10:17:23","Ref5SrVEp7GT3djoNT58poKUQ | 49L4ZL8DYBJ8V",NULL,"Active"
"Entuple E-Mobility Private Limited","HNV/25-26/203","domestic","INR"," ENT-EM/POA/IT /24-25/771","Tax Invoice","122434.30","9.00","9.00",NULL,"144472.47","144472.47","2025-06-11 05:58:13","144472.47","0.00","paid","2025-11-26 06:08:18","HDFCH0063213432",NULL,"Active"
"Ultrahuman Healthcare Pvt Ltd","HNV/25-26/204","domestic","INR","UH/PO/25-26/0000349","Tax Invoice","166950.00","9.00","9.00",NULL,"197001.00","197001.00","2025-06-11 11:29:51","196804.00","197.00","paid","2025-12-15 10:17:09","Ref5SrVEp7GT3djoNT58poKUQ | 49L4ZL8DYBJ8V",NULL,"Active"
"Nimble Robotics.","HNV/25-26/E/54","export","USD","PO-8447","Tax Invoice","2487.96",NULL,NULL,NULL,"2487.96","214462.15","2025-06-11 11:37:40","2487.96","0.00","paid","2025-07-28 06:50:46","3E9N2GR8DZ",NULL,"Active"
"Ultrahuman Healthcare Pvt Ltd","HNV/25-26/205","domestic","INR","UH/PO/25-26/0000350","Tax Invoice","504000.00","9.00","9.00",NULL,"594720.00","594720.00","2025-06-11 13:13:57","594125.00","595.00","paid","2025-12-15 10:16:58","Ref5SrVEp7GT3djoNT58poKUQ | 49L4ZL8DYBJ8V",NULL,"Active"
"Nimble Robotics.","HNV/25-26/E/55","export","USD","PO-8446","Tax Invoice","989.66",NULL,NULL,NULL,"989.66","86100.42","2025-06-11 13:27:15","989.66","0.00","paid","2025-09-15 05:27:08","PNZ4S4EH6G",NULL,"Active"
"Ultrahuman Healthcare Pvt Ltd","HNV/25-26/206","domestic","INR","UH/PO/25-26/0000350","Tax Invoice","378000.00","9.00","9.00",NULL,"446040.00","446040.00","2025-06-12 12:36:16","445594.00","446.00","paid","2025-12-15 10:16:42","Ref5SrVEp7GT3djoNT58poKUQ | 49L4ZL8DYBJ8V",NULL,"Active"
"WARM TABLE TECHNOLOGIES PRIVATE LIMITED","HNV/25-26/207","domestic","INR","As per Mail confirmation","Tax Invoice","85860.00","9.00","9.00",NULL,"101314.80","101314.80","2025-06-12 12:50:26","101315.00","-0.20","paid","2026-02-10 11:51:48","SBIN0006506","2025-06-23","Active"
"Avay bioscience pvt ltd","HNV/25-26/208","domestic","INR","Vikas Mail confirmation","Tax Invoice","6666.00","9.00","9.00",NULL,"7865.88","7865.88","2025-06-13 08:43:01","7865.88","0.00","paid","2025-07-07 10:10:49","2013491449",NULL,"Active"
"Avay bioscience pvt ltd","HNV/25-26/209","domestic","INR","Vikas Mail confirmation","Tax Invoice","2875.00","9.00","9.00",NULL,"3392.50","3392.50","2025-06-13 08:45:53","3392.50","0.00","paid","2025-07-07 10:11:12","2013491449",NULL,"Active"
"Ultrahuman Healthcare Pvt Ltd","HNV/25-26/210","domestic","INR","UH/PO/25-26/0000349","Tax Invoice","182320.00","9.00","9.00",NULL,"215137.60","215137.60","2025-06-13 11:37:51","214922.00","215.60","paid","2025-12-15 10:11:45","Ref7bVitnRTgOL34TkpkBZVo2 | 49L4ZL8DEYNIC",NULL,"Active"
"Nimble Robotics.","HNV/25-26/E/56","export","USD","PO-8446","Tax Invoice","989.66",NULL,NULL,NULL,"989.66","86100.42","2025-06-13 11:44:39","989.66","0.00","paid","2025-09-18 03:11:59","U6FL9GLJBB",NULL,"Active"
"Ultrahuman Healthcare Pvt Ltd","HNV/25-26/211","domestic","INR","UH/PO/25-26/0000350","Tax Invoice","504000.00","9.00","9.00",NULL,"594720.00","594720.00","2025-06-13 13:54:48","594125.00","595.00","paid","2025-12-15 10:16:30","Ref5SrVEp7GT3djoNT58poKUQ | 49L4ZL8DYBJ8V",NULL,"Active"
"Nimble Robotics.","HNV/25-26/E/57","export","USD","PO-8446","Tax Invoice","1979.32",NULL,NULL,NULL,"1979.32","172200.84","2025-06-14 05:20:45","1979.32","0.00","paid","2025-09-18 03:11:34","BDW4RTEXB6",NULL,"Active"
"Ultrahuman Healthcare Pvt Ltd","HNV/25-26/212","domestic","INR","UH/PO/25-26/0000349","Tax Invoice","71550.00","9.00","9.00",NULL,"84429.00","84429.00","2025-06-14 11:35:52","84345.00","84.00","paid","2025-12-15 10:11:23","Ref7bVitnRTgOL34TkpkBZVo2 | 49L4ZL8DEYNIC",NULL,"Active"
"Ultrahuman Healthcare Pvt Ltd","HNV/25-26/213","domestic","INR","UH/PO/25-26/0000349","Tax Invoice","68370.00","9.00","9.00",NULL,"80676.60","80676.60","2025-06-15 11:57:39","80596.00","80.60","paid","2025-12-15 10:15:29","Ref5SrVEp7GT3djoNT58poKUQ | 49L4ZL8DYBJ8V",NULL,"Active"
"Nimble Robotics.","HNV/25-26/E/58","export","USD","PO-8446","Tax Invoice","1979.32",NULL,NULL,NULL,"1979.32","172200.84","2025-06-16 06:08:42","1979.32","0.00","paid","2025-09-26 05:54:46","3NSGEV4CHT",NULL,"Active"
"Gee Keyy Engineering Co","HNV/25-26/E/59","export","USD","PO/001/2025","Tax Invoice","2500.00",NULL,NULL,NULL,"2500.00","217500.00","2025-06-16 07:03:43","2500.00","0.00","paid","2025-08-04 06:04:22","2025080100128142",NULL,"Active"
"Ultrahuman Healthcare Pvt Ltd","HNV/25-26/214","domestic","INR","UH/PO/25-26/0000349","Tax Invoice","69430.00","9.00","9.00",NULL,"81927.40","81927.40","2025-06-16 11:33:54","81845.00","82.40","paid","2025-12-15 10:15:39","Ref5SrVEp7GT3djoNT58poKUQ | 49L4ZL8DYBJ8V",NULL,"Active"
"Ultrahuman Healthcare Pvt Ltd","HNV/25-26/215","domestic","INR","UH/PO/25-26/0000350","Tax Invoice","630000.00","9.00","9.00",NULL,"743400.00","743400.00","2025-06-16 14:04:58","742657.00","743.00","paid","2025-12-15 10:06:59","Ref3Bas4H4QDTtvwBDsIEg2Gr | 49L4ZL8DEYBF5",NULL,"Active"
"Nimble Robotics.","HNV/25-26/E/60","export","USD","PO-8447","Tax Invoice","94814.79",NULL,NULL,NULL,"94814.79","8248886.73","2025-06-17 06:26:29","94814.79","0.00","paid","2025-10-06 05:51:36","BLXSKWVDY7, Adv adjustment of $86774.88 in HNV_PI_001_25-26",NULL,"Active"
"Nimble Robotics.","HNV/25-26/E/61","export","USD","PO-8798","Tax Invoice","1732.80",NULL,NULL,NULL,"1732.80","150753.60","2025-06-17 06:30:42","1732.80","0.00","paid","2025-09-26 05:57:04","FJKYJMF4H7",NULL,"Active"
"Vasmed Health Science Private Limited","HNV/25-26/216","domestic","INR","Verbal confirmation","Tax Invoice","24289.00","9.00","9.00",NULL,"28661.02","28661.02","2025-06-17 06:40:47","28661.00","0.02","paid","2025-09-29 05:11:35","CMS2702540513654",NULL,"Active"
"Ultrahuman Healthcare Pvt Ltd","HNV/25-26/217","domestic","INR","UH/PO/25-26/0000350","Tax Invoice","504000.00","9.00","9.00",NULL,"594720.00","594720.00","2025-06-17 14:00:54","594125.00","595.00","paid","2025-12-15 10:15:50","Ref5SrVEp7GT3djoNT58poKUQ | 49L4ZL8DYBJ8V",NULL,"Active"
"Shanthi Gears Limited","HNV/25-26/218","domestic","INR","224015987","Tax Invoice","15084.00",NULL,NULL,"18.00","17799.12","17799.12","2025-06-18 06:47:19","0.00","17799.12","pending","2026-03-27 07:46:50",NULL,NULL,"Active"
"Micropoise Measurement Systems Ametek ","HNV/25-26/E/62","export","USD","PR-070925-0022","Tax Invoice","161.40",NULL,NULL,NULL,"161.40","14784.24","2025-06-18 06:55:21","0.00","161.40","paid","2026-02-05 06:20:00","Duplicate invoice against E/22  ",NULL,"Active"
"Micropoise Measurement Systems Ametek ","HNV/25-26/E/63","export","USD","PR-051625-0002","Tax Invoice","243.00",NULL,NULL,NULL,"243.00","21141.00","2025-06-18 07:01:59","243.00","0.00","paid","2025-09-26 06:12:50","2427758",NULL,"Active"
"Ultrahuman Healthcare Pvt Ltd","HNV/25-26/219","domestic","INR","UH/PO/25-26/0000349","Tax Invoice","138860.00","9.00","9.00",NULL,"163854.80","163854.80","2025-06-18 11:23:29","163691.00","163.80","paid","2025-12-15 10:11:04","Ref7bVitnRTgOL34TkpkBZVo2 | 49L4ZL8DEYNIC",NULL,"Active"
"Nimble Robotics.","HNV/25-26/E/64","export","USD"," PO-8446","Tax Invoice","1979.32",NULL,NULL,NULL,"1979.32","172200.84","2025-06-18 12:14:14","1979.32","0.00","paid","2025-09-22 06:18:59","LDUVBD5DKU",NULL,"Active"
"Ultrahuman Healthcare Pvt Ltd","HNV/25-26/220","domestic","INR","UH/PO/25-26/0000350","Tax Invoice","630000.00","9.00","9.00",NULL,"743400.00","743400.00","2025-06-18 13:46:09","742657.00","743.00","paid","2025-12-15 10:10:44","Ref7bVitnRTgOL34TkpkBZVo2 | 49L4ZL8DEYNIC",NULL,"Active"
"Nimble Robotics.","HNV/25-26/E/65","export","USD","PO-8389","Tax Invoice","40796.00",NULL,NULL,NULL,"40796.00","3549252.00","2025-06-19 06:37:51","40796.00","0.00","paid","2025-09-04 07:48:07","CTD2UBPV7Z",NULL,"Active"
"Ultrahuman Healthcare Pvt Ltd","HNV/25-26/221","domestic","INR","UH/PO/25-26/0000349","Tax Invoice","126140.00","9.00","9.00",NULL,"148845.20","148845.20","2025-06-19 11:42:24","148696.00","149.20","paid","2025-12-15 10:10:20","Ref7bVitnRTgOL34TkpkBZVo2 | 49L4ZL8DEYNIC",NULL,"Active"
"Ultrahuman Healthcare Pvt Ltd","HNV/25-26/222","domestic","INR","#UH/PO/25-26/0001312","Tax Invoice","630000.00","9.00","9.00",NULL,"743400.00","743400.00","2025-06-19 14:02:11","742657.00","743.00","paid","2025-12-15 10:10:00","Ref7bVitnRTgOL34TkpkBZVo2 | 49L4ZL8DEYNIC",NULL,"Active"
"Nimble Robotics.","HNV/25-26/E/66","export","USD","#PO-8798","Tax Invoice","1480.80",NULL,NULL,NULL,"1480.80","128829.60","2025-06-19 05:37:49","1480.80","0.00","paid","2025-09-26 05:52:32","NTXJBUAG8S",NULL,"Active"
"AMIDC Automation Technologies Pvt Ltd","HNV/25-26/223","domestic","INR","AMIDC/PO/00318/2025-26","Tax Invoice","20250.00","9.00","9.00",NULL,"23895.00","23895.00","2025-06-20 07:40:04","23490.00","405.00","paid","2026-04-02 08:37:06","IDFBH25219093","2025-08-07","Active"
"Algofet Private Limited","HNV/25-26/224","domestic","INR","2025-26/AF/0003","Tax Invoice","95000.00","9.00","9.00",NULL,"112100.00","112100.00","2025-06-20 07:46:29","0.00","112100.00","pending","2025-06-20 07:46:29",NULL,NULL,"Active"
"Algofet Private Limited","HNV/25-26/225","domestic","INR","2025-26/AF/0006","Tax Invoice","88000.00","9.00","9.00",NULL,"103840.00","103840.00","2025-06-20 07:52:31","0.00","103840.00","pending","2025-06-20 07:52:31",NULL,NULL,"Active"
"AMIDC Automation Technologies Pvt Ltd","HNV/25-26/226","domestic","INR","#AMIDC/PO/00095/2025-26","Tax Invoice","82000.00","9.00","9.00",NULL,"96760.00","96760.00","2025-06-20 08:26:13","95120.00","1640.00","paid","2026-04-02 08:38:57","IDFBH25219093","2025-08-07","Active"
"Ultrahuman Healthcare Pvt Ltd","HNV/25-26/227","domestic","INR","UH/PO/25-26/0000349","Tax Invoice","76850.00","9.00","9.00",NULL,"90683.00","90683.00","2025-06-20 11:34:20","90592.00","91.00","paid","2025-12-15 10:09:37","Ref7bVitnRTgOL34TkpkBZVo2 | 49L4ZL8DEYNIC",NULL,"Active"
"Nimble Robotics.","HNV/25-26/E/67","export","USD","PO-8447","Tax Invoice","1951.04",NULL,NULL,NULL,"1951.04","168179.65","2025-06-20 11:39:37","1951.04","0.00","paid","2025-07-30 07:38:05","AD2WKD83Y3",NULL,"Active"
"Nimble Robotics.","HNV/25-26/E/68","export","USD","  PO-8446","Tax Invoice","1979.32",NULL,NULL,NULL,"1979.32","172200.84","2025-06-20 12:45:09","1979.32","0.00","paid","2025-09-22 06:18:32","8XQ56ERTWR",NULL,"Active"
"Ultrahuman Healthcare Pvt Ltd","HNV/25-26/228","domestic","INR","#UH/PO/25-26/0001312","Tax Invoice","504000.00","9.00","9.00",NULL,"594720.00","594720.00","2025-06-20 13:27:59","594125.00","595.00","paid","2025-12-15 10:09:17","Ref7bVitnRTgOL34TkpkBZVo2 | 49L4ZL8DEYNIC",NULL,"Active"
"GUMPU TECHNOLOGIES PRIVATE LIMITED","HNV/25-26/229","domestic","INR","As per Mail confirmation","Tax Invoice","3500.00","9.00","9.00",NULL,"4130.00","4130.00","2025-06-20 16:37:39","4130.00","0.00","paid","2025-07-01 09:31:07","107157972646",NULL,"Active"
"Technical Manufacturing Corporation AMETEK","HNV/25-26/E/69","export","USD","092678","Tax Invoice","357.30",NULL,NULL,NULL,"357.30","31085.10","2025-06-21 08:31:03","357.30","0.00","paid","2025-09-12 10:59:23","9550400254JO",NULL,"Active"
"Ultrahuman Healthcare Pvt Ltd","HNV/25-26/230","domestic","INR"," UH/PO/25-26/0000349","Tax Invoice","96990.00","9.00","9.00",NULL,"114448.20","114448.20","2025-06-21 11:41:18","114334.00","114.20","paid","2025-12-15 10:08:57","Ref7bVitnRTgOL34TkpkBZVo2 | 49L4ZL8DEYNIC",NULL,"Active"
"Ultrahuman Healthcare Pvt Ltd","HNV/25-26/231 (Revised)","domestic","INR","UH/PO/25-26/0000663","Tax Invoice","408905.00","9.00","9.00",NULL,"482507.90","482507.90","2025-06-21 14:27:46","481159.00","1348.90","paid","2025-12-15 10:08:40","Ref7bVitnRTgOL34TkpkBZVo2 | 49L4ZL8DEYNIC",NULL,"Active"
"Nimble Robotics.","HNV/25-26/E/70","export","USD","PO-8446","Tax Invoice","1979.32",NULL,NULL,NULL,"1979.32","172200.84","2025-06-23 08:11:57","1979.32","0.00","paid","2025-08-29 08:51:23","LRLYY6HM2Q",NULL,"Active"
"IDEAFORGE TECHNOLOGY LIMITED","HNV/25-26/232","domestic","INR","PO/OP/25-26/40986","Tax Invoice","12200.00",NULL,NULL,"18.00","14396.00","14396.00","2025-06-23 10:28:34","14396.00","0.00","paid","2025-08-20 04:56:21","AA40202000015",NULL,"Active"
"Ultrahuman Healthcare Pvt Ltd","HNV/25-26/233","domestic","INR","UH/PO/25-26/0000349","Tax Invoice","95400.00","9.00","9.00",NULL,"112572.00","112572.00","2025-06-23 11:42:18","112459.00","113.00","paid","2025-12-15 10:07:53","Ref7bVitnRTgOL34TkpkBZVo2 | 49L4ZL8DEYNIC",NULL,"Active"
"Ultrahuman Healthcare Pvt Ltd","HNV/25-26/234","domestic","INR","UH/PO/25-26/0001312","Tax Invoice","630000.00","9.00","9.00",NULL,"743400.00","743400.00","2025-06-23 14:12:05","742657.00","743.00","paid","2025-12-15 10:06:40","Ref3Bas4H4QDTtvwBDsIEg2Gr | 49L4ZL8DEYBF5",NULL,"Active"
"Ultrahuman Healthcare Pvt Ltd","HNV/25-26/235","domestic","INR","UH/PO/25-26/0000663","Tax Invoice","48755.00","9.00","9.00",NULL,"57530.90","57530.90","2025-06-23 14:15:44","57473.00","57.90","paid","2025-12-15 10:06:19","Ref3Bas4H4QDTtvwBDsIEg2Gr | 49L4ZL8DEYBF5",NULL,"Active"
"Shanthi Gears Limited","HNV/25-26/236","domestic","INR","224015987; 224020495","Tax Invoice","15484.00",NULL,NULL,"18.00","18271.12","18271.12","2025-06-24 10:13:22","0.00","18271.12","pending","2025-06-24 10:13:22",NULL,NULL,"Active"
"Ultrahuman Healthcare Pvt Ltd","HNV/25-26/237","domestic","INR"," UH/PO/25-26/0000349","Tax Invoice","64660.00","9.00","9.00",NULL,"76298.80","76298.80","2025-06-24 11:30:51","76223.00","75.80","paid","2025-12-15 10:05:58","Ref3Bas4H4QDTtvwBDsIEg2Gr | 49L4ZL8DEYBF5",NULL,"Active"
"Ultrahuman Healthcare Pvt Ltd","HNV/25-26/238","domestic","INR"," UH/PO/25-26/0001312","Tax Invoice","378000.00","9.00","9.00",NULL,"446040.00","446040.00","2025-06-24 13:56:01","445594.00","446.00","paid","2025-12-15 10:05:31","Ref3Bas4H4QDTtvwBDsIEg2Gr | 49L4ZL8DEYBF5",NULL,"Active"
"Nimble Robotics.","HNV/25-26/E/71","export","USD","PO-8446","Tax Invoice","989.66",NULL,NULL,NULL,"989.66","86100.42","2025-06-25 09:46:57","989.66","0.00","paid","2025-09-26 06:00:18","XD3KZXDY7D",NULL,"Active"
"Nimble Robotics.","HNV/25-26/E/72","export","USD","PO-8446","Tax Invoice","989.66",NULL,NULL,NULL,"989.66","86100.42","2025-06-25 09:49:48","989.66","0.00","paid","2025-09-26 05:55:33","7YTMEZRMZU",NULL,"Active"
"AMIDC Automation Technologies Pvt Ltd","HNV/25-26/239","domestic","INR","AMIDC/PO/00341/2025-26","Tax Invoice","76804.00","9.00","9.00",NULL,"90628.72","90628.72","2025-06-25 11:02:56","89092.00","1536.72","paid","2026-04-02 08:39:21","IDFBH25219093","2025-08-07","Active"
"Ultrahuman Healthcare Pvt Ltd","HNV/25-26/240","domestic","INR"," UH/PO/25-26/0000349","Tax Invoice","94870.00","9.00","9.00",NULL,"111946.60","111946.60","2025-06-25 11:20:28","111835.00","111.60","paid","2025-12-15 10:05:08","Ref3Bas4H4QDTtvwBDsIEg2Gr | 49L4ZL8DEYBF5",NULL,"Active"
"AMIDC Automation Technologies Pvt Ltd","HNV/25-26/241","domestic","INR","#AMIDC/PO/00340/2025-26","Tax Invoice","66293.00","9.00","9.00",NULL,"78225.74","78225.74","2025-06-25 11:28:06","76699.00","1526.74","paid","2026-04-02 08:39:50","IDFBH25219093","2025-08-07","Active"
"Hylio, Inc","HNV/25-26/E/73","export","USD","P3890","Tax Invoice","2.00",NULL,NULL,NULL,"2.00","171.12","2025-06-25 11:46:20","0.00","2.00","pending","2025-06-25 11:46:20",NULL,NULL,"Active"
"AMIDC Automation Technologies Pvt Ltd","HNV/25-26/242","domestic","INR","#AMIDC/PO/00343/2025-26; 00347; 00348","Tax Invoice","24048.00","9.00","9.00",NULL,"28376.64","28376.64","2025-06-25 12:16:36","27895.00","481.64","paid","2026-04-02 08:40:10","IDFBH25219093","2025-08-07","Active"
"AMIDC Automation Technologies Pvt Ltd","HNV/25-26/243","domestic","INR","AMIDC/PO/00349/2025-26; #AMIDC/PO/00344/2025-26","Tax Invoice","12544.00","9.00","9.00",NULL,"14801.92","14801.92","2025-06-25 12:27:09","14550.92","251.00","paid","2026-04-02 08:40:35","IDFBH25219093","2025-08-07","Active"
"AMIDC Automation Technologies Pvt Ltd","HNV/25-26/244","domestic","INR","#AMIDC/PO/00351/2025-26","Tax Invoice","18250.00","9.00","9.00",NULL,"21535.00","21535.00","2025-06-25 12:33:27","21170.00","365.00","paid","2026-04-02 08:41:03","IDFBH25219093","2025-08-07","Active"
"Hylio, Inc","HNV/25-26/E/74","export","USD","P3890","Tax Invoice","6909.63",NULL,NULL,NULL,"6909.63","595610.11","2025-06-25 12:43:46","6909.63","0.00","paid","2025-07-10 07:10:37","Paid as per PI HNV/25-26/E/6",NULL,"Active"
"Nimble Robotics.","HNV/25-26/E/75","export","USD","PO-8447","Tax Invoice","551.60",NULL,NULL,NULL,"551.60","47547.92","2025-06-26 09:47:24","551.60","0.00","paid","2025-07-30 07:44:00","8KLK4QTLHG",NULL,"Active"
"Ultrahuman Healthcare Pvt Ltd","HNV/25-26/245","domestic","INR","UH/PO/25-26/0000349","Tax Invoice","95930.00","9.00","9.00",NULL,"113197.40","113197.40","2025-06-26 11:31:58","113084.00","113.40","paid","2025-12-15 10:04:49","Ref3Bas4H4QDTtvwBDsIEg2Gr | 49L4ZL8DEYBF5",NULL,"Active"
"Dawson Manufacturing","HNV/25-26/E/76","export","USD","PO-05932","Tax Invoice","3077.50",NULL,NULL,NULL,"3077.50","263310.90","2025-06-27 04:50:49","3077.50","0.00","paid","2025-07-18 06:18:45",,NULL,"Active"
"Dawson Manufacturing","HNV/25-26/E/77","export","USD","PO-05932","Tax Invoice","2652.50",NULL,NULL,NULL,"2652.50","242969.00","2025-06-27 04:52:56","2652.50","0.00","paid","2025-07-18 06:18:33",,NULL,"Active"
"AMIDC Automation Technologies Pvt Ltd","HNV/25-26/246","domestic","INR","AMIDC/PO/00373/2025-26","Tax Invoice","58250.00","9.00","9.00",NULL,"68735.00","68735.00","2025-06-27 05:07:46","67570.00","1165.00","paid","2026-04-02 08:42:28","IDFB604064226913","2026-02-09","Active"
"Algofet Private Limited","HNV/25-26/247","domestic","INR","Mail Confirmation (1065V0)","Tax Invoice","6290.00","9.00","9.00",NULL,"7422.20","7422.20","2025-06-27 06:48:39","0.00","7422.20","pending","2025-06-27 06:48:39",NULL,NULL,"Active"
"Algofet Private Limited","HNV/25-26/248","domestic","INR","Mail Confirmation ","Tax Invoice","32140.00","9.00","9.00",NULL,"37925.20","37925.20","2025-06-27 06:51:53","0.00","37925.20","pending","2025-06-27 06:51:53",NULL,NULL,"Active"
"Algofet Private Limited","HNV/25-26/249","domestic","INR","Mail confirmation","Tax Invoice","2800.00","9.00","9.00",NULL,"3304.00","3304.00","2025-06-27 06:56:42","0.00","3304.00","pending","2025-06-27 06:56:42",NULL,NULL,"Active"
"Nimble Robotics.","HNV/25-26/E/78","export","USD","PO-8447","Tax Invoice","1009.67",NULL,NULL,NULL,"1009.67","87033.55","2025-06-27 10:27:55","1009.67","0.00","paid","2025-07-28 06:51:39","XH88NYJ2FE",NULL,"Active"
"Ultrahuman Healthcare Pvt Ltd","HNV/25-26/250","domestic","INR","UH/PO/25-26/0000349","Tax Invoice","107060.00","9.00","9.00",NULL,"126330.80","126330.80","2025-06-27 11:33:35","126204.00","126.80","paid","2025-12-15 10:04:31","Ref3Bas4H4QDTtvwBDsIEg2Gr | 49L4ZL8DEYBF5",NULL,"Active"
"Krishna Engineering ","HNV/25-26/251","domestic","INR","DC - RDC519","Tax Invoice","20486.00","6.00","6.00",NULL,"22944.32","22944.32","2025-06-27 11:54:27","22944.32","0.00","paid","2026-02-16 10:06:04","NEFT-002573162277","2026-02-16","Active"
"Ultrahuman Healthcare Pvt Ltd","HNV/25-26/252","domestic","INR","UH/PO/25-26/0000663","Tax Invoice","124705.00","9.00","9.00",NULL,"147151.90","147151.90","2025-06-27 12:00:20","147005.00","146.90","paid","2025-12-15 10:03:19","Ref3Bas4H4QDTtvwBDsIEg2Gr | 49L4ZL8DEYBF5",NULL,"Active"
"IBK Engineering Private Limited","HNV/25-26/253","domestic","INR","IBK/25-26/0734","Tax Invoice","3470.00","9.00","9.00",NULL,"4094.60","4094.60","2025-06-27 12:10:11","4094.60","0.00","paid","2026-03-16 05:24:24",NULL,"2026-03-13","Active"
"Nimble Robotics.","HNV/25-26/E/79","export","USD"," PO-8446","Tax Invoice","5937.96",NULL,NULL,NULL,"5937.96","516602.52","2025-06-28 09:03:19","5937.96","0.00","paid","2025-09-26 05:53:15","VYCKJM5FV3",NULL,"Active"
"Ultrahuman Healthcare Pvt Ltd","HNV/25-26/254","domestic","INR"," UH/PO/25-26/0000349","Tax Invoice","112890.00","9.00","9.00",NULL,"133210.20","133210.20","2025-06-28 11:33:00","133077.00","133.20","paid","2025-12-15 10:03:40","Ref3Bas4H4QDTtvwBDsIEg2Gr | 49L4ZL8DEYBF5",NULL,"Active"
"Ultrahuman Healthcare Pvt Ltd","HNV/25-26/255","domestic","INR","UH/PO/25-26/0000663","Tax Invoice","124215.00","9.00","9.00",NULL,"146573.70","146573.70","2025-06-28 12:18:00","146449.00","124.70","paid","2026-04-08 07:22:16","RefS31216674,043661829101","2026-03-09","Active"
"Nimble Robotics.","HNV/25-26/E/80","export","USD","PO-8447","Tax Invoice","83739.00",NULL,NULL,NULL,"83739.00","7467844.02","2025-06-28 14:00:55","83739.00","0.00","paid","2026-01-06 07:02:07","6BUJNVDZH5","2026-01-06","Active"
"Nimble Robotics.","HNV/25-26/E/81","export","USD","PO-8798","Tax Invoice","1444.00",NULL,NULL,NULL,"1444.00","125628.00","2025-06-28 14:03:55","1444.00","0.00","paid","2025-09-26 05:53:44","FJUZN8MAF8",NULL,"Active"
"Ultrahuman Healthcare Pvt Ltd","HNV/25-26/256","domestic","INR","UH/PO/25-26/0001312","Tax Invoice","136000.00","9.00","9.00",NULL,"160480.00","160480.00","2025-06-28 15:35:44","160320.00","160.00","paid","2025-12-15 10:02:37","Ref3Bas4H4QDTtvwBDsIEg2Gr | 49L4ZL8DEYBF5",NULL,"Active"
"Nimble Robotics.","HNV/25-26/E/82","export","USD","PO-8446","Tax Invoice","1979.32",NULL,NULL,NULL,"1979.32","172200.84","2025-06-30 07:03:56","1979.32","0.00","paid","2025-09-15 05:25:50","4LUMJVV7EM",NULL,"Active"
"Astrobase Space Technologies Pvt. Ltd","HNV/25-26/257","domestic","INR","PO-ABST-0212","Tax Invoice","14555.00","9.00","9.00",NULL,"17174.90","17174.90","2025-06-30 11:12:34","0.00","17174.90","pending","2025-06-30 11:12:34",NULL,NULL,"Active"
"Ultrahuman Healthcare Pvt Ltd","HNV/25-26/258","domestic","INR"," UH/PO/25-26/0000349","Tax Invoice","79500.00","9.00","9.00",NULL,"93810.00","93810.00","2025-06-30 11:42:52","93716.00","94.00","paid","2025-12-15 10:02:13","Ref3Bas4H4QDTtvwBDsIEg2Gr | 49L4ZL8DEYBF5",NULL,"Active"
"Origin Biologics","HNV/25-26/E/83","export","USD","P01159","Tax Invoice","3252.00",NULL,NULL,NULL,"3252.00","282924.00","2025-07-01 05:15:55","3252.00","0.00","paid","2025-09-10 07:28:45","2025081100635760",NULL,"Active"
"Warbler PSM Private Limited","HNV/25-26/260","domestic","INR","As per Mail confirmation","Proforma Invoice","9200.00",NULL,NULL,"18.00","10856.00","10856.00","2025-07-01 08:01:02","0.00","10856.00","pending","2025-07-01 08:06:13",NULL,NULL,"Active"
"JOHNSON OUTDOORS ","HNV/25-26/E/84","export","USD","1366871 OP","Tax Invoice","1172.30",NULL,NULL,NULL,"1172.30","100301.99","2025-07-01 10:48:26","1172.30","0.00","paid","2025-07-10 07:12:07","9200600183JO 07/Jul",NULL,"Active"
"Ultrahuman Healthcare Pvt Ltd","HNV/25-26/261","domestic","INR","UH/PO/25-26/0000349","Tax Invoice","108650.00","9.00","9.00",NULL,"128207.00","128207.00","2025-07-01 11:30:14","128098.00","109.00","paid","2025-12-15 09:52:15","RefS57831764",NULL,"Active"
"Ultrahuman Healthcare Pvt Ltd","HNV/25-26/262","domestic","INR","#UH/PO/25-26/0001697","Tax Invoice","113868.00","6.00","6.00",NULL,"127532.16","127532.16","2025-07-01 12:59:09","0.00","127532.16","pending","2025-07-01 12:59:09",NULL,NULL,"Active"
"Ultrahuman Healthcare Pvt Ltd","HNV/25-26/263","domestic","INR","#UH/PO/25-26/0001698","Tax Invoice","182256.00","6.00","6.00",NULL,"204126.72","204126.72","2025-07-01 12:59:15","0.00","204126.72","pending","2025-07-01 12:59:15",NULL,NULL,"Active"
"Ultrahuman Healthcare Pvt Ltd","HNV/25-26/264","domestic","INR","#UH/PO/25-26/0001705","Tax Invoice","7200.00","9.00","9.00",NULL,"8496.00","8496.00","2025-07-01 13:03:40","8488.00","8.00","paid","2025-12-15 10:01:46","Ref3Bas4H4QDTtvwBDsIEg2Gr | 49L4ZL8DEYBF5",NULL,"Active"
"Ultrahuman Healthcare Pvt Ltd","HNV/25-26/265","domestic","INR","#UH/PO/25-26/0001707","Tax Invoice","7500.00","9.00","9.00",NULL,"8850.00","8850.00","2025-07-01 13:07:25","8841.00","9.00","paid","2025-12-15 10:01:26","Ref3Bas4H4QDTtvwBDsIEg2Gr | 49L4ZL8DEYBF5",NULL,"Active"
"Ultrahuman Healthcare Pvt Ltd","HNV/25-26/266","domestic","INR","#UH/PO/25-26/0001708","Tax Invoice","51030.00","9.00","9.00",NULL,"60215.40","60215.40","2025-07-01 13:10:05","60155.00","60.40","paid","2025-12-15 10:01:06","Ref3Bas4H4QDTtvwBDsIEg2Gr | 49L4ZL8DEYBF5",NULL,"Active"
"Ultrahuman Healthcare Pvt Ltd","HNV/25-26/267","domestic","INR","UH/PO/25-26/0001706","Tax Invoice","53925.00","9.00","9.00",NULL,"63631.50","63631.50","2025-07-01 13:57:44","0.00","63631.50","pending","2025-07-01 13:57:44",NULL,NULL,"Active"
"Rapture Innovation Labs Pvt. Ltd ","HNV/25-26/268","domestic","INR","PO-00139","Tax Invoice","16400.00","6.00","6.00",NULL,"18368.00","18368.00","2025-07-02 04:52:42","18368.00","0.00","paid","2025-08-20 10:00:11",,NULL,"Active"
"Ultrahuman Healthcare Pvt Ltd","HNV/25-26/269","domestic","INR","UH/PO/25-26/0000979","Tax Invoice","73440.00","9.00","9.00",NULL,"86659.20","86659.20","2025-07-02 07:11:09","86573.00","86.20","paid","2025-12-15 10:00:42","Ref3Bas4H4QDTtvwBDsIEg2Gr | 49L4ZL8DEYBF5",NULL,"Active"
"Nimble Robotics.","HNV/25-26/E/85","export","USD","PO-8447","Tax Invoice","202.47",NULL,NULL,NULL,"202.47","17452.91","2025-07-03 10:25:18","202.47","0.00","paid","2025-07-30 07:44:31","NCY68RY9MW",NULL,"Active"
"Technical Manufacturing Corporation AMETEK","HNV/25-26/E/86","export","USD"," VO-200480","Tax Invoice","4752.00",NULL,NULL,NULL,"4752.00","413424.00","2025-07-03 11:11:12","4752.00","0.00","paid","2025-09-12 10:59:58","9550400254JO",NULL,"Active"
"Astrobase Space Technologies Pvt. Ltd","HNV/25-26/270","domestic","INR","PO-ABST-0154","Tax Invoice","17647.20","9.00","9.00",NULL,"20823.70","20823.70","2025-07-04 08:22:15","20823.70","0.00","paid","2026-01-21 12:29:01","E-0212671651011","2026-01-21","Active"
"Nimble Robotics.","HNV/25-26/E/87","export","USD","PO-8446","Tax Invoice","1979.32",NULL,NULL,NULL,"1979.32","172200.84","2025-07-05 07:31:36","1979.32","0.00","paid","2025-09-26 05:58:10","9DC2YP2TZJ",NULL,"Active"
"Nimble Robotics.","HNV/25-26/E/88","export","USD","PO-8446","Tax Invoice","1979.32",NULL,NULL,NULL,"1979.32","172200.84","2025-07-07 09:51:24","1979.32","0.00","paid","2025-09-26 05:59:42","MK2767AQUK",NULL,"Active"
"Ultrahuman Healthcare Pvt Ltd","HNV/25-26/271","domestic","INR","UH/PO/25-26/0000349","Tax Invoice","7360.00","9.00","9.00",NULL,"0.00","0.00","2025-07-07 10:38:36","0.00","0.00","pending","2026-04-15 09:52:54",NULL,NULL,"Cancelled"
"Ultrahuman Healthcare Pvt Ltd","HNV/25-26/272","domestic","INR","#UH/PO/25-26/0001312","Tax Invoice","756000.00","9.00","9.00",NULL,"0.00","0.00","2025-07-07 12:03:33","0.00","0.00","pending","2026-03-12 05:05:24",NULL,NULL,"Cancelled"
"ALLEGION INDIA PRIVATE LIMITED","HNV/25-26/273","domestic","INR"," PO25-00528","Tax Invoice","28474.58","6.00","6.00",NULL,"31891.53","31891.53","2025-07-08 09:19:36","31891.54","-0.01","paid","2025-08-25 04:59:40","CITIN25612265066",NULL,"Active"
"ALLEGION INDIA PRIVATE LIMITED","HNV/25-26/274","domestic","INR"," PO25-00539","Tax Invoice","6055.00","9.00","9.00",NULL,"7144.90","7144.90","2025-07-08 09:22:04","7144.90","0.00","paid","2025-08-25 04:59:17","CITIN25612265066",NULL,"Active"
"Ultrahuman Healthcare Pvt Ltd","HNV/25-26/275","domestic","INR","UH/PO/25-26/0000349","Tax Invoice","613740.00","9.00","9.00",NULL,"724213.20","724213.20","2025-07-08 11:31:38","723599.00","614.20","paid","2025-12-15 09:54:15","RefS31216783",NULL,"Active"
"Nimble Robotics.","HNV/25-26/E/89","export","USD","PO-8447","Tax Invoice","86422.54",NULL,NULL,NULL,"86422.54","7518760.98","2025-07-09 06:42:43","86422.54","0.00","paid","2025-08-18 10:19:17","54ZVGBQUK2",NULL,"Active"
"Nimble Robotics.","HNV/25-26/E/90","export","USD","  PO-8798","Tax Invoice","1227.40",NULL,NULL,NULL,"1227.40","106783.80","2025-07-09 06:45:48","1227.40","0.00","paid","2025-09-26 05:52:57","WFWD4RPJBA",NULL,"Active"
"Nimble Robotics.","HNV/25-26/E/91","export","USD"," PO-8446","Tax Invoice","2968.98",NULL,NULL,NULL,"2968.98","258301.26","2025-07-09 08:36:52","2968.98","0.00","paid","2025-09-04 07:49:29","6ZGFPP7QNY",NULL,"Active"
"Custiv manufacturing Solution private limited ","HNV/25-26/276","domestic","INR"," PO-004/2025-26","Tax Invoice","14450.00","9.00","9.00",NULL,"17051.00","17051.00","2025-07-09 10:32:55","0.00","17051.00","pending","2026-03-27 07:46:50",NULL,NULL,"Active"
"ALLEGION INDIA PRIVATE LIMITED","HNV/25-26/277","domestic","INR"," PO25-00511","Tax Invoice","38480.00","9.00","9.00",NULL,"45406.40","45406.40","2025-07-10 15:48:06","45406.40","0.00","paid","2025-08-25 05:00:02","CITIN25612265066",NULL,"Active"
"Time Warp Racing Pty Ltd","HNV/25-26/E/92","export","USD","TRW25-746","Tax Invoice","2277.67",NULL,NULL,NULL,"2277.67","196335.15","2025-07-11 10:30:45","2277.67","0.00","paid","2025-07-21 10:59:02","2296882902",NULL,"Active"
"Time Warp Racing Pty Ltd","HNV/25-26/E/93","export","USD","TRW25-746","Tax Invoice","267.21",NULL,NULL,NULL,"267.21","24476.44","2025-07-11 10:32:55","267.21","0.00","paid","2025-07-21 10:59:14","2296882902",NULL,"Active"
"Sansera Engineering Ltd Plant-11","HNV/25-26/278","domestic","INR","1250014721","Tax Invoice","25056.00","9.00","9.00",NULL,"29566.08","29566.08","2025-07-11 10:35:04","29566.08","0.00","paid","2025-09-10 07:35:55","1500370228",NULL,"Active"
"Nimble Robotics.","HNV/25-26/E/94","export","USD","PO-8446","Tax Invoice","5937.96",NULL,NULL,NULL,"5937.96","516602.52","2025-07-12 05:44:13","5937.96","0.00","paid","2025-09-04 07:48:55","F6TEYCL8XD",NULL,"Active"
"GEE KEYY ENGINEERING CO.,","HNV/25-26/279","domestic","INR","252600358","Tax Invoice","116025.00",NULL,NULL,"18.00","136909.50","136909.50","2025-07-12 08:31:37","0.00","136909.50","pending","2025-07-12 08:34:37",NULL,NULL,"Active"
"Universal Analyzers Barben Analytical AMETEK","HNV/25-26/E/95","export","USD","526006","Tax Invoice","376.08",NULL,NULL,NULL,"376.08","32177.40","2025-07-12 10:06:10","0.00","376.08","pending","2025-07-12 10:06:10",NULL,NULL,"Active"
"Nimble Robotics.","HNV/25-26/E/96","export","USD","PO-8427","Tax Invoice","14117.65",NULL,NULL,NULL,"14117.65","1293176.74","2025-07-14 07:25:10","14117.65","0.00","paid","2025-09-26 05:54:06","TRSJ2UVZC5",NULL,"Active"
"Ultrahuman Healthcare Pvt Ltd","HNV/25-26/280","domestic","INR","UH/PO/25-26/0000349","Tax Invoice","546430.00","9.00","9.00",NULL,"644787.40","644787.40","2025-07-14 11:22:33","644241.00","546.40","paid","2025-12-15 09:54:33","RefS31216830",NULL,"Active"
"Universal Analyzers Barben Analytical AMETEK","HNV/25-26/E/97","export","USD","526416","Tax Invoice","3172.50",NULL,NULL,NULL,"3172.50","276007.50","2025-07-15 09:24:24","3172.50","0.00","paid","2025-09-15 05:57:42","9116400247JO",NULL,"Active"
"Ultrahuman Healthcare Pvt Ltd","HNV/25-26/281","domestic","INR","UH/PO/25-26/0001312","Tax Invoice","629000.00","9.00","9.00",NULL,"742220.00","742220.00","2025-07-15 12:14:24","741591.00","629.00","paid","2025-12-15 09:53:49","RefS57833809",NULL,"Active"
"Ultrahuman Healthcare Pvt Ltd","HNV/25-26/282","domestic","INR","UH/PO/25-26/0001312","Tax Invoice","504000.00","9.00","9.00",NULL,"594720.00","594720.00","2025-07-17 09:55:36","594125.00","595.00","paid","2025-12-15 10:00:25","Ref3Bas4H4QDTtvwBDsIEg2Gr | 49L4ZL8DEYBF5",NULL,"Active"
"Nimble Robotics.","HNV/25-26/E/98","export","USD"," PO-8446","Tax Invoice","1979.32",NULL,NULL,NULL,"1979.32","172200.84","2025-07-18 05:49:20","1979.32","0.00","paid","2025-09-26 05:56:08","JHUZ98CSFE",NULL,"Active"
"AMIDC Automation Technologies Pvt Ltd","HNV/25-26/283","domestic","INR","Mail Confirmation ","Tax Invoice","91840.00","9.00","9.00",NULL,"108371.20","108371.20","2025-07-18 06:31:19","106534.00","1837.20","paid","2026-03-28 05:38:16","IDFB604064226913","2026-02-09","Active"
"Nimble Robotics.","HNV/25-26/E/45B","export","USD"," PO-8798","Tax Invoice","1155.20",NULL,NULL,NULL,"1155.20","100502.40","2025-06-02 09:41:21","1155.20","0.00","paid","2025-09-26 05:55:16","WHNC72T6YR",NULL,"Active"
"Ultrahuman Healthcare Pvt Ltd","HNV/25-26/284","domestic","INR","UH/PO/25-26/0001312","Tax Invoice","504000.00","9.00","9.00",NULL,"594720.00","594720.00","2025-07-18 12:01:26","594125.00","595.00","paid","2025-12-15 10:00:03","Ref3Bas4H4QDTtvwBDsIEg2Gr | 49L4ZL8DEYBF5",NULL,"Active"
"Nimble Robotics.","HNV/25-26/E/100","export","USD","PO-8933","Tax Invoice","10.00","0.00","0.00","0.00","10.00","862.00","2025-07-21 07:22:23","0.00","10.00","pending","2025-07-22 10:25:18",NULL,NULL,"Active"
"MayMaan Research, Inc.","HNV/25-26/E/99","export","USD","MM202507-005","Tax Invoice","2163.24","0.00","0.00","0.00","2163.24","186471.29","2025-07-21 07:40:43","2163.24","0.00","paid","2025-07-23 10:11:34","Paid",NULL,"Active"
"Ultrahuman Healthcare Pvt Ltd","HNV/25-26/285","domestic","INR","#UH/PO/25-26/0002188","Tax Invoice","47512.50","9.00","9.00","0.00","56064.75","56064.75","2025-07-21 10:48:44","0.00","56064.75","pending","2025-07-21 10:48:44",NULL,NULL,"Active"
"ALLEGION INDIA PRIVATE LIMITED","HNV/25-26/286","domestic","INR"," PO25-00589","Tax Invoice","40500.00","9.00","9.00","0.00","47790.00","47790.00","2025-07-22 04:35:47","47790.00","0.00","paid","2025-09-05 11:26:51",,NULL,"Active"
"Nimble Robotics.","HNV/25-26/E/102","export","USD","PO-8447","Tax Invoice","27174.03","0.00","0.00","0.00","27174.03","2423380.00","2025-07-21 10:25:00","27174.03","0.00","paid","2025-12-12 13:22:34","RNVU386588",NULL,"Active"
"Nimble Robotics.","HNV/25-26/E/101","export","USD","PO-8446","Tax Invoice","3958.64","0.00","0.00","0.00","3958.64","344401.68","2025-07-21 10:27:50","3958.64","0.00","paid","2025-09-04 07:48:32","B8C5KWYJ89",NULL,"Active"
"Nimble Robotics.","HNV/25-26/E/103","export","USD","PO-8798 ","Tax Invoice","216.60","0.00","0.00","0.00","216.60","18844.20","2025-07-21 10:30:19","216.60","0.00","paid","2025-09-26 06:00:36","H7NJTDY27Z",NULL,"Active"
"Universal Analyzers Barben Analytical AMETEK","HNV/25-26/E/104","export","USD","526720","Tax Invoice","2227.20","0.00","0.00","0.00","2227.20","193766.40","2025-07-22 12:15:46","2227.20","0.00","paid","2025-09-15 05:58:05","9116400247JO",NULL,"Active"
"Universal Analyzers Barben Analytical AMETEK","HNV/25-26/E/105","export","USD","526472","Tax Invoice","2172.00","0.00","0.00","0.00","2172.00","188964.00","2025-07-22 12:31:38","2172.00","0.00","paid","2025-09-15 05:58:26","9116400247JO",NULL,"Active"
"Ultrahuman Healthcare Pvt Ltd","HNV/25-26/287","domestic","INR","UH/PO/25-26/0000349","Tax Invoice","508800.00","9.00","9.00","0.00","600384.00","600384.00","2025-07-23 04:23:34","599875.00","509.00","paid","2025-12-15 09:53:04","RefS57833802",NULL,"Active"
"Rapture Innovation Labs Pvt. Ltd ","HNV/25-26/288","domestic","INR","Mail Confirmation ","Tax Invoice","33948.00","6.00","6.00","0.00","38021.76","38021.76","2025-07-23 06:21:43","38021.76","0.00","paid","2025-08-20 10:00:28",,NULL,"Active"
"MayMaan Research, Inc.","HNV/25-26/E/106","export","USD","MM202507-005","Tax Invoice","725.00","0.00","0.00","0.00","725.00","66410.00","2025-07-23 10:04:42","725.00","0.00","paid","2025-07-23 10:11:22","Paid ",NULL,"Active"
"Micropoise Measurement Systems Ametek ","HNV/25-26/E/107","export","USD","PR-050825-0001","Tax Invoice","1268.10","0.00","0.00","0.00","1268.10","110324.70","2025-07-23 10:10:31","1268.10","0.00","paid","2025-09-26 06:13:10","2427758",NULL,"Active"
"Ultrahuman Healthcare Pvt Ltd","HNV/25-26/289","domestic","INR"," UH/PO/25-26/0000349","Tax Invoice","106530.00","9.00","9.00","0.00","125705.40","125705.40","2025-07-23 11:27:26","0.00","125705.40","pending","2025-07-23 11:27:25",NULL,NULL,"Active"
"Nimble Robotics.","HNV/25-26/E/108","export","USD","PO-8446","Tax Invoice","2968.98","0.00","0.00","0.00","2968.98","258301.26","2025-07-23 11:56:41","2968.98","0.00","paid","2025-09-26 05:58:44","EFPSF2VEFE",NULL,"Active"
"Astrobase Space Technologies Pvt. Ltd","HNV/25-26/290","domestic","INR","PO-ABST-0299","Tax Invoice","61504.00","9.00","9.00","0.00","72574.72","72574.72","2025-07-24 04:59:36","72574.00","0.72","paid","2025-07-28 05:26:10","CMS2072524592028",NULL,"Active"
"Asteria aerosapace limited","HNV/25-26/291","domestic","INR"," PUR-ORD-2025-00637","Tax Invoice","7710.00","9.00","9.00","0.00","9097.80","9097.80","2025-07-24 11:10:36","9098.00","-0.20","paid","2025-09-11 05:20:05","S91948198",NULL,"Active"
"ALLEGION INDIA PRIVATE LIMITED","HNV/25-26/292","domestic","INR","PO25-00553","Tax Invoice","35493.56","9.00","9.00","0.00","41882.40","41882.40","2025-07-24 11:15:41","41882.16","0.24","paid","2025-09-05 11:27:05",,NULL,"Active"
"Ultrahuman Healthcare Pvt Ltd","HNV/25-26/293","domestic","INR","UH/PO/25-26/0000349","Tax Invoice","86390.00","9.00","9.00","0.00","101940.20","101940.20","2025-07-24 11:35:53","101854.00","86.20","paid","2025-12-15 09:52:40","RefS57834603",NULL,"Active"
"Ametek Instruments India Pvt Ltd.","HNV/25-26/294","domestic","INR"," AR1028013","Tax Invoice","65825.91","9.00","9.00","0.00","77674.57","77674.57","2025-07-24 11:59:42","0.00","77674.57","pending","2025-07-24 11:59:41",NULL,NULL,"Active"
"Micropoise Measurement Systems Ametek ","HNV/25-26/E/109","export","USD","PR-070925-0022","Tax Invoice","269.00","0.00","0.00","0.00","269.00","24640.40","2025-07-25 10:32:51","269.00","0.00","paid","2026-02-06 06:26:21",NULL,"2025-09-26","Active"
"Ultrahuman Healthcare Pvt Ltd","HNV/25-26/295","domestic","INR","UH/PO/25-26/0000349","Tax Invoice","111300.00","9.00","9.00","0.00","131334.00","131334.00","2025-07-25 11:40:18","131223.00","111.00","paid","2025-12-15 09:49:34",,NULL,"Active"
"Ultrahuman Healthcare Pvt Ltd","HNV/25-26/296","domestic","INR","UH/PO/25-26/0001312","Tax Invoice","504000.00","9.00","9.00","0.00","594720.00","594720.00","2025-07-25 12:44:54","594216.00","504.00","paid","2025-12-15 09:44:07",,NULL,"Active"
"Nimble Robotics.","HNV/25-26/E/110","export","USD"," PO-8446","Tax Invoice","3958.64","0.00","0.00","0.00","3958.64","344401.68","2025-07-26 08:48:51","3958.64","0.00","paid","2025-09-26 05:56:24","FL5QEUUPL9",NULL,"Active"
"Nimble Robotics.","HNV/25-26/E/111","export","USD","PO-8933","Tax Invoice","989.66","0.00","0.00","0.00","989.66","86100.42","2025-07-26 09:24:44","989.66","0.00","paid","2025-11-06 07:28:25","ARX6Z3JY9Q",NULL,"Active"
"Ultrahuman Healthcare Pvt Ltd","HNV/25-26/297","domestic","INR"," UH/PO/25-26/0001312","Tax Invoice","1512000.00","9.00","9.00","0.00","1784160.00","1784160.00","2025-07-26 10:11:51","1782648.00","1512.00","paid","2025-12-15 09:51:57","RefS57831353",NULL,"Active"
"Ultrahuman Healthcare Pvt Ltd","HNV/25-26/298","domestic","INR","UH/PO/25-26/0000349","Tax Invoice","108120.00","9.00","9.00","0.00","127581.60","127581.60","2025-07-28 04:27:54","126224.00","1357.60","paid","2026-02-12 07:05:55","HSBCR22025122533975534","2025-12-25","Active"
"IDEAFORGE TECHNOLOGY LIMITED","HNV/25-26/299","domestic","INR","PO/OP/25-26/41002","Tax Invoice","60187.50","0.00","0.00","18.00","71021.25","71021.25","2025-07-28 05:53:54","0.00","71021.25","pending","2026-03-27 07:46:50",NULL,NULL,"Active"
"Nimble Robotics.","HNV/25-26/E/112","export","USD","PO-8933","Tax Invoice","1979.32","0.00","0.00","0.00","1979.32","172200.84","2025-07-28 09:10:09","1979.32","0.00","paid","2025-10-28 11:08:34","W9G37MRKAT",NULL,"Active"
"Ultrahuman Healthcare Pvt Ltd","HNV/25-26/300","domestic","INR","UH/PO/25-26/0002387","Tax Invoice","308750.00","9.00","9.00","0.00","364325.00","364325.00","2025-07-28 10:55:56","364016.00","309.00","paid","2025-12-15 09:51:12","RefS57830923",NULL,"Active"
"Ultrahuman Healthcare Pvt Ltd","HNV/25-26/301","domestic","INR","UH/PO/25-26/0000349","Tax Invoice","107590.00","9.00","9.00","0.00","126956.20","126956.20","2025-07-28 11:28:40","126849.00","107.20","paid","2025-12-15 09:53:26","RefS57833201",NULL,"Active"
"Nimble Robotics.","HNV/25-26/E/113","export","USD","PO-9853","Tax Invoice","270.00","0.00","0.00","0.00","270.00","23490.00","2025-07-29 09:45:31","270.00","0.00","paid","2025-10-28 11:09:53","R2K29TH3HF",NULL,"Active"
"Ultrahuman Healthcare Pvt Ltd","HNV/25-26/302","domestic","INR","UH/PO/25-26/0000349","Tax Invoice","115540.00","9.00","9.00","0.00","136337.20","136337.20","2025-07-29 11:23:25","136222.00","115.20","paid","2025-12-15 09:42:52","RefS63758219",NULL,"Active"
"Nimble Robotics.","HNV/25-26/E/114","export","USD","PO-8933","Tax Invoice","1979.32","0.00","0.00","0.00","1979.32","172200.84","2025-07-30 09:19:38","1979.32","0.00","paid","2025-10-28 11:08:48","LVF7UDV58R",NULL,"Active"
"Ultrahuman Healthcare Pvt Ltd","HNV/25-26/303","domestic","INR"," UH/PO/25-26/0000349","Tax Invoice","84800.00","9.00","9.00","0.00","100064.00","100064.00","2025-07-30 11:16:33","20775.00","79289.00","partially paid","2026-04-08 07:22:46","043661829101","2026-03-09","Active"
"Nimble Robotics.","HNV/25-26/E/115","export","USD","PO-8933","Tax Invoice","230071.50","0.00","0.00","0.00","230071.50","20016220.50","2025-07-31 11:21:25","230071.50","0.00","paid","2025-10-06 05:52:09","XA677GYFR6",NULL,"Active"
"Ultrahuman Healthcare Pvt Ltd","HNV/25-26/304","domestic","INR","UH/PO/25-26/0000349","Tax Invoice","100700.00","9.00","9.00","0.00","118826.00","118826.00","2025-07-31 11:24:18","0.00","118826.00","pending","2025-07-31 11:24:17",NULL,NULL,"Active"
"Nimble Robotics.","HNV/25-26/E/116","export","USD","PO-9641","Tax Invoice","3718.50","0.00","0.00","0.00","3718.50","323509.50","2025-07-31 11:43:53","3718.50","0.00","paid","2025-09-26 05:59:20","M73CQKGKGE",NULL,"Active"
"Neosky India Limited","HNV/25-26/PI/305","domestic","INR","1150000303","Proforma Invoice","70950.00","9.00","9.00","0.00","83721.00","83721.00","2025-08-01 04:53:50","83721.00","0.00","paid","2025-08-25 04:25:20",,NULL,"Active"
"Technical Manufacturing Corporation AMETEK","HNV/25-26/E/117","export","USD","091685","Tax Invoice","39.88","0.00","0.00","0.00","39.88","3437.66","2025-08-01 06:36:27","0.00","39.88","pending","2025-08-01 06:36:27",NULL,NULL,"Active"
"AMIDC Automation Technologies Pvt Ltd","HNV/25-26/306","domestic","INR","#AMIDC/PO/00529/2025-26","Tax Invoice","20700.00","9.00","9.00","0.00","24426.00","24426.00","2025-08-01 07:04:33","24012.00","414.00","paid","2026-03-28 05:38:39","IDFB604064226913","2026-02-09","Active"
"AMIDC Automation Technologies Pvt Ltd","HNV/25-26/307","domestic","INR","#AMIDC/PO/00563/2025-26","Tax Invoice","1750.00","9.00","9.00","0.00","2065.00","2065.00","2025-08-01 07:07:39","2030.00","35.00","paid","2026-03-28 05:39:01","IDFB604064226913","2026-02-09","Active"
"Ultrahuman Healthcare Pvt Ltd","HNV/25-26/308","domestic","INR","UH/PO/25-26/0000349","Tax Invoice","59360.00","9.00","9.00","0.00","70044.80","70044.80","2025-08-01 11:19:50","69985.00","59.80","paid","2026-04-08 07:23:32","RefS3889733, 043661829101","2026-11-09","Active"
"Maven Techno Industries","HNV/25-26/309","domestic","INR","Mail Confirmation ","Tax Invoice","100860.00","9.00","9.00","0.00","119014.80","119014.80","2025-08-02 04:19:00","0.00","119014.80","pending","2025-08-02 04:19:00",NULL,NULL,"Active"
"Nimble Robotics.","HNV/25-26/E/118","export","USD","PO-8933","Tax Invoice","2968.98","0.00","0.00","0.00","2968.98","258301.26","2025-08-02 08:30:48","2968.98","0.00","paid","2025-10-28 11:09:06","UCZ5X9AAHX",NULL,"Active"
"Micropoise Measurement Systems Ametek ","HNV/25-26/E/119","export","USD"," PR-070725-0002","Tax Invoice","373.00","0.00","0.00","0.00","373.00","32451.00","2025-08-02 08:43:45","373.00","0.00","paid","2025-09-26 06:13:28","2427758",NULL,"Active"
"Micropoise Measurement Systems Ametek ","HNV/25-26/E/120","export","USD","PR-070825-0039","Tax Invoice","1268.10","0.00","0.00","0.00","1268.10","110324.70","2025-08-02 09:10:46","1268.10","0.00","paid","2025-09-26 06:13:49","2427758",NULL,"Active"
"Universal Analyzers Barben Analytical AMETEK","HNV/25-26/E/121","export","USD","526770","Tax Invoice","1269.60","0.00","0.00","0.00","1269.60","110455.20","2025-08-02 09:17:16","1269.60","0.00","paid","2025-09-15 05:58:51","9116400247JO",NULL,"Active"
"Nimble Robotics.","HNV/25-26/E/122","export","USD","PO-9853","Tax Invoice","502.20","0.00","0.00","0.00","502.20","43691.40","2025-08-02 09:39:09","502.20","0.00","paid","2025-11-06 07:27:43","95WPUQ9E73",NULL,"Active"
"V M MANUFACTURERS","HNV/25-26/310","domestic","INR","Mail Confirmation ","Tax Invoice","30600.00","9.00","9.00","0.00","36108.00","36108.00","2025-08-02 09:45:31","0.00","36108.00","pending","2026-03-27 07:46:50",NULL,NULL,"Active"
"Hylio, Inc","HNV/25-26/E/123","export","USD","P3890","Tax Invoice","5.00","0.00","0.00","0.00","5.00","435.00","2025-08-02 09:49:41","5.00","0.00","paid","2025-09-10 07:31:06","NA",NULL,"Active"
"Shanthi Gears Limited","HNV/25-26/311","domestic","INR","225006662","Tax Invoice","13000.00","0.00","0.00","18.00","15340.00","15340.00","2025-08-02 11:18:54","0.00","15340.00","pending","2025-09-08 05:47:28",NULL,NULL,"Active"
"Ultrahuman Healthcare Pvt Ltd","HNV/25-26/312","domestic","INR","UH/PO/25-26/0000349","Tax Invoice","67310.00","9.00","9.00","0.00","79425.80","79425.80","2025-08-04 11:30:52","79358.00","67.80","paid","2026-02-16 11:44:36","RefS3889733","2025-12-16","Active"
"Ultrahuman Healthcare Pvt Ltd","HNV/25-26/313","domestic","INR","UH/PO/25-26/0000349","Tax Invoice","91160.00","9.00","9.00","0.00","107568.80","107568.80","2025-08-05 11:20:35","107478.00","90.80","paid","2026-02-16 11:45:14","RefS3889733","2025-02-16","Active"
"Enkey Engineering Works ","HNV/25-26/314","domestic","INR","Mail Confirmation ","Tax Invoice","7800.00","0.00","0.00","18.00","9204.00","9204.00","2025-08-05 12:58:53","0.00","9204.00","pending","2025-08-20 04:42:16",NULL,NULL,"Active"
"AMIDC Automation Technologies Pvt Ltd","HNV/25-26/315","domestic","INR","#AMIDC/PO/00622/2025-26","Tax Invoice","20000.00","9.00","9.00","0.00","23600.00","23600.00","2025-08-06 07:53:02","23200.00","400.00","paid","2026-03-28 05:39:21","IDFB604064226913","2026-02-09","Active"
"Ultrahuman Healthcare Pvt Ltd","HNV/25-26/316","domestic","INR","UH/PO/25-26/0000349","Tax Invoice","92750.00","9.00","9.00","0.00","109445.00","109445.00","2025-08-06 11:30:46","109352.00","93.00","paid","2026-02-16 11:45:42","RefS3889733","2025-12-16","Active"
"Ultrahuman Healthcare Pvt Ltd","HNV/25-26/317","domestic","INR","UH/PO/25-26/0002387","Tax Invoice","504000.00","9.00","9.00","0.00","594720.00","594720.00","2025-08-06 11:34:42","594216.00","504.00","paid","2025-12-15 09:45:28","RefS63756020",NULL,"Active"
"Nimble Robotics.","HNV/25-26/E/124","export","USD","PO-8933","Tax Invoice","4948.30","0.00","0.00","0.00","4948.30","430502.10","2025-08-07 05:54:31","4948.30","0.00","paid","2025-10-28 11:09:22","BDHX5RZZ3Q",NULL,"Active"
"Vasmed Health Science Private Limited","HNV/25-26/318","domestic","INR","PUR-ORD-2025-00060-1","Tax Invoice","24241.64","9.00","9.00","0.00","28605.14","28605.14","2025-08-07 08:25:23","28605.14","0.00","paid","2026-01-24 10:22:20","102205450726",NULL,"Active"
"Indian Institute Of Space Science and Technology","HNV/25-26/319","domestic","INR","2590101 PO","Tax Invoice","78557.19","0.00","0.00","18.00","92697.48","92697.48","2025-08-07 09:38:41","91921.00","776.48","paid","2025-09-19 09:49:37","NEFT",NULL,"Active"
"NW Engineering Private Limited ","HNV/25-26/320","domestic","INR","Mail Confirmation ","Tax Invoice","29716.00","9.00","9.00","0.00","35064.88","35064.88","2025-08-07 09:43:13","35064.88","0.00","paid","2025-09-12 11:09:55",,NULL,"Active"
"NW Engineering Private Limited ","HNV/25-26/321","domestic","INR","Mail Confirmation ","Tax Invoice","7330.00","9.00","9.00","0.00","8649.40","8649.40","2025-08-07 10:15:46","8649.40","0.00","paid","2025-09-12 11:11:11",,NULL,"Active"
"NW Engineering Private Limited ","HNV/25-26/322","domestic","INR","Mail Confirmation ","Tax Invoice","5157.15","9.00","9.00","0.00","6085.44","6085.44","2025-08-07 10:20:35","6085.44","0.00","paid","2025-09-12 11:11:35",,NULL,"Active"
"NW Engineering Private Limited ","HNV/25-26/323","domestic","INR","Mail Confirmation ","Tax Invoice","5387.50","9.00","9.00","0.00","6357.25","6357.25","2025-08-07 10:31:20","6357.25","0.00","paid","2025-09-12 11:12:10",,NULL,"Active"
"NW Engineering Private Limited ","HNV/25-26/324","domestic","INR","Mail Confirmation ","Tax Invoice","17642.31","9.00","9.00","0.00","20817.93","20817.93","2025-08-07 10:39:06","20817.93","0.00","paid","2025-09-12 11:12:43",,NULL,"Active"
"NW Engineering Private Limited ","HNV/25-26/325","domestic","INR","Mail Confirmation ","Tax Invoice","4542.57","9.00","9.00","0.00","5360.23","5360.23","2025-08-07 10:45:19","5360.23","0.00","paid","2025-09-12 11:13:23",,NULL,"Active"
"NW Engineering Private Limited ","HNV/25-26/326","domestic","INR","Mail Confirmation ","Tax Invoice","3450.00","9.00","9.00","0.00","4071.00","4071.00","2025-08-07 10:51:52","4071.00","0.00","paid","2025-09-12 11:15:05",,NULL,"Active"
"NW Engineering Private Limited ","HNV/25-26/327","domestic","INR","Mail Confirmation ","Tax Invoice","60798.13","9.00","9.00","0.00","71741.79","71741.79","2025-08-07 11:01:59","71741.79","0.00","paid","2025-09-12 11:14:41",,NULL,"Active"
"NW Engineering Private Limited ","HNV/25-26/328","domestic","INR","Mail Confirmation ","Tax Invoice","16000.00","9.00","9.00","0.00","18880.00","18880.00","2025-08-07 11:09:03","0.00","18880.00","pending","2025-08-07 11:09:02",NULL,NULL,"Active"
"NW Engineering Private Limited ","HNV/25-26/329","domestic","INR","Mail Confirmation ","Tax Invoice","63125.00","9.00","9.00","0.00","74487.50","74487.50","2025-08-07 11:13:46","74487.50","0.00","paid","2025-10-09 10:25:13",,NULL,"Active"
"NW Engineering Private Limited ","HNV/25-26/330","domestic","INR","Mail Confirmation ","Tax Invoice","42281.25","9.00","9.00","0.00","49891.88","49891.88","2025-08-07 11:19:31","49891.88","0.00","paid","2025-10-09 10:25:58",,NULL,"Active"
"NW Engineering Private Limited ","HNV/25-26/331","domestic","INR","Mail Confirmation ","Tax Invoice","56737.50","9.00","9.00","0.00","66950.25","66950.25","2025-08-07 11:26:54","66950.25","0.00","paid","2025-10-09 10:26:38",,NULL,"Active"
"Ultrahuman Healthcare Pvt Ltd","HNV/25-26/332","domestic","INR","UH/PO/25-26/0000349","Tax Invoice","85330.00","9.00","9.00","0.00","100689.40","100689.40","2025-08-07 11:31:13","100604.00","85.40","paid","2026-02-16 11:46:11","RefS3889733","2025-12-16","Active"
"NW Engineering Private Limited ","HNV/25-26/333","domestic","INR","Mail Confirmation ","Tax Invoice","5837.50","9.00","9.00","0.00","6888.25","6888.25","2025-08-07 11:37:20","6888.25","0.00","paid","2025-10-09 10:27:43",,NULL,"Active"
"NW Engineering Private Limited ","HNV/25-26/334","domestic","INR","Mail Confirmation ","Tax Invoice","32025.00","9.00","9.00","0.00","37789.50","37789.50","2025-08-07 11:43:31","37789.50","0.00","paid","2025-10-09 10:28:33",,NULL,"Active"
"NW Engineering Private Limited ","HNV/25-26/335","domestic","INR","Mail Confirmation ","Tax Invoice","20500.00","9.00","9.00","0.00","24190.00","24190.00","2025-08-07 11:50:25","24190.00","0.00","paid","2025-10-09 10:31:18",,NULL,"Active"
"NW Engineering Private Limited ","HNV/25-26/336","domestic","INR","Mail Confirmation ","Tax Invoice","812.50","9.00","9.00","0.00","958.75","958.75","2025-08-07 11:53:01","958.75","0.00","paid","2025-10-09 10:30:04",,NULL,"Active"
"Nimble Robotics.","HNV/25-26/E/125","export","USD","PO-8798","Tax Invoice","736.80","0.00","0.00","0.00","736.80","64101.60","2025-08-07 12:01:43","736.80","0.00","paid","2025-09-26 06:00:55","KQS93M5N7K",NULL,"Active"
"Raison Tech ","HNV/25-26/337","domestic","INR","Mail Confirmation ","Tax Invoice","900000.00","9.00","9.00","0.00","1062000.00","1062000.00","2025-08-07 12:27:40","0.00","1062000.00","pending","2025-08-07 12:27:39",NULL,NULL,"Active"
"Ultrahuman Healthcare Pvt Ltd","HNV/25-26/338","domestic","INR","UH/PO/25-26/0002387","Tax Invoice","504000.00","9.00","9.00","0.00","594720.00","594720.00","2025-08-07 13:03:39","594216.00","504.00","paid","2026-02-16 11:46:48","RefS3889733","2025-12-16","Active"
"Nimble Robotics.","HNV/25-26/E/126","export","USD","#PO-9932","Tax Invoice","2173.65","0.00","0.00","0.00","2173.65","189107.55","2025-08-08 08:47:02","2173.65","0.00","paid","2025-11-06 07:29:06","SE25FKN4AS",NULL,"Active"
"AMIDC Automation Technologies Pvt Ltd","HNV/25-26/339","domestic","INR","AMIDC/PO/00561/2025-26 & 00529","Tax Invoice","145490.00","9.00","9.00","0.00","171678.20","171678.20","2025-08-09 04:30:31","168768.20","2910.00","paid","2026-03-28 05:39:59","IDFB604064226913","2026-02-09","Active"
"AMIDC Automation Technologies Pvt Ltd","HNV/25-26/340","domestic","INR","#AMIDC/PO/00634/2025-26","Tax Invoice","6200.00","9.00","9.00","0.00","7316.00","7316.00","2025-08-09 04:33:34","7192.00","124.00","paid","2026-03-28 05:40:26","IDFB604064226913","2026-02-09","Active"
"Ultrahuman Healthcare Pvt Ltd","HNV/25-26/341","domestic","INR","UH/PO/25-26/0000349","Tax Invoice","137800.00","9.00","9.00","0.00","162604.00","162604.00","2025-08-09 12:46:24","0.00","162604.00","pending","2025-08-09 12:46:23",NULL,NULL,"Active"
"Time Warp Racing Pty Ltd","HNV/25-26/E/127","export","USD","TRW25-749 ","Tax Invoice","775.55","0.00","0.00","0.00","775.55","67472.85","2025-08-11 05:47:30","775.55","0.00","paid","2025-08-29 08:20:36","1688562529",NULL,"Active"
"Nimble Robotics.","HNV/25-26/E/128","export","USD","PO-8933","Tax Invoice","1183.50","0.00","0.00","0.00","1183.50","102964.50","2025-08-11 07:06:01","1183.50","0.00","paid","2025-09-26 05:59:01","9AJGNZTCY3",NULL,"Active"
"Sansera Engineering Ltd ","HNV/25-26/342","domestic","INR","Mail Confirmation","Tax Invoice","50630.00","9.00","9.00","0.00","59743.40","59743.40","2025-08-11 10:55:07","59743.40","0.00","paid","2025-09-10 07:35:23","1500373930",NULL,"Active"
"Ultrahuman Healthcare Pvt Ltd","HNV/25-26/343","domestic","INR"," UH/PO/25-26/0000349","Tax Invoice","144160.00","9.00","9.00","0.00","170108.80","170108.80","2025-08-11 11:25:37","169965.00","143.80","paid","2026-02-16 11:47:17","RefS3889733","2025-12-16","Active"
"Time Warp Racing Pty Ltd","HNV/25-26/E/129","export","USD"," TRW25-752","Tax Invoice","239.36","0.00","0.00","0.00","239.36","21346.12","2025-08-12 06:15:16","239.36","0.00","paid","2025-12-31 07:47:24","1683940244","2025-08-21","Active"
"ACTIV MFG(accurate carbide)","HNV/25-26/E/130","export","USD","17452","Tax Invoice","800.00","0.00","0.00","0.00","800.00","69600.00","2025-08-12 06:30:29","800.00","0.00","paid","2025-09-08 06:51:28","HAR250904319304",NULL,"Active"
"ACTIV MFG(accurate carbide)","HNV/25-26/E/131","export","USD","17452","Tax Invoice","1700.00","0.00","0.00","0.00","1700.00","155720.00","2025-08-12 06:32:14","1700.00","0.00","paid","2025-09-05 09:11:20","HAR250904319304",NULL,"Active"
"Ultrahuman Healthcare Pvt Ltd","HNV/25-26/344","domestic","INR","UH/PO/25-26/0002387","Tax Invoice","126000.00","9.00","9.00","0.00","148680.00","148680.00","2025-08-12 10:08:18","148554.00","126.00","paid","2026-02-16 11:47:42","RefS3889733","2025-12-16","Active"
"Ultrahuman Healthcare Pvt Ltd","HNV/25-26/345","domestic","INR","UH/PO/25-26/0000349","Tax Invoice","107060.00","9.00","9.00","0.00","126330.80","126330.80","2025-08-12 10:39:39","0.00","126330.80","pending","2025-08-12 10:39:38",NULL,NULL,"Active"
"Ultrahuman Healthcare Pvt Ltd","HNV/25-26/346","domestic","INR","UH/PO/25-26/0002387","Tax Invoice","252000.00","9.00","9.00","0.00","297360.00","297360.00","2025-08-12 12:42:02","297108.00","252.00","paid","2026-04-08 07:23:57","043661829101","2026-03-09","Active"
"AMIDC Automation Technologies Pvt Ltd","HNV/25-26/347","domestic","INR","AMIDC/PO/00440/2025-26","Tax Invoice","198400.00","9.00","9.00","0.00","234112.00","234112.00","2025-08-13 04:27:41","230144.00","3968.00","paid","2026-03-28 05:41:11","IDFB604064226913","2026-02-09","Active"
"Nimble Robotics.","HNV/25-26/E/132","export","USD","PO-8933","Tax Invoice","9896.60","0.00","0.00","0.00","9896.60","861004.20","2025-08-13 04:52:21","9896.60","0.00","paid","2025-10-28 11:09:36","CHFU7432LB",NULL,"Active"
"Ultrahuman Healthcare Pvt Ltd","HNV/25-26/348","domestic","INR","UH/PO/25-26/0002387","Tax Invoice","125000.00","9.00","9.00","0.00","147500.00","147500.00","2025-08-13 05:03:43","147375.00","125.00","paid","2026-02-12 07:06:29","HSBCR22025122533975534","2025-12-25","Active"
"Ultrahuman Healthcare Pvt Ltd","HNV/25-26/349","domestic","INR","UH/PO/25-26/0000349","Tax Invoice","115010.00","9.00","9.00","0.00","135711.80","135711.80","2025-08-13 11:22:36","135597.00","114.80","paid","2026-02-12 07:07:15","HSBCR22025122533975534","2025-12-25","Active"
"Ultrahuman Healthcare Pvt Ltd","HNV/25-26/350","domestic","INR","UH/PO/25-26/0002387","Tax Invoice","504000.00","9.00","9.00","0.00","594720.00","594720.00","2025-08-13 11:53:19","594216.00","504.00","paid","2026-04-08 07:24:22","043661829101","2026-03-09","Active"
"Ultrahuman Healthcare Pvt Ltd","HNV/25-26/351","domestic","INR","UH/PO/25-26/0000349","Tax Invoice","144690.00","9.00","9.00","0.00","170734.20","170734.20","2025-08-14 11:28:50","170590.00","144.20","paid","2025-12-15 09:46:14","RefS63755978",NULL,"Active"
"Time Warp Racing Pty Ltd","HNV/25-26/E/133","export","USD","TRW25-751 ","Tax Invoice","269.92","0.00","0.00","0.00","269.92","23483.04","2025-08-14 11:36:25","269.92","0.00","paid","2025-10-06 05:30:02","2259356237JS",NULL,"Active"
"Ultrahuman Healthcare Pvt Ltd","HNV/25-26/352","domestic","INR"," UH/PO/25-26/0000349","Tax Invoice","142040.00","9.00","9.00","0.00","167607.20","167607.20","2025-08-16 11:32:17","167465.00","142.20","paid","2026-02-12 07:09:00","HSBCR22025122533975534","2025-12-25","Active"
"Neosky India Limited","HNV/25-26/353","domestic","INR","1150000303","Tax Invoice","70950.00","9.00","9.00","0.00","83721.00","83721.00","2025-08-18 05:00:30","83721.00","0.00","paid","2025-08-25 04:25:02","HDFCN52025082226867148",NULL,"Active"
"Center for Excellence in Energy and Telecommunication (CEET)","HNV/25-26/354","domestic","INR","CEET/2025-26/July-005","Tax Invoice","106879.88","9.00","9.00","0.00","126118.26","126118.26","2025-08-18 05:37:19","126118.00","0.26","paid","2026-02-06 07:49:30","SBIN125242500844","2025-08-30","Active"
"Nimble Robotics.","HNV/25-26/E/134","export","USD","PO-10022","Tax Invoice","23551.00","0.00","0.00","0.00","23551.00","2048937.00","2025-08-18 05:57:49","23551.00","0.00","paid","2025-11-06 07:26:55","PS7EKEVWE8",NULL,"Active"
"NW Engineering Private Limited ","HNV/25-26/355","domestic","INR","Mail Confirmation ","Tax Invoice","3625.00","9.00","9.00","0.00","4277.50","4277.50","2025-08-18 11:05:22","0.00","4277.50","pending","2025-08-18 11:05:22",NULL,NULL,"Active"
"Ultrahuman Healthcare Pvt Ltd","HNV/25-26/356","domestic","INR","UH/PO/25-26/0000349","Tax Invoice","109710.00","9.00","9.00","0.00","129457.80","129457.80","2025-08-18 11:31:02","129348.00","109.80","paid","2026-02-12 07:10:19","HSBCR22025122533975534","2025-12-25","Active"
"NW Engineering Private Limited ","HNV/25-26/357","domestic","INR","PR126 - Mail Confirmation","Tax Invoice","27812.50","9.00","9.00","0.00","32818.75","32818.75","2025-08-18 12:16:06","0.00","32818.75","pending","2025-08-18 12:16:05",NULL,NULL,"Active"
"Nimble Robotics.","HNV/25-26/E/135","export","USD","PO-9853","Tax Invoice","159.30","0.00","0.00","0.00","159.30","13859.10","2025-08-18 13:28:21","159.30","0.00","paid","2025-11-06 07:30:01","XUNJLGH39D",NULL,"Active"
"Ultrahuman Healthcare Pvt Ltd","HNV/25-26/358","domestic","INR","UH/PO/25-26/0002387","Tax Invoice","705500.00","9.00","9.00","0.00","832490.00","832490.00","2025-08-19 07:59:07","831785.00","705.00","paid","2025-12-15 09:43:41","RefS63759335",NULL,"Active"
"Nimble Robotics.","HNV/25-26/E/136","export","USD","PO-8933","Tax Invoice","213926.24","0.00","0.00","0.00","213926.24","18611582.88","2025-08-20 06:19:52","213926.24","0.00","paid","2025-10-06 05:51:54","L2YDLLPJY2",NULL,"Active"
"Nimble Robotics.","HNV/25-26/E/137","export","USD","PO-9641","Tax Invoice","3718.50","0.00","0.00","0.00","3718.50","323509.50","2025-08-20 06:22:39","3718.50","0.00","paid","2025-09-26 05:58:29","DL89JEFN8D",NULL,"Active"
"AMIDC Automation Technologies Pvt Ltd","HNV/25-26/359","domestic","INR"," #AMIDC/PO/00695/2025-26","Tax Invoice","237960.00","9.00","9.00","0.00","280792.80","280792.80","2025-08-20 09:55:00","276033.00","4759.80","paid","2026-03-28 05:42:40","IDFB604064226913","2026-02-09","Active"
"Ultrahuman Healthcare Pvt Ltd","HNV/25-26/360","domestic","INR"," UH/PO/25-26/0000349","Tax Invoice","70490.00","9.00","9.00","0.00","83178.20","83178.20","2025-08-20 11:31:52","83108.00","70.20","paid","2026-02-12 07:11:03","HSBCR22025122533975534","2025-12-25","Active"
"NW Engineering Private Limited ","HNV/25-26/361","domestic","INR","Mail Confirmation ","Tax Invoice","11890.00","9.00","9.00","0.00","14030.20","14030.20","2025-08-21 09:13:05","0.00","14030.20","pending","2025-08-21 09:13:05",NULL,NULL,"Active"
"Ultrahuman Healthcare Pvt Ltd","HNV/25-26/362","domestic","INR","UH/PO/25-26/0000349","Tax Invoice","107590.00","9.00","9.00","0.00","126956.20","126956.20","2025-08-21 11:37:16","126849.00","107.20","paid","2026-02-12 07:11:45","HSBCR22025122533975534","2025-12-25","Active"
"Ultrahuman Healthcare Pvt Ltd","HNV/25-26/363","domestic","INR","UH/PO/25-26/0002387","Tax Invoice","540000.00","9.00","9.00","0.00","637200.00","637200.00","2025-08-22 04:44:21","636660.00","540.00","paid","2025-12-15 09:45:06","RefS63756879",NULL,"Active"
"Asteria aerosapace limited","HNV/25-26/364","domestic","INR","2025-00781","Tax Invoice","16988.00","9.00","9.00","0.00","20045.84","20045.84","2025-08-22 10:42:15","20046.00","-0.16","paid","2025-09-11 05:20:24","S91947817",NULL,"Active"
"Ultrahuman Healthcare Pvt Ltd","HNV/25-26/365","domestic","INR","UH/PO/25-26/0000349","Tax Invoice","96990.00","9.00","9.00","0.00","114448.20","114448.20","2025-08-22 11:40:05","114351.00","97.20","paid","2026-02-12 07:12:18","HSBCR22025122533975534","2025-12-25","Active"
"Ultrahuman Healthcare Pvt Ltd","HNV/25-26/366","domestic","INR","UH/PO/25-26/0000349","Tax Invoice","116070.00","9.00","9.00","0.00","136962.60","136962.60","2025-08-23 11:53:36","136847.00","115.60","paid","2026-02-12 07:15:21","HSBCR22025122533975534","2025-12-25","Active"
"Ultrahuman Healthcare Pvt Ltd","HNV/25-26/367","domestic","INR","UH/PO/25-26/0000349","Tax Invoice","85330.00","9.00","9.00","0.00","100689.40","100689.40","2025-08-25 11:37:16","100689.00","0.40","paid","2026-02-12 07:17:16","HSBCR22025122533975534","2025-12-25","Active"
"Sansera Engineering Ltd ","HNV/25-26/368","domestic","INR","Mail Confirmation ","Tax Invoice","83900.00","9.00","9.00","0.00","99002.00","99002.00","2025-08-25 13:25:56","99002.00","0.00","paid","2025-10-10 09:51:39",,NULL,"Active"
"Ultrahuman Healthcare Pvt Ltd","HNV/25-26/369","domestic","INR","UH/PO/25-26/0000349","Tax Invoice","115540.00","9.00","9.00","0.00","136337.20","136337.20","2025-08-26 11:24:12","136221.71","115.49","paid","2026-04-08 07:25:05","043661829101, 043661829101","2026-03-11","Active"
"Ultrahuman Healthcare Pvt Ltd","HNV/25-26/370","domestic","INR","UH/PO/25-26/0002716","Tax Invoice","379000.00","9.00","9.00","0.00","447220.00","447220.00","2025-08-26 12:04:40","447431.00","-211.00","paid","2025-12-15 09:48:00","RefS63755243",NULL,"Active"
"Ultrahuman Healthcare Pvt Ltd","HNV/25-26/371","domestic","INR","UH/PO/25-26/0002716","Tax Invoice","504000.00","9.00","9.00","0.00","594720.00","594720.00","2025-08-26 12:40:49","504698.00","90022.00","pending","2026-02-16 11:37:14","RefS68271515","2026-01-13","Active"
"Raison Tech ","HNV/25-26/372","domestic","INR","RT25-26/026","Tax Invoice","2457950.00","9.00","9.00","0.00","2900381.00","2900381.00","2025-08-27 13:09:29","0.00","2900381.00","pending","2025-08-27 13:09:29",NULL,NULL,"Active"
"AMIDC Automation Technologies Pvt Ltd","HNV/25-26/373","domestic","INR","Clubbed PO's ","Tax Invoice","31330.00","9.00","9.00","0.00","36969.40","36969.40","2025-08-28 08:39:00","36342.00","627.40","paid","2026-03-28 05:43:06","IDFB604064226913","2026-02-09","Active"
"AMIDC Automation Technologies Pvt Ltd","HNV/25-26/374","domestic","INR","AMIDC/PO/00708/2025-26","Tax Invoice","2900.00","9.00","9.00","0.00","3422.00","3422.00","2025-08-28 08:41:31","3364.00","58.00","paid","2026-04-02 08:45:02","IDFB604064226913",NULL,"Active"
"Ultrahuman Healthcare Pvt Ltd","HNV/25-26/375","domestic","INR","UH/PO/25-26/0000349","Tax Invoice","27560.00","9.00","9.00","0.00","32520.80","32520.80","2025-08-28 11:30:24","32493.00","27.80","paid","2026-02-16 11:40:11","RefS68271515","2026-01-13","Active"
"Averna Test India Private Limited","HNV/25-26/377","domestic","INR","AV:25-26/124","Tax Invoice","78805.11","0.00","0.00","18.00","92990.03","92990.03","2025-08-29 04:43:47","92990.03","0.00","paid","2026-03-27 07:46:50",,NULL,"Active"
"AMIDC Automation Technologies Pvt Ltd","HNV/25-26/378","domestic","INR","Clubbed PO's ","Tax Invoice","87480.00","9.00","9.00","0.00","103226.40","103226.40","2025-08-29 05:09:15","101476.00","1750.40","paid","2026-03-28 05:43:34","IDFB604064226913","2026-02-09","Active"
"IDEAFORGE TECHNOLOGY LIMITED","HNV/25-26/379","domestic","INR","PO/OP/25-26/41346","Tax Invoice","21575.67","0.00","0.00","18.00","25459.29","25459.29","2025-08-29 08:10:32","0.00","25459.29","pending","2026-03-27 07:43:04",NULL,NULL,"Active"
"AMIDC Automation Technologies Pvt Ltd","HNV/25-26/380","domestic","INR","AMIDC/PO/00765/2025-26","Tax Invoice","105900.00","9.00","9.00","0.00","124962.00","124962.00","2025-08-29 10:44:10","122844.00","2118.00","paid","2026-03-28 05:44:31","IDFB604064226913","2026-02-09","Active"
"Ultrahuman Healthcare Pvt Ltd","HNV/25-26/381","domestic","INR"," UH/PO/25-26/0000349","Tax Invoice","25440.00","9.00","9.00","0.00","30019.20","30019.20","2025-08-30 11:27:57","29994.00","25.20","paid","2026-02-16 11:40:44","RefS68271515","2026-01-13","Active"
"Raison Tech ","HNV/25-26/382","domestic","INR","Mail Confirmation ","Tax Invoice","2996000.00","6.00","6.00","0.00","3355520.00","3355520.00","2025-08-30 11:42:06","0.00","3355520.00","pending","2025-08-30 11:42:06",NULL,NULL,"Active"
"Time Warp Racing Pty Ltd","HNV/25-26/E/138","export","USD","TRW25-753","Tax Invoice","534.84","0.00","0.00","0.00","534.84","46531.08","2025-09-01 07:12:54","534.84","0.00","paid","2025-09-17 10:27:25","1726407301",NULL,"Active"
"GUMPU TECHNOLOGIES PRIVATE LIMITED","HNV/25-26/383","domestic","INR","0001","Tax Invoice","50000.00","9.00","9.00","0.00","59000.00","59000.00","2025-09-01 09:22:16","59000.00","0.00","paid","2025-09-04 11:35:43","110713446125",NULL,"Active"
"NW Engineering Private Limited ","HNV/25-26/384","domestic","INR","PR- 150 Mail ","Tax Invoice","4932.50","9.00","9.00","0.00","5820.35","5820.35","2025-09-01 10:00:18","5820.35","0.00","paid","2026-02-26 13:06:40","043495040691","2026-02-26","Active"
"Ultrahuman Healthcare Pvt Ltd","HNV/25-26/385","domestic","INR","UH/PO/25-26/0000349","Tax Invoice","40280.00","9.00","9.00","0.00","47530.40","47530.40","2025-09-01 11:44:00","47490.00","40.40","paid","2026-02-16 11:41:13","RefS68271515","2026-01-13","Active"
"Raison Tech ","HNV/25-26/386","domestic","INR","Mail Confirmation ","Tax Invoice","5070.00","6.00","6.00","0.00","5678.40","5678.40","2025-09-01 12:47:04","0.00","5678.40","pending","2025-09-01 12:47:04",NULL,NULL,"Active"
"Nimble Robotics.","HNV/25-26/E/139","export","USD","PO-8933","Tax Invoice","9896.60","0.00","0.00","0.00","9896.60","861004.20","2025-09-02 04:27:01","9896.60","0.00","paid","2025-11-05 04:54:23","EQ8YVEMU9R",NULL,"Active"
"I HUB for Robotics And Autonomous Systems  Innovation Foundation","HNV/25-26/387","domestic","INR","242","Tax Invoice","41721.00","9.00","9.00","0.00","49230.78","49230.78","2025-09-02 09:48:00","0.00","49230.78","pending","2025-09-03 07:47:57",NULL,NULL,"Active"
"NW Engineering Private Limited ","HNV/25-26/388","domestic","INR","Mail Confirmation ( NW21-PR132 )","Tax Invoice","26388.24","9.00","9.00","0.00","31138.12","31138.12","2025-09-02 10:17:50","31138.12","0.00","paid","2026-02-26 13:06:11","043495040401","2026-02-26","Active"
"Ultrahuman Healthcare Pvt Ltd","HNV/25-26/389","domestic","INR","UH/PO/25-26/0002800","Tax Invoice","750000.00","9.00","9.00","0.00","885000.00","885000.00","2025-09-02 11:14:27","884250.00","750.00","paid","2026-02-16 11:41:45","RefS68271515","2026-01-13","Active"
"Ultrahuman Healthcare Pvt Ltd","HNV/25-26/390","domestic","INR","UH/PO/25-26/0002800","Tax Invoice","425000.00","9.00","9.00","0.00","501500.00","501500.00","2025-09-02 11:16:03","501075.00","425.00","paid","2026-02-16 11:42:31","RefS68271515","2026-01-13","Active"
"NW Engineering Private Limited ","HNV/25-26/391","domestic","INR","Mail Confirmation ( PR149  NW 29 )","Tax Invoice","19140.00","9.00","9.00","0.00","22585.20","22585.20","2025-09-02 12:11:04","22585.20","0.00","paid","2026-02-26 13:05:31","043495039631","2026-02-26","Active"
"AMIDC Automation Technologies Pvt Ltd","HNV/25-26/392","domestic","INR","AMIDC/PO/00793/2025-26","Tax Invoice","18900.00","9.00","9.00","0.00","22302.00","22302.00","2025-09-03 04:58:58","21924.00","378.00","paid","2026-03-28 05:48:17","IDFB604064226913","2026-02-09","Active"
"AMIDC Automation Technologies Pvt Ltd","HNV/25-26/393","domestic","INR","AMIDC/PO/00779/2025-26","Tax Invoice","28000.00","9.00","9.00","0.00","33040.00","33040.00","2025-09-03 04:59:00","32480.00","560.00","paid","2026-03-28 05:49:34","IDFB604064226913","2026-02-09","Active"
"AMIDC Automation Technologies Pvt Ltd","HNV/25-26/394","domestic","INR","AMIDC/PO/00782/2025-26","Tax Invoice","20250.00","9.00","9.00","0.00","23895.00","23895.00","2025-09-03 05:03:01","23490.00","405.00","paid","2026-03-28 05:50:02","IDFB604064226913","2026-02-09","Active"
"AMIDC Automation Technologies Pvt Ltd","HNV/25-26/395","domestic","INR","AMIDC/PO/00783/2025-26","Tax Invoice","54192.00","9.00","9.00","0.00","63946.56","63946.56","2025-09-03 05:05:33","62832.00","1114.56","paid","2026-03-28 05:50:29","IDFB604064226913","2026-02-09","Active"
"AMIDC Automation Technologies Pvt Ltd","HNV/25-26/396","domestic","INR","Clubbed Po's","Tax Invoice","33170.00","9.00","9.00","0.00","39140.60","39140.60","2025-09-03 05:06:40","38477.60","663.00","paid","2026-03-28 05:55:31","IDFB604064226913","2026-02-09","Active"
"AMIDC Automation Technologies Pvt Ltd","HNV/25-26/397","domestic","INR","Clubbed PO's ","Tax Invoice","35750.00","9.00","9.00","0.00","42185.00","42185.00","2025-09-03 05:16:39","41470.00","715.00","paid","2026-03-28 05:56:12","IDFB604064226913","2026-02-09","Active"
"AMIDC Automation Technologies Pvt Ltd","HNV/25-26/398","domestic","INR","Clubbed PO's ","Tax Invoice","32370.00","9.00","9.00","0.00","38196.60","38196.60","2025-09-03 05:25:54","37549.00","647.60","paid","2026-03-28 05:56:39","IDFB604064226913","2026-02-09","Active"
"Immersive Technology and Entrepreneurship Labs Foundation","HNV/25-26/PI/399","domestic","INR","ITEL/2025-26/Wo-003","Proforma Invoice","89857.00","0.00","0.00","18.00","106031.26","106031.26","2025-09-03 06:37:05","0.00","106031.26","pending","2026-03-13 04:39:27","CNADZWVVF0","2025-09-06","Active"
"Ultrahuman Healthcare Pvt Ltd","HNV/25-26/400","domestic","INR"," UH/PO/25-26/0000349","Tax Invoice","53530.00","9.00","9.00","0.00","63165.40","63165.40","2025-09-03 11:30:52","63112.00","53.40","paid","2026-02-02 12:37:41","RefS86589266","2026-01-28","Active"
"AMIDC Automation Technologies Pvt Ltd","HNV/25-26/401","domestic","INR","AMIDC/PO/00792/2025-26","Tax Invoice","80450.00","9.00","9.00","0.00","94931.00","94931.00","2025-09-03 13:42:05","93322.00","1609.00","paid","2026-03-28 05:57:04","IDFB604064226913","2026-02-09","Active"
"Rapture Innovation Labs Pvt. Ltd ","HNV/25-26/402","domestic","INR","Mail Confirmation ","Tax Invoice","23564.00","6.00","6.00","0.00","26391.68","26391.68","2025-09-04 05:23:27","26391.68","0.00","paid","2025-10-17 07:42:27","042005343401",NULL,"Active"
"Ultrahuman Healthcare Pvt Ltd","HNV/25-26/403","domestic","INR","UH/PO/25-26/0000349","Tax Invoice","85860.00","9.00","9.00","0.00","101314.80","101314.80","2025-09-04 11:24:13","101229.00","85.80","paid","2026-02-02 12:39:06","RefS86589266","2026-01-28","Active"
"Vasmed Health Science Private Limited","HNV/25-26/404","domestic","INR","Pur-ord-2025-00189","Tax Invoice","30776.00","9.00","9.00","0.00","36315.68","36315.68","2025-09-04 12:19:11","36316.00","-0.32","paid","2025-09-10 07:39:26","CMS2512535665675",NULL,"Active"
"Ultrahuman Healthcare Pvt Ltd","HNV/25-26/405","domestic","INR","UH/PO/25-26/0002800","Tax Invoice","750000.00","9.00","9.00","0.00","885000.00","885000.00","2025-09-04 12:48:41","884250.00","750.00","paid","2026-02-02 12:39:35","RefS86589266","2026-01-28","Active"
"IDEAFORGE TECHNOLOGY LIMITED","HNV/25-26/406","domestic","INR","PO/R&D/25-26/1540","Tax Invoice","83200.00","0.00","0.00","18.00","98176.00","98176.00","2025-09-05 06:04:50","98176.00","0.00","paid","2025-11-01 11:56:53","110169518183",NULL,"Active"
"Ultrahuman Healthcare Pvt Ltd","HNV/25-26/407","domestic","INR","UH/PO/25-26/0000349","Tax Invoice","42400.00","9.00","9.00","0.00","50032.00","50032.00","2025-09-05 11:24:57","49990.00","42.00","paid","2026-02-02 12:40:21","RefS86589266","2026-01-28","Active"
"Ultrahuman Healthcare Pvt Ltd","HNV/25-26/408","domestic","INR","UH/PO/25-26/0002800","Tax Invoice","252000.00","9.00","9.00","0.00","297360.00","297360.00","2025-09-05 12:41:27","297108.00","252.00","paid","2026-02-02 12:44:51","RefS86589266","2026-01-28","Active"
"Ultrahuman Healthcare Pvt Ltd","HNV/25-26/409","domestic","INR","UH/PO/25-26/0002800","Tax Invoice","201000.00","9.00","9.00","0.00","237180.00","237180.00","2025-09-06 11:08:56","236979.00","201.00","paid","2026-02-02 12:45:22","RefS86589266","2026-01-28","Active"
"Ultrahuman Healthcare Pvt Ltd","HNV/25-26/410","domestic","INR"," UH/PO/25-26/0000349","Tax Invoice","25440.00","9.00","9.00","0.00","30019.20","30019.20","2025-09-06 11:24:29","29994.00","25.20","paid","2026-02-02 12:47:04","RefS86589266","2026-01-28","Active"
"Roombr Technologies Pvt Ltd","HNV/25-26/411","domestic","INR","25-26/PO033","Tax Invoice","19382.35","9.00","9.00","0.00","22871.17","22871.17","2025-09-08 08:26:11","22871.17","0.00","paid","2025-09-12 11:18:18",,NULL,"Active"
"Ultrahuman Healthcare Pvt Ltd","HNV/25-26/412","domestic","INR","UH/PO/25-26/0002800","Tax Invoice","753000.00","9.00","9.00","0.00","888540.00","888540.00","2025-09-08 12:59:25","887787.00","753.00","paid","2026-02-02 12:48:07","RefS86589266","2026-01-28","Active"
"Roombr Technologies Pvt Ltd","HNV/25-26/413","domestic","INR","Romber/2025-26/PO037","Tax Invoice","2912.00","9.00","9.00","0.00","3436.16","3436.16","2025-09-09 07:36:51","3436.16","0.00","paid","2026-03-11 10:22:21",,NULL,"Active"
"Nimble Robotics.","HNV/25-26/E/140","export","USD","PO-8933","Tax Invoice","9896.60","0.00","0.00","0.00","9896.60","861004.20","2025-09-09 09:44:24","9896.60","0.00","paid","2025-11-05 04:54:39","ENZR9LVVD4",NULL,"Active"
"WARM TABLE TECHNOLOGIES PRIVATE LIMITED","HNV/25-26/414","domestic","INR","Mail Confirmation","Tax Invoice","1800.00","9.00","9.00","0.00","2124.00","2124.00","2025-09-10 11:31:12","2124.00","0.00","paid","2026-02-12 05:51:38","HDFCH00493062553","2025-09-18","Active"
"Technical Manufacturing Corporation AMETEK","HNV/25-26/E/141","export","USD"," VO-202865","Tax Invoice","4752.00","0.00","0.00","0.00","4752.00","435283.20","2025-09-11 05:36:47","4742.00","10.00","paid","2026-02-24 10:12:53","8964300048JO","2026-02-18","Active"
"Ultrahuman Healthcare Pvt Ltd","HNV/25-26/415","domestic","INR","UH/PO/25-26/0003012","Tax Invoice","352500.00","9.00","9.00","0.00","415950.00","415950.00","2025-09-11 10:05:45","415598.00","352.00","paid","2026-02-16 12:00:15","RefS63421454","2026-02-14","Active"
"Ultrahuman Healthcare Pvt Ltd","HNV/25-26/416","domestic","INR","UH/PO/25-26/0000349","Tax Invoice","12720.00","9.00","9.00","0.00","15009.60","15009.60","2025-09-11 11:03:30","14997.00","12.60","paid","2026-02-16 12:01:32","RefS63420871","2026-02-14","Active"
"Ultrahuman Healthcare Pvt Ltd","HNV/25-26/417","domestic","INR","UH/PO/25-26/0003012","Tax Invoice","352500.00","9.00","9.00","0.00","415950.00","415950.00","2025-09-12 05:42:31","415598.00","352.00","paid","2026-02-16 12:09:03","RefS63421855","2026-02-14","Active"
"Coherent","HNV/25-26/418","domestic","INR","13105","Tax Invoice","40500.00","0.00","0.00","18.00","47790.00","47790.00","2025-09-15 04:17:11","47790.00","0.00","paid","2025-09-23 10:37:55","SCBLN52025091800683439",NULL,"Active"
"ACTIV MFG(accurate carbide)","HNV/25-26/E/142","export","USD","17515","Tax Invoice","180.00","0.00","0.00","0.00","180.00","15660.00","2025-09-16 05:01:50","180.00","0.00","paid","2025-10-30 05:37:17","HAR251029791585",NULL,"Active"
"ACTIV MFG(accurate carbide)","HNV/25-26/E/143","export","USD","17515","Tax Invoice","400.00","0.00","0.00","0.00","400.00","36640.00","2025-09-16 05:02:37","400.00","0.00","paid","2025-10-30 05:37:30","HAR251029791585",NULL,"Active"
"ACTIV MFG(accurate carbide)","HNV/25-26/E/144","export","USD","17518","Tax Invoice","180.00","0.00","0.00","0.00","180.00","15660.00","2025-09-16 05:04:01","180.00","0.00","paid","2025-10-30 05:37:44","HAR251029791585",NULL,"Active"
"ACTIV MFG(accurate carbide)","HNV/25-26/E/145","export","USD","17518","Tax Invoice","400.00","0.00","0.00","0.00","400.00","36640.00","2025-09-16 05:04:50","400.00","0.00","paid","2025-10-30 05:37:56","HAR251029791585",NULL,"Active"
"Hylio, Inc","HNV/25-26/E/146","export","USD","P3890 ","Tax Invoice","2100.00","0.00","0.00","0.00","2100.00","182700.00","2025-09-16 06:16:33","2100.00","0.00","paid","2025-10-03 06:32:19","6bc82a30-9fda-11f0-b279-e3239b09545f",NULL,"Active"
"Neosky India Limited","HNV/25-26/PI/419","domestic","INR","1150000383","Proforma Invoice","40000.00","9.00","9.00","0.00","47200.00","47200.00","2025-09-16 10:23:16","0.00","47200.00","pending","2025-09-16 10:23:44",NULL,NULL,"Active"
"Ultrahuman Healthcare Pvt Ltd","HNV/25-26/420","domestic","INR","UH/PO/25-26/0003012","Tax Invoice","710640.00","9.00","9.00","0.00","838555.20","838555.20","2025-09-16 07:45:16","0.00","838555.20","pending","2025-09-16 07:45:16",NULL,NULL,"Active"
"Ultrahuman Healthcare Pvt Ltd","HNV/25-26/421","domestic","INR","UH/PO/25-26/0003072","Tax Invoice","351330.00","9.00","9.00","0.00","414569.40","414569.40","2025-09-16 16:46:39","0.00","414569.40","pending","2025-09-16 16:46:39",NULL,NULL,"Active"
"Hylio, Inc","HNV/25-26/E/147","export","USD","Mail Confirmation ","Tax Invoice","962.00","0.00","0.00","0.00","962.00","83694.00","2025-09-17 10:45:46","962.00","0.00","paid","2025-10-03 06:32:32","6bc82a30-9fda-11f0-b279-e3239b09545f",NULL,"Active"
"Ultrahuman Healthcare Pvt Ltd","HNV/25-26/422","domestic","INR","UH/PO/25-26/0000349","Tax Invoice","14840.00","9.00","9.00","0.00","17511.20","17511.20","2025-09-17 11:02:28","0.00","17511.20","pending","2025-09-17 11:02:28",NULL,NULL,"Active"
"Ultrahuman Healthcare Pvt Ltd","HNV/25-26/423","domestic","INR","UH/PO/25-26/0003012","Tax Invoice","710640.00","9.00","9.00","0.00","838555.20","838555.20","2025-09-17 12:48:57","837845.00","710.20","paid","2026-03-27 11:31:53","043661829101","2026-03-11","Active"
"THUSHARA ENGINEERING","HNV/25-26/424","domestic","INR","1373","Tax Invoice","18000.00","6.00","6.00","0.00","20160.00","20160.00","2025-09-17 13:18:54","0.00","20160.00","pending","2025-09-17 13:18:54",NULL,NULL,"Active"
"Ultrahuman Healthcare Pvt Ltd","HNV/25-26/425","domestic","INR","UH/PO/25-26/0003092","Tax Invoice","203350.00","9.00","9.00","0.00","239953.00","239953.00","2025-09-17 13:21:06","239779.29","173.71","paid","2026-03-30 05:27:49","043661829101,043836459391","2026-03-11","Active"
"AMIDC Automation Technologies Pvt Ltd","HNV/25-26/426","domestic","INR","AMIDC/PO/00852/2025-26","Tax Invoice","11095.00","9.00","9.00","0.00","13092.10","13092.10","2025-09-17 13:25:14","12870.00","222.10","paid","2026-03-28 05:57:29","IDFB604064226913","2026-02-09","Active"
"AMIDC Automation Technologies Pvt Ltd","HNV/25-26/427","domestic","INR","AMIDC/PO/00722/2025-26","Tax Invoice","102500.00","9.00","9.00","0.00","120950.00","120950.00","2025-09-17 13:27:31","118900.00","2050.00","paid","2026-03-28 05:59:20","IDFB604064226913","2026-02-09","Active"
"Time Warp Racing Pty Ltd","HNV/25-26/E/148","export","USD","TRW25-754 ","Tax Invoice","566.15","0.00","0.00","0.00","566.15","49255.05","2025-09-18 10:34:31","566.15","0.00","paid","2025-10-02 12:27:04","1745662303",NULL,"Active"
"Ultrahuman Healthcare Pvt Ltd","HNV/25-26/428","domestic","INR","UH/PO/25-26/0003012","Tax Invoice","355320.00","9.00","9.00","0.00","419277.60","419277.60","2025-09-18 11:16:50","418922.00","355.60","paid","2026-03-30 05:31:22","043836459391","2026-03-26","Active"
"Epifeast India Private Limited","HNV/25-26/429","domestic","INR","17038-05","Tax Invoice","2250.00","9.00","9.00","0.00","2655.00","2655.00","2025-09-18 13:43:05","2655.00","0.00","paid","2026-01-08 06:30:07","000468154263","2025-09-30","Active"
"Ultrahuman Healthcare Pvt Ltd","HNV/25-26/430","domestic","INR","UH/PO/25-26/0003012","Tax Invoice","592200.00","9.00","9.00","0.00","698796.00","698796.00","2025-09-19 12:11:30","0.00","698796.00","pending","2025-09-19 12:11:29",NULL,NULL,"Active"
"Rapture Innovation Labs Pvt. Ltd ","HNV/25-26/431","domestic","INR","Mail Confirmation ","Tax Invoice","29356.00","6.00","6.00","0.00","32878.72","32878.72","2025-09-20 10:29:15","32878.72","0.00","paid","2025-10-17 07:43:07","042005343401",NULL,"Active"
"Rapture Innovation Labs Pvt. Ltd ","HNV/25-26/432","domestic","INR","Mail Confirmation ","Tax Invoice","2752.00","6.00","6.00","0.00","3082.24","3082.24","2025-09-20 10:31:23","3082.24","0.00","paid","2025-10-17 07:42:46","042005343401",NULL,"Active"
"Nimble Robotics.","HNV/25-26/E/149","export","USD","PO-10365","Tax Invoice","21421.10","0.00","0.00","0.00","21421.10","1863635.70","2025-09-22 04:17:37","21421.10","0.00","paid","2025-10-31 06:08:49","W7RKM43MT4",NULL,"Active"
"Time Warp Racing Pty Ltd","HNV/25-26/E/150","export","USD","TRW25-755 ","Tax Invoice","244.30","0.00","0.00","0.00","244.30","21254.10","2025-09-22 04:51:40","244.30","0.00","paid","2025-10-06 05:30:55","2259356237JS",NULL,"Active"
"Seakeeper","HNV/25-26/E/151","export","USD","80041","Tax Invoice","4453.20","0.00","0.00","0.00","4453.20","397136.38","2025-09-22 08:01:24","4453.20","0.00","paid","2025-12-22 08:36:13","2025121700588932",NULL,"Active"
"Seakeeper","HNV/25-26/E/152","export","USD","80160","Tax Invoice","116.85","0.00","0.00","0.00","116.85","10420.68","2025-09-22 09:59:38","116.85","0.00","paid","2025-12-22 08:36:22","2025121700588932",NULL,"Active"
"Seakeeper","HNV/25-26/E/153","export","USD","80372","Tax Invoice","283.95","0.00","0.00","0.00","283.95","25322.66","2025-09-22 10:12:55","283.95","0.00","paid","2025-12-22 08:36:33","2025121700588932",NULL,"Active"
"Nimble Robotics.","HNV/25-26/E/154","export","USD","PO-8933","Tax Invoice","9896.60","0.00","0.00","0.00","9896.60","906528.56","2025-09-22 10:36:09","9896.60","0.00","paid","2026-02-06 06:33:37","2285521036JS","2026-02-05","Active"
"Ultrahuman Healthcare Pvt Ltd","HNV/25-26/433","domestic","INR","UH/PO/25-26/0003012","Tax Invoice","355320.00","9.00","9.00","0.00","419277.60","419277.60","2025-09-23 11:54:48","0.00","419277.60","pending","2025-09-23 11:54:48",NULL,NULL,"Active"
"Ultrahuman Healthcare Pvt Ltd","HNV/25-26/434","domestic","INR","UH/PO/25-26/0000349","Tax Invoice","38160.00","9.00","9.00","0.00","45028.80","45028.80","2025-09-24 11:23:40","44991.00","37.80","paid","2026-04-08 05:07:19","043878356441","2026-03-30","Active"
"Ultrahuman Healthcare Pvt Ltd","HNV/25-26/435","domestic","INR","UH/PO/25-26/0000349","Tax Invoice","19080.00","9.00","9.00","0.00","22514.40","22514.40","2025-09-27 11:23:18","0.00","22514.40","pending","2025-09-27 11:23:18",NULL,NULL,"Active"
"Ultrahuman Healthcare Pvt Ltd","HNV/25-26/436","domestic","INR","UH/PO/25-26/0003012","Tax Invoice","451200.00","9.00","9.00","0.00","532416.00","532416.00","2025-09-29 07:46:41","0.00","532416.00","pending","2025-09-29 07:46:41",NULL,NULL,"Active"
"Ultrahuman Healthcare Pvt Ltd","HNV/25-26/437","domestic","INR","UH/PO/25-26/0003196","Tax Invoice","353045.00","9.00","9.00","0.00","416593.10","416593.10","2025-09-29 10:48:44","416240.00","353.10","paid","2026-03-30 05:31:08","043836459391","2026-03-26","Active"
"Ultrahuman Healthcare Pvt Ltd","HNV/25-26/438","domestic","INR","UH/PO/25-26/0000349","Tax Invoice","13250.00","9.00","9.00","0.00","0.00","0.00","2025-09-29 13:11:01","0.00","0.00","pending","2026-03-12 05:02:49",NULL,NULL,"Cancelled"
"Rapture Innovation Labs Pvt. Ltd ","HNV/25-26/439","domestic","INR","Mail Confirmation ","Tax Invoice","28700.00","6.00","6.00","0.00","32144.00","32144.00","2025-09-30 04:49:09","32144.00","0.00","paid","2025-10-17 07:43:25","042005343401",NULL,"Active"
"IDEAFORGE TECHNOLOGY LIMITED","HNV/25-26/440","domestic","INR","PO/OP/25-26/41346","Tax Invoice","43151.34","0.00","0.00","18.00","50918.58","50918.58","2025-09-30 09:59:01","50918.58","0.00","paid","2025-11-01 11:57:12","110169518183",NULL,"Active"
"Origin Biologics","HNV/25-26/E/156","export","USD"," P01300","Tax Invoice","527.00","0.00","0.00","0.00","527.00","46997.86","2025-09-30 10:05:07","527.00","0.00","paid","2025-12-31 06:07:15","8804109316","2025-12-31","Active"
"Nimble Robotics.","HNV/25-26/E/157","export","USD","PO-8933","Tax Invoice","15389.26","0.00","0.00","0.00","15389.26","1372414.21","2025-09-30 10:21:04","15389.26","0.00","paid","2025-12-12 13:23:29","8WSTK3WFXF",NULL,"Active"
"Nimble Robotics.","HNV/25-26/E/158","export","USD","PO-10084","Tax Invoice","34881.60","0.00","0.00","0.00","34881.60","3110741.09","2025-09-30 10:25:50","34881.60","0.00","paid","2025-12-12 13:23:02","5SDG8YCCNT",NULL,"Active"
"Ultrahuman Healthcare Pvt Ltd","HNV/25-26/441","domestic","INR","UH/PO/25-26/0000349","Tax Invoice","47170.00","9.00","9.00","0.00","55660.60","55660.60","2025-09-30 11:24:07","55613.00","47.60","paid","2026-04-08 05:08:06","043878356441","2026-03-30","Active"
"Origin Biologics","HNV/25-26/E/159","export","USD","P01300","Tax Invoice","396.20","0.00","0.00","0.00","396.20","35333.12","2025-10-02 05:55:52","396.20","0.00","paid","2025-12-31 06:07:32","8804109316","2025-12-31","Active"
"Seakeeper","HNV/25-26/E/160","export","USD","As per Mail Confirmation","Tax Invoice","2985.63","0.00","0.00","0.00","2985.63","266258.48","2025-10-02 13:24:32","2985.63","0.00","paid","2025-12-22 08:36:47","2025121700588932",NULL,"Active"
"Raison Tech ","HNV/25-26/442","domestic","INR","Mail Confirmation ","Tax Invoice","4414000.00","9.00","9.00","0.00","5208520.00","5208520.00","2025-09-30 04:49:00","0.00","5208520.00","pending","2025-10-03 04:55:03",NULL,NULL,"Active"
"Ultrahuman Healthcare Pvt Ltd","HNV/25-26/443","domestic","INR","UH/PO/25-26/0000349","Tax Invoice","46640.00","9.00","9.00","0.00","55035.20","55035.20","2025-10-04 11:22:36","54989.00","46.20","paid","2026-04-08 05:08:32","043878356441","2026-03-30","Active"
"Quality One Networks","HNV/25-26/444","domestic","INR","Mail Confirmation ","Tax Invoice","13858.00","0.00","0.00","18.00","16352.44","16352.44","2025-10-06 06:27:21","16353.00","-0.56","paid","2025-10-07 04:15:58","1475756795",NULL,"Active"
"NW Engineering Private Limited ","HNV/25-26/445","domestic","INR","Mail Confirmation ","Tax Invoice","7500.00","9.00","9.00","0.00","8850.00","8850.00","2025-10-06 11:20:27","8850.00","0.00","paid","2025-11-10 04:15:24","04217679555",NULL,"Active"
"NW Engineering Private Limited ","HNV/25-26/446","domestic","INR","Mail Confirmation ","Tax Invoice","11496.00","9.00","9.00","0.00","13565.28","13565.28","2025-10-06 11:27:13","13565.28","0.00","paid","2025-10-23 12:47:56","04206771235",NULL,"Active"
"NW Engineering Private Limited ","HNV/25-26/447","domestic","INR","Mail Confirmation ","Tax Invoice","7440.00","9.00","9.00","0.00","8779.20","8779.20","2025-10-06 11:31:33","8779.20","0.00","paid","2025-10-23 12:49:20","04206771247",NULL,"Active"
"NW Engineering Private Limited ","HNV/25-26/448","domestic","INR","Mail Confirmation ","Tax Invoice","6900.00","9.00","9.00","0.00","8142.00","8142.00","2025-10-06 11:37:04","8142.00","0.00","paid","2025-10-23 12:49:52","04206771256",NULL,"Active"
"NW Engineering Private Limited ","HNV/25-26/449","domestic","INR","Mail Confirmation ","Tax Invoice","85920.00","9.00","9.00","0.00","101385.60","101385.60","2025-10-06 11:45:03","101385.60","0.00","paid","2025-11-10 04:13:42","04222961727",NULL,"Active"
"NW Engineering Private Limited ","HNV/25-26/450","domestic","INR","Mail Confirmation","Tax Invoice","43659.60","9.00","9.00","0.00","51518.33","51518.33","2025-10-06 12:14:55","51518.33","0.00","paid","2025-11-10 04:14:41","04222961564",NULL,"Active"
"Technical Manufacturing Corporation AMETEK","HNV/25-26/E/161","export","USD","93089","Tax Invoice","3110.00","0.00","0.00","0.00","3110.00","270570.00","2025-10-07 08:20:11","3098.00","12.00","paid","2025-11-12 07:20:10","2234600315JO",NULL,"Active"
"Sansera Engineering Ltd ","HNV/25-26/451","domestic","INR","Mail Confirmation ","Tax Invoice","62925.00","9.00","9.00","0.00","74251.50","74251.50","2025-10-07 08:29:02","74188.50","63.00","paid","2025-11-01 07:42:42","20251007",NULL,"Active"
"NW Engineering Private Limited ","HNV/25-26/452","domestic","INR","Mail Confirmation ","Tax Invoice","2106.00","9.00","9.00","0.00","2485.08","2485.08","2025-10-07 09:45:57","2485.08","0.00","paid","2025-10-23 12:47:20","04206771221",NULL,"Active"
"Ultrahuman Healthcare Pvt Ltd","HNV/25-26/453","domestic","INR","UH/PO/25-26/0000349","Tax Invoice","13780.00","9.00","9.00","0.00","16260.40","16260.40","2025-10-07 10:42:29","16247.00","13.40","paid","2026-04-08 05:08:59","043878356441","2026-03-30","Active"
"Hylio, Inc","HNV/25-26/E/162","export","USD","P4503","Tax Invoice","3812.33","0.00","0.00","0.00","3812.33","331672.71","2025-10-08 05:53:08","3812.33","0.00","paid","2025-11-15 09:59:54","2174881280JS",NULL,"Active"
"NW Engineering Private Limited ","HNV/25-26/454","domestic","INR","Mail Confirmation ","Tax Invoice","13340.00","9.00","9.00","0.00","15741.20","15741.20","2025-10-08 11:05:20","15741.20","0.00","paid","2025-11-18 06:11:04","04235473083",NULL,"Active"
"Neosky India Limited","HNV/25-26/455","domestic","INR","1150000383","Tax Invoice","40000.00","9.00","9.00","0.00","47200.00","47200.00","2025-10-10 09:22:00","47200.00","0.00","paid","2025-12-04 10:24:37",,NULL,"Active"
"ACTIV MFG(accurate carbide)","HNV/25-26/E/163","export","USD","17519","Tax Invoice","910.00","0.00","0.00","0.00","910.00","79170.00","2025-10-10 09:33:16","910.00","0.00","paid","2025-10-30 05:38:19","HAR251029791585",NULL,"Active"
"ACTIV MFG(accurate carbide)","HNV/25-26/E/164","export","USD","17520","Tax Invoice","400.00","0.00","0.00","0.00","400.00","34800.00","2025-10-10 09:37:38","400.00","0.00","paid","2025-10-30 05:38:33","HAR251029791585",NULL,"Active"
"ACTIV MFG(accurate carbide)","HNV/25-26/E/165","export","USD","17519","Tax Invoice","910.00","0.00","0.00","0.00","910.00","79170.00","2025-10-11 06:38:12","910.00","0.00","paid","2025-10-30 05:38:47","HAR251029791585",NULL,"Active"
"ACTIV MFG(accurate carbide)","HNV/25-26/E/166","export","USD","17520","Tax Invoice","600.00","0.00","0.00","0.00","600.00","52200.00","2025-10-11 06:40:07","600.00","0.00","paid","2025-10-31 05:50:23","HAR251029791585",NULL,"Active"
"Raison Tech ","HNV/25-26/456","domestic","INR","J0390BE6","Tax Invoice","27050.44","9.00","9.00","0.00","31919.52","31919.52","2025-10-11 10:01:53","0.00","31919.52","pending","2025-10-11 10:01:53",NULL,NULL,"Active"
"Raison Tech ","HNV/25-26/457","domestic","INR","J038C31E","Tax Invoice","13308.00","9.00","9.00","0.00","15703.44","15703.44","2025-10-11 10:07:15","0.00","15703.44","pending","2025-10-11 10:07:14",NULL,NULL,"Active"
"Ultrahuman Healthcare Pvt Ltd","HNV/25-26/458","domestic","INR","UH/PO/25-26/0003012","Tax Invoice","225600.00","9.00","9.00","0.00","266208.00","266208.00","2025-10-11 12:59:35","265982.00","226.00","paid","2026-03-30 05:30:51","043836459391","2026-03-26","Active"
"Gee Keyy Engineering Co","HNV/25-26/459","domestic","INR","PO/003/2025","Tax Invoice","351560.00","0.00","0.00","18.00","414840.80","414840.80","2025-10-11 13:08:14","410578.00","4262.80","paid","2025-12-22 12:27:04",,NULL,"Active"
"Ultrahuman Healthcare Pvt Ltd","HNV/25-26/460","domestic","INR","  UH/PO/25-26/0003302","Tax Invoice","272930.00","9.00","9.00","0.00","322057.40","322057.40","2025-10-11 13:23:46","0.00","322057.40","pending","2025-10-14 04:43:11",NULL,NULL,"Active"
"Ultrahuman Healthcare Pvt Ltd","HNV/25-26/461","domestic","INR","UH/PO/25-26/0003303","Tax Invoice","610295.00","9.00","9.00","0.00","720148.10","720148.10","2025-10-11 13:28:38","425282.71","294865.39","partially paid","2026-04-08 05:09:39","043878356441","2026-03-30","Active"
"Indian Institute Of Space Science and Technology","HNV/25-26/462","domestic","INR","IN2025P005910101","Tax Invoice","23076.00","0.00","0.00","18.00","27229.68","27229.68","2025-10-13 10:37:16","27050.00","179.68","paid","2025-11-10 04:19:51","NEFT",NULL,"Active"
"Ultrahuman Healthcare Pvt Ltd","HNV/25-26/463","domestic","INR","UH/PO/25-26/0003012","Tax Invoice","710640.00","9.00","9.00","0.00","838555.20","838555.20","2025-10-13 12:46:43","837845.00","710.20","paid","2026-03-30 05:29:49","043836459391","2026-03-26","Active"
"ALLEGION INDIA PRIVATE LIMITED","HNV/25-26/464","domestic","INR"," PO25-00802","Tax Invoice","80670.00","9.00","9.00","0.00","95190.60","95190.60","2025-10-14 11:41:34","95190.60","0.00","paid","2025-11-28 13:05:10","CITIN25663316403",NULL,"Active"
"Ultrahuman Healthcare Pvt Ltd","HNV/25-26/465","domestic","INR","UH/PO/25-26/0003302","Tax Invoice","215110.00","9.00","9.00","0.00","253829.80","253829.80","2025-10-14 12:28:51","0.00","253829.80","pending","2025-10-14 12:28:50",NULL,NULL,"Active"
"NW Engineering Private Limited ","HNV/25-26/466","domestic","INR","PR180","Tax Invoice","7040.00","9.00","9.00","0.00","8307.20","8307.20","2025-10-14 12:35:45","8307.20","0.00","paid","2025-11-18 06:07:20","04235473076",NULL,"Active"
"Ultrahuman Healthcare Pvt Ltd","HNV/25-26/467","domestic","INR","UH/PO/25-26/0003012","Tax Invoice","236880.00","9.00","9.00","0.00","279518.40","279518.40","2025-10-14 12:53:02","279282.00","236.40","paid","2026-04-08 05:05:36","043836459391, 043878356441","2026-03-26","Active"
"Quality One Networks","HNV/25-26/468","domestic","INR","Mail Confirmation","Tax Invoice","1259.00","0.00","0.00","18.00","1485.62","1485.62","2025-10-15 09:31:40","1486.00","-0.38","paid","2025-11-06 10:54:31","1480233461",NULL,"Active"
"Ultrahuman Healthcare Pvt Ltd","HNV/25-26/469","domestic","INR","UH/PO/25-26/0003012","Tax Invoice","840360.00","9.00","9.00","0.00","991624.80","991624.80","2025-10-15 12:43:20","990783.71","841.09","paid","2026-04-08 05:10:44","043836459391, 043878356441","2026-03-30","Active"
"LARSEN And TOUBRO LIMITED","HNV/25-26/470","domestic","INR","07L019598","Tax Invoice","160000.00","0.00","0.00","18.00","188800.00","188800.00","2025-10-15 16:10:52","188640.00","160.00","paid","2025-12-17 05:21:22"," CN1188884475",NULL,"Active"
"Maven Techno Industries","HNV/25-26/471","domestic","INR","Mail Confirmation","Tax Invoice","57400.00","9.00","9.00","0.00","67732.00","67732.00","2025-10-16 07:01:22","0.00","67732.00","pending","2025-10-16 07:01:21",NULL,NULL,"Active"
"V M MANUFACTURERS","HNV/25-26/472","domestic","INR","Mail Confirmation","Tax Invoice","16000.00","9.00","9.00","0.00","18880.00","18880.00","2025-10-16 07:04:45","0.00","18880.00","pending","2025-10-16 07:04:45",NULL,NULL,"Active"
"LARSEN And TOUBRO LIMITED","HNV/25-26/473","domestic","INR","07L019598","Tax Invoice","160000.00","0.00","0.00","18.00","188800.00","188800.00","2025-10-16 11:19:53","188640.00","160.00","paid","2025-12-02 04:33:21"," AXISCN1172350056",NULL,"Active"
"Ultrahuman Healthcare Pvt Ltd","HNV/25-26/474","domestic","INR","UH/PO/25-26/0003276","Tax Invoice","473760.00","9.00","9.00","0.00","559036.80","559036.80","2025-10-16 12:25:57","0.00","559036.80","pending","2025-10-16 12:25:57",NULL,NULL,"Active"
"Ultrahuman Healthcare Pvt Ltd","HNV/25-26/475","domestic","INR","UH/PO/25-26/0003302","Tax Invoice","164395.00","9.00","9.00","0.00","193986.10","193986.10","2025-10-16 12:33:53","193822.00","164.10","paid","2026-04-08 05:11:16","043878356441","2026-03-30","Active"
"Rapture Innovation Labs Pvt. Ltd ","HNV/25-26/477","domestic","INR","Mail Confirmation ","Tax Invoice","4100.00","6.00","6.00","0.00","4592.00","4592.00","2025-10-17 10:10:19","4592.00","0.00","paid","2025-11-24 10:20:05","042413346501",NULL,"Active"
"Rapture Innovation Labs Pvt. Ltd ","HNV/25-26/478","domestic","INR","Mail Confrimation","Tax Invoice","35588.00","6.00","6.00","0.00","39858.56","39858.56","2025-10-17 10:18:45","39858.56","0.00","paid","2025-11-24 10:21:04","042413346501",NULL,"Active"
"ACTIV MFG(accurate carbide)","HNV/25-26/E/167","export","USD","17525","Tax Invoice","684.00","0.00","0.00","0.00","684.00","59508.00","2025-10-17 10:22:35","684.00","0.00","paid","2025-10-30 05:39:17","HAR251029791585",NULL,"Active"
"ACTIV MFG(accurate carbide)","HNV/25-26/E/168","export","USD","17540","Tax Invoice","100.00","0.00","0.00","0.00","100.00","8700.00","2025-10-17 10:23:53","100.00","0.00","paid","2025-10-30 05:39:29","HAR251029791585",NULL,"Active"
"ACTIV MFG(accurate carbide)","HNV/25-26/E/169","export","USD","17546","Tax Invoice","330.00","0.00","0.00","0.00","330.00","28710.00","2025-10-17 10:25:40","330.00","0.00","paid","2025-10-30 05:39:42","HAR251029791585",NULL,"Active"
"Raison Tech ","HNV/25-26/479","domestic","INR","J039302E ","Tax Invoice","5786.00","9.00","9.00","0.00","6827.48","6827.48","2025-10-18 07:48:51","0.00","6827.48","pending","2025-10-18 07:48:50",NULL,NULL,"Active"
"Raison Tech ","HNV/25-26/480","domestic","INR","J0390BE6","Tax Invoice","26824.95","9.00","9.00","0.00","31653.44","31653.44","2025-10-21 04:59:29","0.00","31653.44","pending","2025-10-21 04:59:29",NULL,NULL,"Active"
"3D Energy SRL","HNV/25-26/E/170","export","EUR","3D-PR-SC-001	","Tax Invoice","5183.20","0.00","0.00","0.00","5183.20","530345.02","2025-10-21 08:15:05","5183.20","0.00","paid","2025-11-17 06:41:13","1821748888",NULL,"Active"
"ACTIV MFG(accurate carbide)","HNV/25-26/E/171","export","USD","17525","Tax Invoice","1596.00","0.00","0.00","0.00","1596.00","146193.60","2025-10-22 05:29:23","1596.00","0.00","paid","2025-10-30 05:40:04","HAR251029791585",NULL,"Active"
"ACTIV MFG(accurate carbide)","HNV/25-26/E/172","export","USD","17540","Tax Invoice","400.00","0.00","0.00","0.00","400.00","36640.00","2025-10-22 05:33:22","400.00","0.00","paid","2025-10-30 05:40:16","HAR251029791585",NULL,"Active"
"ACTIV MFG(accurate carbide)","HNV/25-26/E/173","export","USD","17546","Tax Invoice","770.00","0.00","0.00","0.00","770.00","70532.00","2025-10-22 05:38:12","770.00","0.00","paid","2025-10-30 05:40:29","HAR251029791585",NULL,"Active"
"Wilder Technologies, LLC","HNV/25-26/E/174","export","USD","5861","Tax Invoice","248.00","0.00","0.00","0.00","248.00","21576.00","2025-10-22 10:19:46","248.00","0.00","paid","2025-10-30 05:31:24","3019045302ES",NULL,"Active"
"LARSEN And TOUBRO LIMITED","HNV/25-26/481","domestic","INR","07L019598","Tax Invoice","160000.00","0.00","0.00","18.00","188800.00","188800.00","2025-10-22 11:52:13","188640.00","160.00","paid","2025-12-06 04:52:04","PXA250348961",NULL,"Active"
"Universal Analyzers Barben Analytical AMETEK","HNV/25-26/E/175","export","USD"," 527362","Tax Invoice","4230.00","0.00","0.00","0.00","4230.00","377231.40","2025-10-23 04:55:01","4222.00","8.00","paid","2026-01-07 06:25:11","8296000006JO","2026-01-07","Active"
"Technical Manufacturing Corporation AMETEK","HNV/25-26/E/176","export","USD","93089","Tax Invoice","6220.00","0.00","0.00","0.00","6220.00","569752.00","2025-10-23 07:51:54","6210.00","10.00","paid","2026-02-24 10:12:32","8964300048JO","2026-02-18","Active"
"Center for Excellence in Energy and Telecommunication (CEET)","HNV/25-26/482","domestic","INR","CEET/2025-26/July-005","Tax Invoice","213759.76","0.00","0.00","18.00","252236.52","252236.52","2025-10-23 12:40:58","252367.00","-130.48","paid","2026-02-06 07:49:54","SBIN326012570567","2026-01-12","Active"
"3D Energy SRL","HNV/25-26/E/177","export","USD","Mail Confirmation","Tax Invoice","3000.00","0.00","0.00","0.00","3000.00","274800.00","2025-10-23 12:52:13","3000.00","0.00","paid","2025-11-17 06:41:22","1821748888",NULL,"Active"
"LARSEN And TOUBRO LIMITED","HNV/25-26/483","domestic","INR","07L019598","Tax Invoice","160000.00","0.00","0.00","18.00","188800.00","188800.00","2025-10-24 07:34:35","188800.00","0.00","paid","2025-12-13 04:25:08"," CN1184537810",NULL,"Active"
"Ultrahuman Healthcare Pvt Ltd","HNV/25-26/484","domestic","INR","UH/PO/25-26/0003276","Tax Invoice","204685.00","9.00","9.00","0.00","241528.30","241528.30","2025-10-24 11:56:02","0.00","241528.30","pending","2025-10-24 12:00:39",NULL,NULL,"Active"
"Ultrahuman Healthcare Pvt Ltd","HNV/25-26/485","domestic","INR","UH/PO/25-26/0003276","Tax Invoice","279885.00","9.00","9.00","0.00","330264.30","330264.30","2025-10-24 12:27:33","0.00","330264.30","pending","2025-10-24 12:27:33",NULL,NULL,"Active"
"Ultrahuman Healthcare Pvt Ltd","HNV/25-26/486","domestic","INR","UH/PO/25-26/0003276","Tax Invoice","473760.00","9.00","9.00","0.00","559036.80","559036.80","2025-10-25 11:44:13","0.00","559036.80","pending","2025-10-25 11:44:13",NULL,NULL,"Active"
"NW Engineering Private Limited ","HNV/25-26/487","domestic","INR","PR179","Tax Invoice","85012.50","9.00","9.00","0.00","100314.75","100314.75","2025-10-27 10:21:53","100314.75","0.00","paid","2025-12-02 04:36:33","042493428691",NULL,"Active"
"Ultrahuman Healthcare Pvt Ltd","HNV/25-26/488","domestic","INR","UH/PO/25-26/0003276","Tax Invoice","236880.00","9.00","9.00","0.00","279518.40","279518.40","2025-10-27 12:43:57","0.00","279518.40","pending","2025-10-27 12:43:56",NULL,NULL,"Active"
"Nimble Robotics.","HNV/25-26/E/178","export","USD","PO-8933","Tax Invoice","9896.60","0.00","0.00","0.00","9896.60","906528.56","2025-10-28 09:55:16","9880.60","16.00","paid","2026-02-12 12:49:12","2254726042JS","2026-02-11","Active"
"ALLEGION INDIA PRIVATE LIMITED","HNV/25-26/489","domestic","INR"," PO25-00841","Tax Invoice","23375.00","9.00","9.00","0.00","27582.50","27582.50","2025-10-28 12:00:22","27582.50","0.00","paid","2025-12-13 04:21:51","CITIN25669137457",NULL,"Active"
"Ultrahuman Healthcare Pvt Ltd","HNV/25-26/490","domestic","INR","UH/PO/25-26/0003276","Tax Invoice","355320.00","9.00","9.00","0.00","419277.60","419277.60","2025-10-28 12:34:47","0.00","419277.60","pending","2025-10-28 12:34:47",NULL,NULL,"Active"
"Ultrahuman Healthcare Pvt Ltd","HNV/25-26/491","domestic","INR","UH/PO/25-26/0003276","Tax Invoice","332995.00","9.00","9.00","0.00","392934.10","392934.10","2025-10-28 13:23:08","0.00","392934.10","pending","2025-10-28 13:23:07",NULL,NULL,"Active"
"Ultrahuman Healthcare Pvt Ltd","HNV/25-26/492","domestic","INR","UH/PO/25-26/0003277","Tax Invoice","473760.00","9.00","9.00","0.00","559036.80","559036.80","2025-10-29 10:35:43","0.00","559036.80","pending","2025-10-29 10:35:42",NULL,NULL,"Active"
"ADROIT TOOLING SOLUTIONS","HNV/25-26/493","domestic","INR","Mail Confirmation IM06","Tax Invoice","1000000.00","9.00","9.00","0.00","1180000.00","1180000.00","2025-10-29 15:35:16","0.00","1180000.00","pending","2025-10-29 15:35:16",NULL,NULL,"Active"
"Aharon Yosef & Sons Electronic Packaging Industries Ltd.","HNV/25-26/E/179","export","USD","PO25003965","Tax Invoice","372.66","0.00","0.00","0.00","372.66","32421.42","2025-10-30 08:21:17","373.00","-0.34","paid","2025-11-10 04:28:45","399-03-003693-5",NULL,"Active"
"Wilder Technologies, LLC","HNV/25-26/E/180","export","USD","5874","Tax Invoice","396.00","0.00","0.00","0.00","396.00","35315.28","2025-10-30 10:28:53","396.00","0.00","paid","2025-12-02 06:17:29","3073065335ES",NULL,"Active"
"IDEAFORGE TECHNOLOGY LIMITED","HNV/25-26/494","domestic","INR"," PO/OP/25-26/42441","Tax Invoice","17075.00","0.00","0.00","18.00","20148.50","20148.50","2025-10-30 10:40:10","20149.00","-0.50","paid","2025-12-26 04:22:09","AA40202000012",NULL,"Active"
"TRITAN AMS PTE LTD","HNV/25-26/E/181","export","USD","PO202509-027","Tax Invoice","1219.50","0.00","0.00","0.00","1219.50","108755.01","2025-10-30 10:47:58","1219.50","0.00","paid","2025-12-11 06:50:43","2025121000528688",NULL,"Active"
"Gee Keyy Engineering Co","HNV/25-26/495","domestic","INR","PO/002/2025","Tax Invoice","490700.00","0.00","0.00","18.00","579026.00","579026.00","2025-10-30 07:59:55","579026.00","0.00","paid","2026-02-04 13:28:56","CIUBR52026020400411369","2026-02-04","Active"
"IDEAFORGE TECHNOLOGY LIMITED","HNV/25-26/496","domestic","INR","PO/OP/25-26/41346","Tax Invoice","1143510.51","0.00","0.00","18.00","1349342.40","1349342.40","2025-10-31 05:29:15","1349342.00","0.40","paid","2025-12-26 04:21:43","AA40202000012",NULL,"Active"
"LARSEN And TOUBRO LIMITED","HNV/25-26/497","domestic","INR","07L019808","Tax Invoice","254350.00","0.00","0.00","18.00","300133.00","300133.00","2025-10-31 09:51:10","295046.00","5087.00","paid","2026-01-19 05:27:23","AXISCN1218575544 / AXISCN1221527614","2026-01-13","Active"
"Raison Tech ","HNV/25-26/498","domestic","INR","Mail Confirmation ","Tax Invoice","61720.09","9.00","9.00","0.00","72829.71","72829.71","2025-10-31 10:23:28","0.00","72829.71","pending","2025-10-31 10:23:27",NULL,NULL,"Active"
"Astrobase Space Technologies Pvt. Ltd","HNV/25-26/499","domestic","INR","Mail  Confirmation AS 05","Tax Invoice","8600.00","9.00","9.00","0.00","10148.00","10148.00","2025-10-31 11:20:40","10148.00","0.00","paid","2026-01-21 11:38:26","NEFT-CMS0212671651008","2026-01-21","Active"
"Astrobase Space Technologies Pvt. Ltd","HNV/25-26/500","domestic","INR","Mail confirmation AS07","Tax Invoice","31520.00","9.00","9.00","0.00","37193.60","37193.60","2025-10-31 11:30:09","37193.60","0.00","paid","2026-01-21 11:40:07","NEFT-CMS0212671651010","2026-01-21","Active"
"Astrobase Space Technologies Pvt. Ltd","HNV/25-26/501","domestic","INR","Mail Confirmation AS08","Tax Invoice","13500.00","9.00","9.00","0.00","15930.00","15930.00","2025-10-31 11:45:30","15930.00","0.00","paid","2026-01-21 11:39:16","NEFT-CMS0212671651012","2026-01-21","Active"
"Astrobase Space Technologies Pvt. Ltd","HNV/25-26/502","domestic","INR","Mail Confirmation ","Tax Invoice","43650.00","9.00","9.00","0.00","51507.00","51507.00","2025-10-31 11:47:30","51507.00","0.00","paid","2026-01-21 11:37:46","NEFT-CMS0212671651001","2026-01-21","Active"
"NW Engineering Private Limited ","HNV/25-26/503","domestic","INR","PR170 ","Tax Invoice","38750.00","9.00","9.00","0.00","45725.00","45725.00","2025-10-31 11:48:30","45725.00","0.00","paid","2025-11-18 06:11:58","04235473093",NULL,"Active"
"NW Engineering Private Limited ","HNV/25-26/504","domestic","INR","PR157","Tax Invoice","28275.00","9.00","9.00","0.00","33364.50","33364.50","2025-10-31 12:54:10","33364.50","0.00","paid","2025-12-02 04:37:43","042493428931",NULL,"Active"
"Raison Tech ","HNV/25-26/505","domestic","INR","Mail Confirmation ","Tax Invoice","1865000.00","9.00","9.00","0.00","2200700.00","2200700.00","2025-10-31 13:05:42","0.00","2200700.00","pending","2025-11-01 13:08:56",NULL,NULL,"Active"
"Ultrahuman Healthcare Pvt Ltd","HNV/25-26/506","domestic","INR","UH/PO/25-26/0003277","Tax Invoice","248160.00","9.00","9.00","0.00","292828.80","292828.80","2025-10-31 13:22:24","0.00","292828.80","pending","2025-11-01 13:31:41",NULL,NULL,"Active"
"NW Engineering Private Limited ","HNV/25-26/507","domestic","INR","NW","Tax Invoice","118056.00","9.00","9.00","0.00","139306.08","139306.08","2025-10-31 13:25:13","139306.08","0.00","paid","2026-01-05 04:30:32","042871940071","2026-01-03","Active"
"ALLEGION INDIA PRIVATE LIMITED","HNV/25-26/508","domestic","INR","PO25-00841","Tax Invoice","26550.00","9.00","9.00","0.00","31329.00","31329.00","2025-11-03 07:49:42","31329.00","0.00","paid","2025-12-13 04:22:52","CITIN25669137457",NULL,"Active"
"Hylio, Inc","HNV/25-26/E/182","export","USD","P4472","Tax Invoice","317.77","0.00","0.00","0.00","317.77","28338.73","2025-11-05 05:29:37","317.77","0.00","paid","2025-12-17 06:35:54","6b121bd2-da9a-11f0-831d-3f44d542d061",NULL,"Active"
"Sansera Engineering Ltd ","HNV/25-26/509","domestic","INR","2240000451","Tax Invoice","83900.00","9.00","9.00","0.00","99002.00","99002.00","2025-11-05 06:46:53","98918.00","84.00","paid","2025-12-03 09:25:42",,NULL,"Active"
"Averna Test India Private Limited","HNV/25-26/510","domestic","INR","PO-000075","Tax Invoice","718295.52","0.00","0.00","18.00","847588.71","847588.71","2025-11-06 12:13:40","847588.71","0.00","paid","2025-12-17 13:28:03","042696265851",NULL,"Active"
"Immersive Technology and Entrepreneurship Labs Foundation","HNV/25-26/511","domestic","INR","ITEL/2025-26/Wo-003","Tax Invoice","220000.00","0.00","0.00","18.00","259600.00","259600.00","2025-12-19 12:47:03","259600.00","0.00","paid","2026-03-13 04:38:59","SBIN126071760852,CNADZWVVF0","2026-03-12","Active"
"Rapture Innovation Labs Pvt. Ltd ","HNV/25-26/512","domestic","INR","Mail Confirmation","Tax Invoice","8364.00","6.00","6.00","0.00","9367.68","9367.68","2025-11-07 07:54:17","9367.68","0.00","paid","2026-01-09 07:22:04","042953620571","2026-01-09","Active"
"AMIDC Automation Technologies Pvt Ltd","HNV/25-26/513","domestic","INR","AMIDC-PO-FY26-00135","Tax Invoice","215404.00","9.00","9.00","0.00","254176.72","254176.72","2025-11-08 05:56:25","249868.00","4308.72","paid","2026-03-28 05:59:50","IDFB604064226913","2026-02-09","Active"
"Krishna Engineering ","HNV/25-26/514","domestic","INR","Mail Confirmation","Tax Invoice","425740.00","9.00","9.00","0.00","502373.20","502373.20","2025-11-08 06:03:25","502373.00","0.20","paid","2026-02-16 10:05:20","NEFT-002573162277","2026-02-16","Active"
"AMIDC Automation Technologies Pvt Ltd","HNV/25-26/515","domestic","INR","AMIDC-PO-FY26-00134","Tax Invoice","175983.00","9.00","9.00","0.00","207659.94","207659.94","2025-11-08 07:45:46","204139.00","3520.94","paid","2026-03-28 06:00:20","IDFB604064226913","2026-02-09","Active"
"Coherent","HNV/25-26/516","domestic","INR"," 13159","Tax Invoice","281463.00","0.00","0.00","18.00","332126.34","332126.34","2025-11-08 12:05:18","332126.00","0.34","paid","2025-11-20 07:59:23","RTGS-SCBLR22025111900812797",NULL,"Active"
"IDEAFORGE TECHNOLOGY LIMITED","HNV/25-26/517","domestic","INR"," PO/OP/25-26/42441","Tax Invoice","22500.00","0.00","0.00","18.00","26550.00","26550.00","2025-11-08 13:09:04","26550.00","0.00","paid","2025-12-26 04:22:39","AA40202000012",NULL,"Active"
"Averna Test India Private Limited","HNV/25-26/518","domestic","INR","PO-000075","Tax Invoice","1449313.88","0.00","0.00","18.00","1710190.38","1710190.38","2025-11-09 12:54:56","1710190.38","0.00","paid","2026-03-05 13:02:35","INF\*INFT\*042803821921\*","2025-12-29","Active"
"Averna Test India Private Limited","HNV/25-26/519","domestic","INR","PO-000145","Tax Invoice","24539.36","0.00","0.00","18.00","28956.44","28956.44","2025-11-09 12:55:53","28956.44","0.00","paid","2025-12-17 13:27:21","042696265851",NULL,"Active"
"Time Warp Racing Pty Ltd","HNV/25-26/E/183","export","USD"," TRW25-756","Tax Invoice","141.96","0.00","0.00","0.00","141.96","12350.52","2025-11-10 11:02:45","141.96","0.00","paid","2025-11-17 05:48:10","#1823598611",NULL,"Active"
"Neosky India Limited","HNV/25-26/PI/520","domestic","INR","1150000455","Proforma Invoice","94600.00","9.00","9.00","0.00","111628.00","111628.00","2025-11-11 05:52:16","0.00","111628.00","pending","2026-03-27 07:46:50",NULL,NULL,"Active"
"Nimble Robotics","HNV/25-26/E/184","export","USD","#PO-8933","Tax Invoice","31.00","0.00","0.00","0.00","31.00","2697.00","2025-11-11 10:12:32","0.00","31.00","pending","2025-11-11 11:09:39",NULL,NULL,"Active"
"Technical Manufacturing Corporation AMETEK","HNV/25-26/E/185","export","USD","VO-207430","Tax Invoice","157.50","0.00","0.00","0.00","157.50","14427.00","2025-11-11 15:34:00","157.50","0.00","paid","2026-02-24 10:07:42","8964300048JO","2026-02-24","Active"
"Factorem Pte Ltd","HNV/25-26/E/186","export","USD","2287408301","Tax Invoice","60.55","0.00","0.00","0.00","60.55","5267.85","2025-11-12 08:59:00","0.00","60.55","pending","2025-11-12 08:59:00",NULL,NULL,"Active"
"AMIDC Automation Technologies Pvt Ltd","HNV/25-26/521","domestic","INR","AMIDC-PO-FY26-00170","Tax Invoice","57540.00","9.00","9.00","0.00","67897.20","67897.20","2025-11-12 09:41:56","66746.00","1151.20","paid","2026-03-28 06:00:46","IDFB604064226913","2026-02-09","Active"
"AMIDC Automation Technologies Pvt Ltd","HNV/25-26/522","domestic","INR","AMIDC-PO-FY26-00170","Tax Invoice","62335.00","9.00","9.00","0.00","73555.30","73555.30","2025-11-13 05:33:16","72308.00","1247.30","paid","2026-03-28 06:01:12","IDFB604064226913","2026-02-09","Active"
"Nimble Robotics","HNV/25-26/E/187","export","USD","#PO-8933","Tax Invoice","50.00","0.00","0.00","0.00","50.00","4350.00","2025-11-13 10:57:59","0.00","50.00","pending","2025-11-13 10:57:58",NULL,NULL,"Active"
"Raison Tech ","HNV/25-26/523","domestic","INR","Mail confirmation","Tax Invoice","8899.10","9.00","9.00","0.00","10500.94","10500.94","2025-11-13 11:32:41","0.00","10500.94","pending","2026-03-27 07:46:50",NULL,NULL,"Active"
"Wilder Technologies, LLC","HNV/25-26/E/188","export","USD","5822","Tax Invoice","4433.40","0.00","0.00","0.00","4433.40","395370.61","2025-11-14 10:54:09","4433.40","0.00","paid","2025-12-22 08:40:04","3291785352ES",NULL,"Active"
"IDEAFORGE TECHNOLOGY LIMITED","HNV/25-26/524","domestic","INR"," PO/OP/25-26/42651","Tax Invoice","1500.00","0.00","0.00","18.00","1770.00","1770.00","2025-11-14 11:44:44","1770.00","0.00","paid","2026-02-09 07:12:07","HDFCH00784958695","2026-02-06","Active"
"Sansera Engineering Ltd Plant-11","HNV/25-26/525","domestic","INR","1250037397","Tax Invoice","7680.00","9.00","9.00","0.00","9062.40","9062.40","2025-11-14 11:51:02","9054.40","8.00","paid","2026-03-21 04:51:19","20251114","2026-03-18","Active"
"Finisar Technology India Pvt. Ltd","HNV/25-26/526","domestic","INR","13159","Tax Invoice","2450.00","0.00","0.00","18.00","2891.00","2891.00","2025-11-15 06:28:25","2891.00","0.00","paid","2026-03-18 10:20:52","SCBLH07700626388","2026-03-18","Active"
"ACTIV MFG(accurate carbide)","HNV/25-26/E/189","export","USD","17584","Tax Invoice","440.00","0.00","0.00","0.00","440.00","39239.20","2025-11-15 08:52:05","440.00","0.00","paid","2025-12-30 09:22:59","HAR251229560134","2025-12-29","Active"
"ACTIV MFG(accurate carbide)","HNV/25-26/E/190","export","USD","17587","Tax Invoice","110.00","0.00","0.00","0.00","110.00","9809.80","2025-11-15 08:53:27","110.00","0.00","paid","2025-12-30 09:32:51","HAR251229560134","2025-12-29","Active"
"ACTIV MFG(accurate carbide)","HNV/25-26/E/191","export","USD","17584","Tax Invoice","1160.00","0.00","0.00","0.00","1160.00","103448.80","2025-11-15 08:58:16","1160.00","0.00","paid","2025-12-30 09:33:09","HAR251229560134","2025-12-29","Active"
"ACTIV MFG(accurate carbide)","HNV/25-26/E/192","export","USD","17587","Tax Invoice","290.00","0.00","0.00","0.00","290.00","25862.20","2025-11-15 08:59:44","290.00","0.00","paid","2025-12-30 09:33:34","HAR251229560134","2025-12-30","Active"
"Wilder Technologies, LLC","HNV/25-26/E/193","export","USD","5891","Tax Invoice","2089.50","0.00","0.00","0.00","2089.50","186341.61","2025-11-15 09:07:22","2089.50","0.00","paid","2025-12-22 08:40:36","3291785352ES",NULL,"Active"
"AMIDC Automation Technologies Pvt Ltd","HNV/25-26/527","domestic","INR","AMIDC-PO-FY26-00199","Tax Invoice","225690.00","9.00","9.00","0.00","266314.20","266314.20","2025-11-15 10:39:28","261800.00","4514.20","paid","2026-03-28 05:34:41","IDFB605166390531","2026-02-20","Active"
"Nimble Robotics","HNV/25-26/E/194","export","USD","PO-8933","Tax Invoice","76.00","0.00","0.00","0.00","76.00","6612.00","2025-11-15 11:52:12","0.00","76.00","pending","2025-11-15 12:45:49",NULL,NULL,"Active"
"Averna Test India Private Limited","HNV/25-26/528","domestic","INR","PO-000075","Tax Invoice","408830.64","0.00","0.00","18.00","482420.16","482420.16","2025-11-16 15:18:19","482420.16","0.00","paid","2025-12-30 07:45:39","INF\*INFT\*042803821921\*","2025-12-29","Active"
"Averna Test India Private Limited","HNV/25-26/529","domestic","INR","PO-000145","Tax Invoice","10591.68","0.00","0.00","18.00","12498.18","12498.18","2025-11-16 15:31:20","12498.18","0.00","paid","2025-12-30 07:46:15","INF\*INFT\*042803821921\*","2025-12-29","Active"
"Hylio, Inc","HNV/25-26/E/195","export","USD","P4443","Tax Invoice","4150.00","0.00","0.00","0.00","4150.00","361050.00","2025-11-17 07:11:34","4138.00","12.00","paid","2025-11-20 05:55:24","2234304323JS",NULL,"Active"
"Ultrahuman Healthcare Pvt Ltd","HNV/25-26/530","domestic","INR","UH/PO/25-26/0003612","Tax Invoice","378000.00","9.00","9.00","0.00","446040.00","446040.00","2025-11-17 11:24:34","0.00","446040.00","pending","2025-11-17 11:24:34",NULL,NULL,"Active"
"Averna Test India Private Limited","HNV/25-26/531","domestic","INR","PO-000075","Tax Invoice","639492.13","0.00","0.00","18.00","754600.71","754600.71","2025-11-17 17:37:01","754600.71","0.00","paid","2025-12-30 07:46:59","INF\*INFT\*042803821921\*","2025-12-29","Active"
"Averna Test India Private Limited","HNV/25-26/532","domestic","INR","PO-000145","Tax Invoice","10068.00","0.00","0.00","18.00","11880.24","11880.24","2025-11-17 17:41:28","11880.24","0.00","paid","2025-12-30 07:47:22","INF\*INFT\*042803821921\*","2025-12-29","Active"
"Ultrahuman Healthcare Pvt Ltd","HNV/25-26/533","domestic","INR","UH/PO/25-26/0000349","Tax Invoice","1378000.00","9.00","9.00","0.00","1626040.00","1626040.00","2025-11-18 04:14:28","0.00","1626040.00","pending","2025-11-18 04:14:27",NULL,NULL,"Active"
"Temple Private Limited","HNV/25-26/534","domestic","INR","As per Mail Reference","Tax Invoice","316000.00","0.00","0.00","18.00","372880.00","372880.00","2025-11-18 11:23:36","372880.00","0.00","paid","2025-11-20 07:58:46","RTGS-KKBKR22025111919772995",NULL,"Active"
"Raison Tech ","HNV/25-26/535","domestic","INR","Mail Confirmation ","Tax Invoice","246338.58","9.00","9.00","0.00","290679.52","290679.52","2025-11-18 11:23:48","0.00","290679.52","pending","2025-11-18 11:23:47",NULL,NULL,"Active"
"Sansera Engineering Ltd Plant-3","HNV/25-26/536","domestic","INR","1250042929","Tax Invoice","30787.56","9.00","9.00","0.00","36329.32","36329.32","2025-11-18 11:28:52","36329.32","0.00","paid","2026-01-02 06:26:01","CITIN26600203077","2026-01-01","Active"
"Neosky India Limited","HNV/25-26/PI/537","domestic","INR","1150000479","Proforma Invoice","114676.00","9.00","9.00","0.00","135317.68","135317.68","2025-11-19 05:30:12","135318.00","-0.32","paid","2025-12-22 12:24:32",,NULL,"Active"
"Nimble Robotics","HNV/25-26/E/196","export","USD","PO-8933","Tax Invoice","90.00","0.00","0.00","0.00","90.00","7830.00","2025-11-19 06:04:24","0.00","90.00","pending","2025-11-19 06:10:41",NULL,NULL,"Active"
"AMIDC Automation Technologies Pvt Ltd","HNV/25-26/538","domestic","INR","AMIDC-PO-FY26-00214","Tax Invoice","176281.00","9.00","9.00","0.00","208011.58","208011.58","2025-11-19 09:42:56","204485.58","3526.00","paid","2026-03-28 06:01:41","IDFB604064226913","2026-02-09","Active"
"V M MANUFACTURERS","HNV/25-26/539","domestic","INR","Mail Confirmation ","Tax Invoice","12400.00","9.00","9.00","0.00","14632.00","14632.00","2025-11-19 09:46:20","0.00","14632.00","pending","2025-11-19 09:46:19",NULL,NULL,"Active"
"Wilder Technologies, LLC","HNV/25-26/E/197","export","USD","5890","Tax Invoice","714.00","0.00","0.00","0.00","714.00","63674.52","2025-11-19 09:57:44","714.00","0.00","paid","2025-12-22 08:39:24","3291785352ES",NULL,"Active"
"Wilder Technologies, LLC","HNV/25-26/E/198","export","USD","5822","Tax Invoice","216.00","0.00","0.00","0.00","216.00","19262.88","2025-11-19 10:01:31","216.00","0.00","paid","2025-12-22 08:39:45","3291785352ES",NULL,"Active"
"Ultrahuman Healthcare Pvt Ltd","HNV/25-26/540","domestic","INR","UH/PO/25-26/0003612","Tax Invoice","630000.00","9.00","9.00","0.00","743400.00","743400.00","2025-11-19 11:36:45","0.00","743400.00","pending","2025-11-19 11:36:44",NULL,NULL,"Active"
"Coherent","HNV/25-26/541","domestic","INR","13174","Tax Invoice","22538.90","0.00","0.00","18.00","26595.90","26595.90","2025-11-19 11:57:10","26595.90","0.00","paid","2026-03-18 10:21:09","SCBLH07700626388","2026-03-18","Active"
"ACTIV MFG(accurate carbide)","HNV/25-26/E/199","export","USD","17571","Tax Invoice","405.00","0.00","0.00","0.00","405.00","36117.90","2025-11-19 12:10:05","405.00","0.00","paid","2025-12-30 09:34:15","HAR251229560134","2025-12-29","Active"
"ACTIV MFG(accurate carbide)","HNV/25-26/E/200","export","USD","17571","Tax Invoice","945.00","0.00","0.00","0.00","945.00","84275.10","2025-11-19 12:12:48","945.00","0.00","paid","2025-12-30 09:34:39","HAR251229560134","2025-12-29","Active"
"Immersive Technology and Entrepreneurship Labs Foundation","HNV/25-26/542","domestic","INR","ITEL/2025-26/Wo-003","Tax Invoice","3632.88","0.00","0.00","18.00","4286.80","4286.80","2025-12-19 12:47:29","4286.80","0.00","paid","2026-03-12 13:00:19","SBIN126071760852","2026-03-12","Active"
"Ultrahuman Healthcare Pvt Ltd","HNV/25-26/543","domestic","INR","UH/PO/25-26/0003624","Tax Invoice","37600.00","9.00","9.00","0.00","44368.00","44368.00","2025-11-19 13:58:35","0.00","44368.00","pending","2025-11-20 12:25:03",NULL,NULL,"Active"
"Rekise Marine","HNV/25-26/544","domestic","INR","PO P202526/220","Tax Invoice","52849.00","9.00","9.00","0.00","62361.82","62361.82","2025-11-20 05:05:54","62362.00","-0.18","paid","2025-11-26 09:29:11","1483075329",NULL,"Active"
"Temple Private Limited","HNV/25-26/545","domestic","INR","Mail Confirmation ","Tax Invoice","35000.00","0.00","0.00","18.00","41300.00","41300.00","2025-11-20 05:19:30","41300.00","0.00","paid","2025-12-30 05:05:05",,NULL,"Active"
"Nimble Robotics","HNV/25-26/E/201","export","USD","PO-8933","Tax Invoice","59.10","0.00","0.00","0.00","59.10","5141.70","2025-11-20 11:04:25","0.00","59.10","pending","2025-11-20 12:46:34",NULL,NULL,"Active"
"IDEAFORGE TECHNOLOGY LIMITED","HNV/25-26/546","domestic","INR","PO/OP/25-26/41346","Tax Invoice","1186661.85","0.00","0.00","18.00","1400260.98","1400260.98","2025-11-20 11:15:17","1400260.98","0.00","paid","2026-02-09 06:54:11","HDFCH00784958695","2026-02-06","Active"
"ACTIV MFG(accurate carbide)","HNV/25-26/E/202","export","USD","17536","Tax Invoice","1362.00","0.00","0.00","0.00","1362.00","121463.16","2025-11-20 11:49:07","1362.00","0.00","paid","2025-12-30 09:34:56","945.00","2025-12-29","Active"
"ACTIV MFG(accurate carbide)","HNV/25-26/E/203","export","USD","17536","Tax Invoice","3178.00","0.00","0.00","0.00","3178.00","283414.04","2025-11-20 13:08:24","3178.00","0.00","paid","2025-12-30 09:35:30","HAR251229560134","2025-12-29","Active"
"LARSEN And TOUBRO LIMITED","HNV/25-26/547","domestic","INR","07L019566","Tax Invoice","292000.00","0.00","0.00","18.00","344560.00","344560.00","2025-11-20 16:32:59","383688.00","-39128.00","paid","2026-02-19 04:20:51"," PXA250444811, PXA250453152","2026-02-19","Active"
"Shenzhen Jinyihe Technology Co.,Ltd.","HNV/25-26/E/204","export","USD","Mail Confrimation","Tax Invoice","5.00","0.00","0.00","0.00","5.00","458.00","2025-11-21 07:03:11","5.00","0.00","paid","2026-03-16 05:25:29",NULL,"2026-03-13","Active"
"Ultrahuman Healthcare Pvt Ltd","HNV/25-26/548","domestic","INR","UH/PO/25-26/0003657","Tax Invoice","24064.00","9.00","9.00","0.00","28395.52","28395.52","2025-11-21 07:24:23","0.00","28395.52","pending","2025-11-21 07:24:22",NULL,NULL,"Active"
"Nimble Robotics","HNV/25-26/E/205","export","USD","#PO-8933","Tax Invoice","1333.08","0.00","0.00","0.00","1333.08","118884.07","2025-11-21 11:34:35","0.00","1333.08","pending","2025-11-26 05:20:11",NULL,NULL,"Active"
"Ultrahuman Healthcare Pvt Ltd","HNV/25-26/549","domestic","INR","UH/PO/25-26/0003612","Tax Invoice","378000.00","9.00","9.00","0.00","446040.00","446040.00","2025-11-21 11:50:08","0.00","446040.00","pending","2025-11-21 11:50:08",NULL,NULL,"Active"
"Seakeeper","HNV/25-26/E/206","export","USD","81484","Tax Invoice","6356.10","0.00","0.00","0.00","6356.10","582218.76","2025-11-22 04:36:52","6356.10","0.00","paid","2026-03-02 07:33:27","2026022600078346","2026-02-27","Active"
"Sansera Engineering Ltd Plant-11","HNV/25-26/550","domestic","INR","Mail Confrimation","Tax Invoice","41950.00","9.00","9.00","0.00","49501.00","49501.00","2025-11-22 07:12:58","49501.00","0.00","paid","2025-12-19 04:48:33",,NULL,"Active"
"Ultrahuman Healthcare Pvt Ltd","HNV/25-26/551","domestic","INR","UH/PO/25-26/0003624","Tax Invoice","47376.00","9.00","9.00","0.00","55903.68","55903.68","2025-11-22 09:06:50","0.00","55903.68","pending","2025-11-22 09:06:49",NULL,NULL,"Active"
"LARSEN And TOUBRO LIMITED","HNV/25-26/552","domestic","INR","07L019886","Tax Invoice","865750.00","0.00","0.00","18.00","1021585.00","1021585.00","2025-11-22 18:15:21","1020719.00","866.00","paid","2026-01-07 13:05:00","PXA250393401","2026-01-07","Active"
"LARSEN And TOUBRO LIMITED","HNV/25-26/553","domestic","INR","07L019566","Tax Invoice","219000.00","0.00","0.00","18.00","258420.00","258420.00","2025-11-22 18:22:03","258201.00","219.00","paid","2026-01-07 13:06:05","PXA250393401","2026-01-07","Active"
"Ultrahuman Healthcare Pvt Ltd","HNV/25-26/554","domestic","INR","UH/PO/25-26/0003673","Tax Invoice","9200.00","9.00","9.00","0.00","10856.00","10856.00","2025-11-24 08:08:29","0.00","10856.00","pending","2025-11-24 08:08:29",NULL,NULL,"Active"
"Ultrahuman Healthcare Pvt Ltd","HNV/25-26/555","domestic","INR","UH/PO/25-26/0003675","Tax Invoice","90240.00","9.00","9.00","0.00","106483.20","106483.20","2025-11-24 09:24:42","0.00","106483.20","pending","2025-11-24 12:19:44",NULL,NULL,"Active"
"ACTIV MFG(accurate carbide)","HNV/25-26/E/207","export","USD","17549","Tax Invoice","834.00","0.00","0.00","0.00","834.00","74376.12","2025-11-24 10:41:09","834.00","0.00","paid","2025-12-30 09:35:47","HAR251229560134","2025-12-29","Active"
"ACTIV MFG(accurate carbide)","HNV/25-26/E/208","export","USD","17549","Tax Invoice","1946.00","0.00","0.00","0.00","1946.00","173544.28","2025-11-24 10:42:56","1946.00","0.00","paid","2025-12-30 09:36:15","HAR251229560134","2025-12-29","Active"
"AMIDC Automation Technologies Pvt Ltd","HNV/25-26/556","domestic","INR","AMIDC-PO-FY26-00263","Tax Invoice","1088780.00","9.00","9.00","0.00","1284760.40","1284760.40","2025-11-24 11:27:50","1262984.00","21776.40","paid","2026-03-28 06:05:38","IDFB604064226913","2026-02-09","Active"
"AMIDC Automation Technologies Pvt Ltd","HNV/25-26/557","domestic","INR","AMIDC-PO-FY26-00229","Tax Invoice","14196.00","9.00","9.00","0.00","16751.28","16751.28","2025-11-24 11:55:50","16467.28","284.00","paid","2026-03-28 06:12:25","IDFB604064226913","2026-02-09","Active"
"Neosky India Limited","HNV/25-26/PI/558","domestic","INR","1150000492","Proforma Invoice","523300.00","9.00","9.00","0.00","617494.00","617494.00","2025-11-25 06:42:13","0.00","617494.00","pending","2025-12-02 06:59:54",NULL,NULL,"Active"
"Ultrahuman Healthcare Pvt Ltd","HNV/25-26/559","domestic","INR","UH/PO/25-26/0003675","Tax Invoice","2256.00","9.00","9.00","0.00","2662.08","2662.08","2025-11-25 07:07:35","0.00","2662.08","pending","2025-11-27 10:48:38",NULL,NULL,"Active"
"Rekise Marine","HNV/25-26/560","domestic","INR","PO P2025-26/278","Tax Invoice","6515.00","9.00","9.00","0.00","7687.70","7687.70","2025-11-25 07:34:05","7687.70","0.00","paid","2025-11-26 09:28:39","1483075572",NULL,"Active"
"Coherent","HNV/25-26/561","domestic","INR","13174","Tax Invoice","800.00","0.00","0.00","18.00","944.00","944.00","2025-11-25 07:46:45","944.00","0.00","paid","2026-03-18 10:21:21","SCBLH07700626388","2026-03-18","Active"
"Ametek, thermal process management,Universal Analyzers  Barben Analytical","HNV/25-26/E/209","export","USD"," 527326","Tax Invoice","2784.00","0.00","0.00","0.00","2784.00","248277.12","2025-11-25 09:39:45","2776.00","8.00","paid","2026-01-07 06:24:06","8296000006JO","2026-01-07","Active"
"Averna Test India Private Limited","HNV/25-26/563","domestic","INR","PO-000075","Tax Invoice","75994.99","0.00","0.00","18.00","89674.09","89674.09","2025-11-25 12:57:20","67735.91","21938.18","partially paid","2026-02-18 10:19:35","INF\*INFT\*042803821921\*","2025-12-29","Active"
"Temple Private Limited","HNV/25-26/564","domestic","INR","Mail Confrimation","Tax Invoice","70000.00","0.00","0.00","18.00","82600.00","82600.00","2025-11-26 04:55:41","82600.00","0.00","paid","2025-12-30 07:44:31","251225KEDR2Y","2025-11-20","Active"
"Ametek Instruments India Pvt Ltd.","HNV/25-26/565","domestic","INR","PO/25-26/00833","Tax Invoice","16376.62","9.00","9.00","0.00","19324.41","19324.41","2025-11-26 08:03:32","19324.41","0.00","paid","2025-12-16 12:37:41",,NULL,"Active"
"AMIDC Automation Technologies Pvt Ltd","HNV/25-26/566","domestic","INR","AMIDC-PO-FY26-00276","Tax Invoice","124230.00","9.00","9.00","0.00","146591.40","146591.40","2025-11-26 09:27:42","144106.40","2485.00","paid","2026-03-28 06:12:38","IDFB604064226913","2026-02-09","Active"
"Ultrahuman Healthcare Pvt Ltd","HNV/25-26/PI/567","domestic","INR","Mail Confirmation ","Proforma Invoice","800000.00","9.00","9.00","0.00","944000.00","944000.00","2025-11-26 11:53:04","0.00","944000.00","pending","2025-11-26 12:59:57",NULL,NULL,"Active"
"IDEAFORGE TECHNOLOGY LIMITED","HNV/25-26/568","domestic","INR","PO/OP/25-26/42784","Tax Invoice","92812.50","0.00","0.00","18.00","109518.75","109518.75","2025-11-26 12:58:56","108855.02","663.73","paid","2026-02-09 07:11:26","HDFCH00784958695","2026-02-06","Active"
"LARSEN And TOUBRO LIMITED","HNV/25-26/569","domestic","INR","07L019566","Tax Invoice","511000.00","0.00","0.00","18.00","602980.00","602980.00","2025-11-26 15:11:59","602469.00","511.00","paid","2026-03-06 06:56:15","PXA250472591, CN1272310284","2026-03-06","Active"
"AMIDC Automation Technologies Pvt Ltd","HNV/25-26/570","domestic","INR","AMIDC-PO-FY26-00280","Tax Invoice","15800.00","9.00","9.00","0.00","18644.00","18644.00","2025-11-27 04:09:36","18328.00","316.00","paid","2026-03-28 06:12:52","IDFB604064226913","2026-02-09","Active"
"Ultrahuman Healthcare Pvt Ltd","HNV/25-26/571","domestic","INR","UH/PO/25-26/0003711","Tax Invoice","10400.00","9.00","9.00","0.00","12272.00","12272.00","2025-11-27 05:48:23","0.00","12272.00","pending","2025-11-27 06:40:02",NULL,NULL,"Active"
"Ultrahuman Healthcare Pvt Ltd","HNV/25-26/572","domestic","INR","UH/PO/25-26/0003709","Tax Invoice","3008.00","9.00","9.00","0.00","3549.44","3549.44","2025-11-27 06:03:16","0.00","3549.44","pending","2025-11-27 06:40:34",NULL,NULL,"Active"
"Temple Private Limited","HNV/25-26/573","domestic","INR","Mail Confrimation","Tax Invoice","87500.00","0.00","0.00","18.00","103250.00","103250.00","2025-11-27 12:47:14","103250.00","0.00","paid","2025-12-30 07:44:56","251225KEDR2Y","2025-11-20","Active"
"Ultrahuman Healthcare Pvt Ltd","HNV/25-26/574","domestic","INR","UH/PO/25-26/0003717","Tax Invoice","1504.00","9.00","9.00","0.00","1774.72","1774.72","2025-11-27 14:52:05","0.00","1774.72","pending","2025-11-27 14:52:04",NULL,NULL,"Active"
"Wilder Technologies, LLC","HNV/25-26/E/211","export","USD","5891","Tax Invoice","3482.50","0.00","0.00","0.00","3482.50","310569.35","2025-11-28 12:37:03","3482.50","0.00","paid","2025-12-22 08:40:22","3291785352ES",NULL,"Active"
"Raison Tech ","HNV/25-26/575","domestic","INR","Mail Confirmation ","Tax Invoice","369572.56","9.00","9.00","0.00","436095.62","436095.62","2025-11-29 11:54:13","0.00","436095.62","pending","2025-11-29 11:54:12",NULL,NULL,"Active"
"NW Engineering Private Limited ","HNV/25-26/576","domestic","INR","PR188","Tax Invoice","46000.00","9.00","9.00","0.00","54280.00","54280.00","2025-11-29 12:37:14","54280.00","0.00","paid","2026-03-13 04:31:54","043684321761*67962814","2026-03-12","Active"
"NW Engineering Private Limited ","HNV/25-26/577","domestic","INR","NW31","Tax Invoice","467.00","9.00","9.00","0.00","551.06","551.06","2025-11-29 13:15:42","0.00","551.06","pending","2025-11-29 13:15:41",NULL,NULL,"Active"
"NW Engineering Private Limited ","HNV/25-26/578","domestic","INR","PR148","Tax Invoice","44000.00","9.00","9.00","0.00","51920.00","51920.00","2025-11-29 13:26:17","51920.00","0.00","paid","2026-03-13 04:31:16","043684321061*67962814","2026-03-12","Active"
"NW Engineering Private Limited ","HNV/25-26/579","domestic","INR","PR168","Tax Invoice","295282.60","9.00","9.00","0.00","348433.47","348433.47","2025-11-29 13:30:20","348433.47","0.00","paid","2026-03-13 04:30:36","043684320391*67962814","2026-03-12","Active"
"Raison Tech ","HNV/25-26/580","domestic","INR","RT25-26/036","Tax Invoice","3560000.00","9.00","9.00","0.00","4200800.00","4200800.00","2025-11-29 13:57:36","0.00","4200800.00","pending","2025-11-29 13:57:36",NULL,NULL,"Active"
"Nimble Robotics.","HNV/25-26/E/212","export","USD","PO-8933","Tax Invoice","11875.92","0.00","0.00","0.00","11875.92","1059094.55","2025-11-29 15:34:56","0.00","11875.92","pending","2025-11-29 15:34:55",NULL,NULL,"Active"
"Raison Tech ","HNV/25-26/581","domestic","INR","Mail Confrimation","Tax Invoice","863835.50","9.00","9.00","0.00","1019325.89","1019325.89","2025-11-29 15:37:34","0.00","1019325.89","pending","2025-12-05 04:29:54",NULL,NULL,"Active"
"Krishna Engineering ","HNV/25-26/583","domestic","INR","Mail Confrimation","Tax Invoice","42460.00","9.00","9.00","0.00","50102.80","50102.80","2025-12-02 04:59:28","50102.80","0.00","paid","2026-02-16 10:05:41","NEFT-002573162277","2026-02-16","Active"
"Temple Private Limited","HNV/25-26/584","domestic","INR","Mail Confirmation","Tax Invoice","24500.00","0.00","0.00","18.00","28910.00","28910.00","2025-12-02 08:39:34","28910.00","0.00","paid","2025-12-30 07:45:17","251225KEDR2Y","2025-11-20","Active"
"AMIDC Automation Technologies Pvt Ltd","HNV/25-26/585","domestic","INR","AMIDC-PO-FY26-00274","Tax Invoice","840.00","9.00","9.00","0.00","991.20","991.20","2025-12-02 09:33:26","974.00","17.20","paid","2026-03-28 06:13:05","IDFB604064226913","2026-02-09","Active"
"R.P.Network System","HNV/25-26/586","domestic","INR","Mail Confirmation","Tax Invoice","13000.00","9.00","9.00","0.00","15340.00","15340.00","2025-12-02 10:39:30","15340.00","0.00","paid","2025-12-05 04:29:43","UPI ",NULL,"Active"
"AMIDC Automation Technologies Pvt Ltd","HNV/25-26/587","domestic","INR","AMIDC-PO-FY26-00308","Tax Invoice","10500.00","9.00","9.00","0.00","12390.00","12390.00","2025-12-03 07:12:03","12180.00","210.00","paid","2026-03-28 06:13:15","IDFB604064226913","2026-02-09","Active"
"AMIDC Automation Technologies Pvt Ltd","HNV/25-26/588","domestic","INR","AMIDC-PO-FY26-00289","Tax Invoice","63700.00","9.00","9.00","0.00","75166.00","75166.00","2025-12-03 07:17:34","73892.00","1274.00","paid","2026-03-28 06:13:29","IDFB604064226913","2026-02-09","Active"
"TRITAN AMS PTE LTD","HNV/25-26/E/213","export","USD","PO202510-009","Tax Invoice","2308.00","0.00","0.00","0.00","2308.00","205827.44","2025-12-03 10:00:08","2308.00","0.00","paid","2026-01-06 07:20:07","2026010600513033","2026-01-06","Active"
"Neosky India Limited","HNV/25-26/589","domestic","INR","1150000455","Tax Invoice","94600.00","9.00","9.00","0.00","111628.00","111628.00","2025-12-03 11:37:01","111628.00","0.00","paid","2026-02-19 06:45:57","HDFCH00638038763","2025-11-27","Active"
"Rekise Marine","HNV/25-26/590","domestic","INR","PO P2025-26/296","Tax Invoice","6000.00","9.00","9.00","0.00","7080.00","7080.00","2025-12-04 07:09:28","7080.00","0.00","paid","2026-04-07 12:21:03","BARBT26097512838","2026-04-07","Active"
"SteeCo Industries","HNV/25-26/591","domestic","INR","SC-PO-00104","Tax Invoice","21681.00","0.00","0.00","18.00","25583.58","25583.58","2025-12-04 07:40:49","25583.58","0.00","paid","2026-02-24 04:42:53","HDFCH008204958855","2026-02-23","Active"
"AMIDC Automation Technologies Pvt Ltd","HNV/25-26/592","domestic","INR","AMIDC-PO-FY26-00341","Tax Invoice","6700.00","9.00","9.00","0.00","7906.00","7906.00","2025-12-05 05:59:54","7772.00","134.00","paid","2026-03-28 06:13:54","IDFB604064226913","2026-02-09","Active"
"Raison Tech ","HNV/25-26/593","domestic","INR","Mail Confrimation","Tax Invoice","31100.00","9.00","9.00","0.00","36698.00","36698.00","2025-12-05 12:59:16","0.00","36698.00","pending","2025-12-05 13:00:15",NULL,NULL,"Active"
"Averna Test India Private Limited","HNV/25-26/594","domestic","INR","PO-000288","Tax Invoice","8000.00","0.00","0.00","18.00","9440.00","9440.00","2025-12-06 12:55:25","9440.00","0.00","paid","2025-12-30 07:48:13","INF\*INFT\*042803821921\*","2025-12-29","Active"
"LARSEN And TOUBRO LIMITED","HNV/25-26/596","domestic","INR","07L019566","Tax Invoice","219000.00","0.00","0.00","18.00","258420.00","258420.00","2025-12-06 14:41:47","310761.00","-52341.00","paid","2026-03-11 07:09:57","AXISCN1254174454, PXA250453152","2026-02-19","Active"
"AMIDC Automation Technologies Pvt Ltd","HNV/25-26/597","domestic","INR","AMIDC-PO-FY26-00272","Tax Invoice","7670.00","9.00","9.00","0.00","9050.60","9050.60","2025-12-09 04:08:03","8897.20","153.40","paid","2026-03-28 06:14:04","IDFB604064226913","2026-02-09","Active"
"Ametek, thermal process management,Universal Analyzers  Barben Analytical","HNV/25-26/E/214","export","USD","527509","Tax Invoice","5345.00","0.00","0.00","0.00","5345.00","489602.00","2025-12-09 06:55:46","5329.00","16.00","paid","2026-02-06 11:23:14","2128500036JO","2026-02-06","Active"
"Rekise Marine","HNV/25-26/598","domestic","INR","PO P202526/229","Tax Invoice","168000.00","9.00","9.00","0.00","198240.00","198240.00","2025-12-09 09:23:25","198240.00","0.00","paid","2026-04-13 04:34:24","1488153421","2025-12-31","Active"
"Nimble Robotics","HNV/25-26/E/215","export","USD","PO-10970","Tax Invoice","5916.00","0.00","0.00","0.00","5916.00","527588.88","2025-12-09 13:13:52","0.00","5916.00","pending","2025-12-09 13:13:51",NULL,NULL,"Active"
"AMIDC Automation Technologies Pvt Ltd","HNV/25-26/599","domestic","INR","AMIDC-PO-FY26-00289","Tax Invoice","79800.00","9.00","9.00","0.00","94164.00","94164.00","2025-12-10 09:34:29","92568.00","1596.00","paid","2026-03-28 06:14:18","IDFB604064226913","2026-02-09","Active"
"Ultrahuman Healthcare Pvt Ltd","HNV/25-26/600","domestic","INR","UH/PO/25-26/0003808","Tax Invoice","28200.00","9.00","9.00","0.00","33276.00","33276.00","2025-12-11 08:22:16","0.00","33276.00","pending","2025-12-11 13:46:37",NULL,NULL,"Active"
"LARSEN And TOUBRO LIMITED","HNV/25-26/601","domestic","INR","07L019886","Tax Invoice","692600.00","0.00","0.00","18.00","817268.00","817268.00","2025-12-11 12:49:03","816575.00","693.00","paid","2026-03-06 06:55:19"," PXA250465021, CN1272310284","2026-03-06","Active"
"Averna Test India Private Limited","HNV/25-26/602","domestic","INR","PO-000250","Tax Invoice","15397.00","0.00","0.00","18.00","18168.46","18168.46","2025-12-11 13:32:01","18168.46","0.00","paid","2025-12-30 07:47:48","INF\*INFT\*042803821921\*","2025-12-29","Active"
"Ultrahuman Healthcare Pvt Ltd","HNV/25-26/603","domestic","INR","UH/PO/25-26/0003808","Tax Invoice","3760.00","9.00","9.00","0.00","4436.80","4436.80","2025-12-12 03:53:37","0.00","4436.80","pending","2025-12-12 05:48:51",NULL,NULL,"Active"
"Ultrahuman Healthcare Pvt Ltd","HNV/25-26/604","domestic","INR","UH/PO/25-26/0003808","Tax Invoice","37600.00","9.00","9.00","0.00","44368.00","44368.00","2025-12-12 14:58:54","0.00","44368.00","pending","2025-12-12 14:58:54",NULL,NULL,"Active"
"AMIDC Automation Technologies Pvt Ltd","HNV/25-26/605","domestic","INR","AMIDC-PO-FY26-00332","Tax Invoice","61600.00","9.00","9.00","0.00","72688.00","72688.00","2025-12-13 06:25:22","71456.00","1232.00","paid","2026-03-28 06:14:29","IDFB604064226913","2026-02-09","Active"
"Hylio, Inc","HNV/25-26/E/216","export","USD","P4443","Tax Invoice","500.00","0.00","0.00","0.00","500.00","44590.00","2025-12-13 06:27:08","500.00","0.00","paid","2025-12-17 06:35:28","6b121bd2-da9a-11f0-831d-3f44d542d061",NULL,"Active"
"Micropoise Measurement Systems Ametek ","HNV/25-26/E/217","export","USD","PR-111025-0056","Tax Invoice","2036.10","0.00","0.00","0.00","2036.10","186506.76","2025-12-13 12:14:16","2036.10","0.00","paid","2026-02-24 09:48:27","8875900049JO","2026-02-19","Active"
"AMIDC Automation Technologies Pvt Ltd","HNV/25-26/606","domestic","INR","AMIDC-PO-FY26-00151","Tax Invoice","159000.00","9.00","9.00","0.00","187620.00","187620.00","2025-12-15 06:02:28","184440.00","3180.00","paid","2026-03-28 06:14:39","IDFB604064226913","2026-02-09","Active"
"Ultrahuman Healthcare Pvt Ltd","HNV/25-26/607","domestic","INR","UH/PO/25-26/0003808","Tax Invoice","28952.00","9.00","9.00","0.00","34163.36","34163.36","2025-12-15 11:58:11","0.00","34163.36","pending","2025-12-15 11:58:10",NULL,NULL,"Active"
"AMIDC Automation Technologies Pvt Ltd","HNV/25-26/608","domestic","INR","AMIDC-PO-FY26-00308","Tax Invoice","20500.00","9.00","9.00","0.00","24190.00","24190.00","2025-12-16 05:30:56","23780.00","410.00","paid","2026-03-28 06:10:51","₹ 1284760.4","2026-02-09","Active"
"Ultrahuman Healthcare Pvt Ltd","HNV/25-26/609","domestic","INR","UH/PO/25-26/0003808","Tax Invoice","51136.00","9.00","9.00","0.00","60340.48","60340.48","2025-12-16 07:59:31","0.00","60340.48","pending","2025-12-16 07:59:30",NULL,NULL,"Active"
"Seakeeper","HNV/25-26/E/218","export","USD","Shipping Cost for PO Number :81484","Tax Invoice","4125.00","0.00","0.00","0.00","4125.00","377850.00","2025-12-16 10:30:19","4125.00","0.00","paid","2026-03-02 07:34:09","2026022600078346","2026-02-27","Active"
"Hylio, Inc","HNV/25-26/E/219","export","USD","Shipping cost for PO: P4443","Tax Invoice","950.00","0.00","0.00","0.00","950.00","84721.00","2025-12-16 10:33:04","950.00","0.00","paid","2025-12-17 06:35:16","6b121bd2-da9a-11f0-831d-3f44d542d061",NULL,"Active"
"Sansera Engineering Ltd Plant-11","HNV/25-26/610","domestic","INR","2240000451","Tax Invoice","4340.00","9.00","9.00","0.00","5121.20","5121.20","2025-12-17 07:40:24","5117.20","4.00","paid","2026-01-15 12:40:01","CITIN26605106260","2026-01-13","Active"
"Temple Private Limited","HNV/25-26/611","domestic","INR","Mail Confrimation","Tax Invoice","206500.00","0.00","0.00","18.00","243670.00","243670.00","2025-12-17 09:22:21","243670.00","0.00","paid","2025-12-30 07:45:39","251225KEDR2Y","2025-11-20","Active"
"Ametek Instruments India Pvt Ltd.","HNV/25-26/612","domestic","INR","AR1087817","Tax Invoice","71280.00","9.00","9.00","0.00","84110.40","84110.40","2025-12-17 12:04:20","0.00","84110.40","pending","2025-12-17 12:04:20",NULL,NULL,"Active"
"Ultrahuman Healthcare Pvt Ltd","HNV/25-26/613","domestic","INR","UH/PO/25-26/0003860","Tax Invoice","129180.00","9.00","9.00","0.00","152432.40","152432.40","2025-12-17 13:10:41","0.00","152432.40","pending","2025-12-17 13:10:41",NULL,NULL,"Active"
"LARSEN And TOUBRO LIMITED","HNV/25-26/614","domestic","INR","07L019886","Tax Invoice","692600.00","0.00","0.00","18.00","817268.00","817268.00","2025-12-17 14:59:39","816575.00","693.00","paid","2026-03-06 06:51:45"," PXA250465021, CN1272310284","2026-03-06","Active"
"Epifeast India Private Limited","HNV/25-26/615","domestic","INR","17038-06","Tax Invoice","12800.00","9.00","9.00","0.00","15104.00","15104.00","2025-12-18 05:10:21","15104.00","0.00","paid","2026-01-07 13:35:25","NEFT-000492847071","2026-01-07","Active"
"Ultrahuman Healthcare Pvt Ltd","HNV/25-26/616","domestic","INR","UH/PO/25-26/0003862","Tax Invoice","1378000.00","9.00","9.00","0.00","1626040.00","1626040.00","2025-12-18 06:39:13","0.00","1626040.00","pending","2025-12-18 06:39:12",NULL,NULL,"Active"
"Rekise Marine","HNV/25-26/617","domestic","INR"," PO P2025-26/352","Tax Invoice","66381.92","9.00","9.00","0.00","78330.67","78330.67","2025-12-18 07:08:10","78331.00","-0.33","paid","2025-12-20 09:07:19","1486571803",NULL,"Active"
"Ultrahuman Healthcare Pvt Ltd","HNV/25-26/618","domestic","INR","UH/PO/25-26/0003853","Tax Invoice","252000.00","9.00","9.00","0.00","297360.00","297360.00","2025-12-18 11:10:41","297108.00","252.00","paid","2026-02-16 12:10:34","RefS63760459","2026-02-14","Active"
"AMIDC Automation Technologies Pvt Ltd","HNV/25-26/619","domestic","INR","AMIDC-PO-FY26-00410","Tax Invoice","5200.00","9.00","9.00","0.00","6136.00","6136.00","2025-12-19 11:20:04","6032.00","104.00","paid","2026-03-28 06:14:50","IDFB604064226913","2026-02-09","Active"
"LARSEN And TOUBRO LIMITED","HNV/25-26/620","domestic","INR","07L019886","Tax Invoice","606025.00","0.00","0.00","18.00","715109.50","715109.50","2025-12-20 15:20:00","714504.00","605.50","paid","2026-04-04 04:46:25","PXA250505241, CN1299717938","2026-04-02","Active"
"Rekise Marine","HNV/25-26/621","domestic","INR","PO P2025-26/364 ","Tax Invoice","9750.00","9.00","9.00","0.00","11505.00","11505.00","2025-12-22 06:36:23","11505.00","0.00","paid","2025-12-23 10:44:55","BARBT25357083011",NULL,"Active"
"Neosky India Limited","HNV/25-26/622","domestic","INR","1150000479","Tax Invoice","114676.00","9.00","9.00","0.00","135317.68","135317.68","2025-12-23 06:42:15","0.00","135317.68","pending","2025-12-23 06:42:14",NULL,NULL,"Active"
"TRITAN AMS PTE LTD","HNV/25-26/E/220","export","USD","PO202511-001","Tax Invoice","222.58","0.00","0.00","0.00","222.58","19849.68","2025-12-23 06:45:21","222.58","0.00","paid","2026-01-06 07:19:52","2026010600513033","2026-01-06","Active"
"WARM TABLE TECHNOLOGIES PRIVATE LIMITED","HNV/25-26/PI/623","domestic","INR","WMT/16/2025-2026","Proforma Invoice","66150.00","9.00","9.00","0.00","78057.00","78057.00","2025-12-23 11:12:11","0.00","78057.00","pending","2025-12-23 12:19:00",NULL,NULL,"Active"
"LARSEN And TOUBRO LIMITED","HNV/25-26/623","domestic","INR","07L019566","Tax Invoice","876000.00","0.00","0.00","18.00","1033680.00","1033680.00","2025-12-23 12:25:52","1032804.00","876.00","paid","2026-03-06 06:52:35"," PXA250465021, CN1272310284","2026-03-06","Active"
"IDEAFORGE TECHNOLOGY LIMITED","HNV/25-26/624","domestic","INR","PO/OP/25-26/43277","Tax Invoice","30376.00","0.00","0.00","18.00","35843.68","35843.68","2025-12-24 04:16:05","35718.00","125.68","paid","2026-02-21 05:57:52","HDFCH00816211557","2026-02-20","Active"
"Ultrahuman Healthcare Pvt Ltd","HNV/25-26/625","domestic","INR","UH/PO/25-26/0003924","Tax Invoice","1378000.00","9.00","9.00","0.00","1626040.00","1626040.00","2025-12-24 07:55:15","0.00","1626040.00","pending","2025-12-24 07:55:14",NULL,NULL,"Active"
"LARSEN And TOUBRO LIMITED","HNV/25-26/626","domestic","INR","07L019886","Tax Invoice","692600.00","0.00","0.00","18.00","817268.00","817268.00","2025-12-24 12:45:59","816575.00","693.00","paid","2026-03-23 05:03:54"," PXA250465021,CN1272310284","2026-03-06","Active"
"AMIDC Automation Technologies Pvt Ltd","HNV/25-26/627","domestic","INR","AMIDC-PO-FY26-00197","Tax Invoice","147000.00","9.00","9.00","0.00","173460.00","173460.00","2025-12-26 05:52:55","170520.00","2940.00","paid","2026-03-28 06:15:22","IDFB604064226913","2026-02-09","Active"
"Ultrahuman Healthcare Pvt Ltd","HNV/25-26/628","domestic","INR","UH/PO/25-26/0003853","Tax Invoice","252000.00","9.00","9.00","0.00","297360.00","297360.00","2025-12-26 10:31:32","0.00","297360.00","pending","2025-12-26 10:31:32",NULL,NULL,"Active"
"ACTIV MFG(accurate carbide)","HNV/25-26/E/221","export","USD","17554","Tax Invoice","490.00","0.00","0.00","0.00","490.00","44884.00","2025-12-27 04:05:51","0.00","490.00","paid","2026-03-04 12:28:26","490","2026-02-27","Active"
"ACTIV MFG(accurate carbide)","HNV/25-26/E/222","export","USD","17554","Tax Invoice","900.90","0.00","0.00","0.00","900.90","82522.44","2025-12-27 04:07:53","900.90","0.00","paid","2026-03-04 12:28:17",NULL,"2026-02-27","Active"
"Micropoise Measurement Systems Ametek ","HNV/25-26/E/223","export","USD","PR-110625-0002","Tax Invoice","470.00","0.00","0.00","0.00","470.00","43052.00","2025-12-29 04:32:48","467.90","2.10","paid","2026-03-16 07:59:40","2191800071VB","2026-03-13","Active"
"Tavisha Robotics","HNV/25-26/629","domestic","INR","Mail Confirmation","Tax Invoice","19900.68","0.00","0.00","18.00","23482.80","23482.80","2025-12-29 05:20:48","23483.00","-0.20","paid","2025-12-29 09:42:57","HDFC00699009065",NULL,"Active"
"Raison Tech ","HNV/25-26/630","domestic","INR"," RT25-26/038","Tax Invoice","1992500.00","9.00","9.00","0.00","2351150.00","2351150.00","2025-12-29 07:31:13","0.00","2351150.00","pending","2025-12-29 07:31:13",NULL,NULL,"Active"
"Wilder Technologies, LLC","HNV/25-26/E/224","export","USD","5945","Tax Invoice","160.96","0.00","0.00","0.00","160.96","14354.41","2025-12-29 07:40:44","160.96","0.00","paid","2026-01-21 11:37:03","3199216020ES","2026-01-20","Active"
"FORMURA","HNV/25-26/631","domestic","INR","PO055/LOCKING/25","Tax Invoice","75000.00","0.00","0.00","18.00","88500.00","88500.00","2025-12-29 08:11:56","0.00","88500.00","pending","2025-12-29 08:11:56",NULL,NULL,"Active"
"LARSEN And TOUBRO LIMITED","HNV/25-26/632","domestic","INR","07L019566","Tax Invoice","1533000.00","0.00","0.00","18.00","1808940.00","1808940.00","2025-12-29 09:03:08","1807407.00","1533.00","paid","2026-03-06 06:53:25"," PXA250465021,CN1272310284","2026-03-06","Active"
"Raison Tech ","HNV/25-26/633","domestic","INR","Mail Confrimation","Tax Invoice","697540.00","9.00","9.00","0.00","823097.20","823097.20","2025-12-29 09:46:46","0.00","823097.20","pending","2025-12-29 09:46:45",NULL,NULL,"Active"
"Raison Tech ","HNV/25-26/634","domestic","INR","Mail Confrimation","Tax Invoice","1294960.00","9.00","9.00","0.00","1528052.80","1528052.80","2025-12-29 09:47:50","0.00","1528052.80","pending","2025-12-30 04:44:08",NULL,NULL,"Active"
"Temple Private Limited","HNV/25-26/635","domestic","INR","Mail Confirmation","Tax Invoice","63000.00","0.00","0.00","18.00","74340.00","74340.00","2025-12-29 12:29:23","74340.00","0.00","paid","2025-12-30 07:46:08","251225KEDR2Y ; 251225KEDR2Y","2025-12-25","Active"
"Temple Private Limited","HNV/25-26/636","domestic","INR","TMP08 ","Tax Invoice","30000.00","0.00","0.00","18.00","35400.00","35400.00","2025-12-30 05:09:00","35400.00","0.00","paid","2025-12-30 07:46:22","251225KEDR2Y","2025-12-25","Active"
"Temple Private Limited","HNV/25-26/637","domestic","INR","TMP10 ","Tax Invoice","30000.00","0.00","0.00","18.00","35400.00","35400.00","2025-12-30 05:12:57","35400.00","0.00","paid","2025-12-30 07:46:39","251225KEDR2Y","2025-12-25","Active"
"Maven Techno Industries","HNV/25-26/638","domestic","INR","Mail Confirmation","Tax Invoice","6000.00","9.00","9.00","0.00","7080.00","7080.00","2025-12-30 05:17:15","0.00","7080.00","pending","2025-12-30 05:17:15",NULL,NULL,"Active"
"LARSEN And TOUBRO LIMITED","HNV/25-26/639","domestic","INR","07L020331","Tax Invoice","664650.00","0.00","0.00","18.00","784287.00","784287.00","2025-12-30 05:32:38","0.00","784287.00","pending","2025-12-30 06:05:06",NULL,NULL,"Active"
"Temple Private Limited","HNV/25-26/640","domestic","INR","TMP03","Tax Invoice","6540.00","0.00","0.00","18.00","7717.20","7717.20","2025-12-30 10:28:00","7717.20","0.00","paid","2026-01-19 14:49:17","251225KEDR2Y","2025-12-25","Active"
"LARSEN And TOUBRO LIMITED","HNV/25-26/641","domestic","INR","07L020003","Tax Invoice","1022000.00","0.00","0.00","18.00","1205960.00","1205960.00","2025-12-30 11:21:43","1204938.00","1022.00","paid","2026-03-06 06:54:35"," PXA250465021,  CN1272310284","2026-03-06","Active"
"NW Engineering Private Limited ","HNV/25-26/642","domestic","INR","PR156","Tax Invoice","2307.00","9.00","9.00","0.00","2722.26","2722.26","2025-12-30 11:38:56","0.00","2722.26","pending","2025-12-30 11:38:55",NULL,NULL,"Active"
"Raison Tech ","HNV/25-26/643","domestic","INR","NA","Tax Invoice","7980.00","9.00","9.00","0.00","9416.40","9416.40","2025-12-30 13:35:45","0.00","9416.40","pending","2025-12-31 04:29:04",NULL,NULL,"Active"
"Indian Institute Of Space Science and Technology","HNV/25-26/644","domestic","INR","IIST/PURCHASE AND STORES/IN2025P007660101","Tax Invoice","85246.29","0.00","0.00","18.00","100590.62","100590.62","2025-12-31 12:48:36","0.00","100590.62","pending","2025-12-31 12:48:35",NULL,NULL,"Active"
"Ametek, thermal process management,Universal Analyzers  Barben Analytical","HNV/25-26/E/225","export","USD","527509","Tax Invoice","5345.00","0.00","0.00","0.00","5345.00","489602.00","2026-01-02 07:08:03","5329.00","16.00","paid","2026-03-16 07:41:07","2191900071VB","2026-03-13","Active"
"Averna Test India Private Limited","HNV/25-26/646","domestic","INR","PO-000331","Tax Invoice","13173.78","0.00","0.00","18.00","15545.06","15545.06","2026-01-02 13:12:17","15545.06","0.00","paid","2026-02-18 06:04:48","043404683521","2026-02-17","Active"
"Averna Test India Private Limited","HNV/25-26/647","domestic","INR","PO-000334","Tax Invoice","61911.07","0.00","0.00","18.00","73055.06","73055.06","2026-01-02 13:18:06","73055.06","0.00","paid","2026-02-18 06:06:59","043404683521","2026-02-17","Active"
"Micropoise Measurement Systems Ametek ","HNV/25-26/E/226","export","USD"," PR-110525-0010","Tax Invoice","1072.30","0.00","0.00","0.00","1072.30","98222.68","2026-01-03 05:01:15","1067.50","4.80","paid","2026-03-16 08:00:10","2191800071VB","2026-03-13","Active"
"NW Engineering Private Limited ","HNV/25-26/648","domestic","INR","PR246","Tax Invoice","4800.00","9.00","9.00","0.00","5664.00","5664.00","2026-01-03 07:05:42","5664.00","0.00","paid","2026-03-23 08:36:33","043793385911","2026-03-23","Active"
"NW Engineering Private Limited ","HNV/25-26/649","domestic","INR","PR240 ","Tax Invoice","12952.00","9.00","9.00","0.00","15283.36","15283.36","2026-01-03 07:13:15","15283.36","0.00","paid","2026-03-23 08:36:05","043793385911","2026-03-23","Active"
"NW Engineering Private Limited ","HNV/25-26/650","domestic","INR","PR222","Tax Invoice","20155.00","9.00","9.00","0.00","23782.90","23782.90","2026-01-03 07:27:18","23782.90","0.00","paid","2026-03-23 08:35:35","043793385911","2026-03-23","Active"
"NW Engineering Private Limited ","HNV/25-26/651","domestic","INR","PR217","Tax Invoice","25224.00","9.00","9.00","0.00","29764.32","29764.32","2026-01-03 07:34:00","29764.32","0.00","paid","2026-03-23 08:33:59","043793385911","2026-03-23","Active"
"NW Engineering Private Limited ","HNV/25-26/652","domestic","INR","PR205","Tax Invoice","15228.00","9.00","9.00","0.00","17969.04","17969.04","2026-01-03 07:56:39","17969.04","0.00","paid","2026-04-03 05:04:53","043926792571","2026-04-02","Active"
"NW Engineering Private Limited ","HNV/25-26/653","domestic","INR","PR206","Tax Invoice","6231.00","9.00","9.00","0.00","7352.58","7352.58","2026-01-03 08:02:44","7352.58","0.00","paid","2026-04-03 05:04:09","043926792631","2026-04-02","Active"
"NW Engineering Private Limited ","HNV/25-26/654","domestic","INR","PR204","Tax Invoice","42464.00","9.00","9.00","0.00","50107.52","50107.52","2026-01-03 08:09:21","0.00","50107.52","pending","2026-01-03 08:09:20",NULL,NULL,"Active"
"NW Engineering Private Limited ","HNV/25-26/655","domestic","INR","PR202","Tax Invoice","3460.00","9.00","9.00","0.00","4082.80","4082.80","2026-01-03 08:36:05","0.00","4082.80","pending","2026-01-03 08:36:05",NULL,NULL,"Active"
"Micropoise Measurement Systems Ametek ","HNV/25-26/E/227","export","USD","PR-121125-0025","Tax Invoice","243.00","0.00","0.00","0.00","243.00","22258.80","2026-01-06 09:52:22","241.90","1.10","paid","2026-03-16 08:00:35","2191800071VB","2026-03-13","Active"
"LARSEN And TOUBRO LIMITED","HNV/25-26/656","domestic","INR","07L019886","Tax Invoice","86575.00","0.00","0.00","18.00","102158.50","102158.50","2026-01-06 10:20:53","86488.00","15670.50","pending","2026-04-09 13:20:57"," PXA250465021","2026-02-26","Active"
"Raison Tech ","HNV/25-26/657","domestic","INR","Mail Confrimation","Tax Invoice","2222500.00","9.00","9.00","0.00","2622550.00","2622550.00","2026-01-06 11:09:54","0.00","2622550.00","pending","2026-01-06 11:09:54",NULL,NULL,"Active"
"Raison Inspection Services","HNV/25-26/658","domestic","INR","Mail Confrimation","Tax Invoice","1945000.00","9.00","9.00","0.00","2295100.00","2295100.00","2026-01-06 11:50:17","0.00","2295100.00","pending","2026-01-06 11:50:16",NULL,NULL,"Active"
"Sense Mill Aero Solutions","HNV/25-26/659","domestic","INR","Mail Confrimation","Tax Invoice","12500.00","9.00","9.00","0.00","14750.00","14750.00","2026-01-07 06:46:47","0.00","14750.00","pending","2026-01-07 06:46:47",NULL,NULL,"Active"
"Custiv manufacturing Solution private limited ","HNV/25-26/660","domestic","INR","PO-013/2025-26","Tax Invoice","517000.00","9.00","9.00","0.00","610060.00","610060.00","2026-01-07 07:53:20","0.00","610060.00","pending","2026-01-07 07:55:15",NULL,NULL,"Active"
"AMIDC Automation Technologies Pvt Ltd","HNV/25-26/661","domestic","INR","AMIDC-PO-FY26-00378","Tax Invoice","200850.00","9.00","9.00","0.00","237003.00","237003.00","2026-01-08 09:35:52","232986.00","4017.00","paid","2026-03-28 06:15:52","IDFB604064226913","2026-02-09","Active"
"ALLEGION INDIA PRIVATE LIMITED","HNV/25-26/662","domestic","INR","PO25-00999","Tax Invoice","168000.00","9.00","9.00","0.00","198240.00","198240.00","2026-01-08 09:38:00","198240.00","0.00","paid","2026-02-20 12:42:21","CITIN26623459013","2026-02-20","Active"
"Averna Test India Private Limited","HNV/25-26/663","domestic","INR","PO-000331","Tax Invoice","25971.09","0.00","0.00","18.00","30645.89","30645.89","2026-01-08 13:42:23","30645.89","0.00","paid","2026-02-18 06:05:21","043404683521","2026-02-17","Active"
"Averna Test India Private Limited","HNV/25-26/664","domestic","INR","PO-000332","Tax Invoice","28451.52","0.00","0.00","18.00","33572.79","33572.79","2026-01-08 13:45:13","33572.79","0.00","paid","2026-02-18 06:05:57","043404683521","2026-02-17","Active"
"Averna Test India Private Limited","HNV/25-26/665","domestic","INR","PO-000334","Tax Invoice","44436.08","0.00","0.00","18.00","52434.57","52434.57","2026-01-08 13:47:31","52434.57","0.00","paid","2026-02-18 06:06:29","043404683521","2026-02-17","Active"
"Ultrahuman Healthcare Pvt Ltd","HNV/25-26/666","domestic","INR","UH/PO/25-26/0003853","Tax Invoice","504000.00","9.00","9.00","0.00","594720.00","594720.00","2026-01-09 11:44:43","594216.00","504.00","paid","2026-02-16 12:11:21","RefS63421429","2026-02-14","Active"
"WARM TABLE TECHNOLOGIES PRIVATE LIMITED","HNV/25-26/667","domestic","INR","WMT/16/2025-2026","Tax Invoice","73500.00","9.00","9.00","0.00","86730.00","86730.00","2026-01-10 05:37:21","86730.00","0.00","paid","2026-02-18 07:48:09","99509044300","2026-01-12","Active"
"Component sourcing international ","HNV/25-26/E/228","export","USD","PO104285","Tax Invoice","132.30","0.00","0.00","0.00","132.30","11798.51","2026-01-10 08:36:50","0.00","132.30","pending","2026-01-10 08:36:50",NULL,NULL,"Active"
"Component sourcing international ","HNV/25-26/E/229","export","USD","PO104285","Tax Invoice","600.00","0.00","0.00","0.00","600.00","53508.00","2026-01-10 08:38:26","0.00","600.00","pending","2026-01-10 08:38:25",NULL,NULL,"Active"
"Shenzhen Jinyihe Technology Co.,Ltd.","HNV/25-26/E/230","export","USD","Mail Confrimation","Tax Invoice","10.00","0.00","0.00","0.00","10.00","916.00","2026-01-10 09:52:53","10.00","0.00","paid","2026-03-16 05:25:11",NULL,"2026-03-13","Active"
"Neosky India Limited","HNV/25-26/668","domestic","INR","1150000492","Tax Invoice","395275.00","9.00","9.00","0.00","466424.50","466424.50","2026-01-12 11:50:31","0.00","466424.50","pending","2026-01-12 11:50:31",NULL,NULL,"Active"
"AMIDC Automation Technologies Pvt Ltd","HNV/25-26/669","domestic","INR","AMIDC-PO-FY26-00378","Tax Invoice","272388.00","9.00","9.00","0.00","321417.84","321417.84","2026-01-13 06:09:53","315970.08","5447.76","paid","2026-03-28 06:16:17","IDFB604064226913","2026-02-09","Active"
"Gee Keyy Engineering Co","HNV/25-26/670","domestic","INR","PO/002/2025","Tax Invoice","490700.00","0.00","0.00","18.00","579026.00","579026.00","2026-01-13 12:24:02","0.00","579026.00","pending","2026-01-27 12:38:08",NULL,NULL,"Active"
"Nittoku","HNV/25-26/E/231","export","EUR","PO-52817","Tax Invoice","244.60","0.00","0.00","0.00","244.60","25683.00","2026-01-13 15:05:45","244.60","0.00","paid","2026-03-13 06:46:27","P202603120000076","2026-03-13","Active"
"Ultrahuman Healthcare Pvt Ltd","HNV/25-26/671","domestic","INR","UH/PO/25-26/0004102","Tax Invoice","1378000.00","9.00","9.00","0.00","1626040.00","1626040.00","2026-01-14 05:49:04","0.00","1626040.00","pending","2026-01-14 05:49:04",NULL,NULL,"Active"
"NW Engineering Private Limited ","HNV/25-26/672","domestic","INR","PR245","Tax Invoice","17213.00","9.00","9.00","0.00","20311.34","20311.34","2026-01-14 06:51:08","0.00","20311.34","pending","2026-01-14 06:51:08",NULL,NULL,"Active"
"NW Engineering Private Limited ","HNV/25-26/673","domestic","INR","PR235","Tax Invoice","55284.00","9.00","9.00","0.00","65235.12","65235.12","2026-01-14 07:23:04","0.00","65235.12","pending","2026-01-14 07:23:04",NULL,NULL,"Active"
"NW Engineering Private Limited ","HNV/25-26/674","domestic","INR","PR241 ","Tax Invoice","19715.00","9.00","9.00","0.00","23263.70","23263.70","2026-01-14 07:29:16","23263.70","0.00","paid","2026-04-16 04:36:24","044089344011","2026-04-15","Active"
"NW Engineering Private Limited ","HNV/25-26/675","domestic","INR","PR173","Tax Invoice","11914.00","9.00","9.00","0.00","14058.52","14058.52","2026-01-14 07:36:33","14058.52","0.00","paid","2026-04-16 04:37:00","044089345551","2026-04-15","Active"
"Hylio, Inc","HNV/25-26/E/232","export","USD","P4503","Tax Invoice","20.60","0.00","0.00","0.00","20.60","1837.11","2026-01-14 11:08:55","0.00","20.60","pending","2026-01-14 11:08:54",NULL,NULL,"Active"
"Hylio, Inc","HNV/25-26/E/233","export","USD","P4503","Tax Invoice","3812.33","0.00","0.00","0.00","3812.33","349209.43","2026-01-14 11:26:35","3812.33","0.00","paid","2026-02-24 04:44:38","020405011810","2026-02-23","Active"
"IDEAFORGE TECHNOLOGY LIMITED","HNV/25-26/676","domestic","INR"," PO/OP/25-26/42651","Tax Invoice","9000.00","0.00","0.00","18.00","10620.00","10620.00","2026-01-16 13:27:32","10620.00","0.00","paid","2026-02-21 05:58:19","HDFCH00816211557","2026-02-20","Active"
"NW Engineering Private Limited ","HNV/25-26/677","domestic","INR","PR229","Tax Invoice","8916.00","9.00","9.00","0.00","10520.88","10520.88","2026-01-19 04:25:51","10520.88","0.00","paid","2026-04-16 04:34:48","044089342261","2026-04-15","Active"
"NW Engineering Private Limited ","HNV/25-26/678","domestic","INR","PR176","Tax Invoice","103715.00","9.00","9.00","0.00","122383.70","122383.70","2026-01-19 04:41:08","0.00","122383.70","pending","2026-01-19 04:41:07",NULL,NULL,"Active"
"NW Engineering Private Limited ","HNV/25-26/679","domestic","INR","PR248 ","Tax Invoice","2142.80","9.00","9.00","0.00","2528.50","2528.50","2026-01-19 05:22:21","2528.50","0.00","paid","2026-04-16 04:35:44","04408934811","2026-04-15","Active"
"Averna Test India Private Limited","HNV/25-26/680","domestic","INR","PO-000461","Tax Invoice","39144.87","0.00","0.00","18.00","46190.95","46190.95","2026-02-02 10:44:39","0.00","46190.95","pending","2026-02-06 05:03:52",NULL,NULL,"Active"
"Ultrahuman Healthcare Pvt Ltd","HNV/25-26/681","domestic","INR","UH/PO/25-26/0003853","Tax Invoice","504000.00","9.00","9.00","0.00","594720.00","594720.00","2026-01-19 11:15:10","0.00","594720.00","pending","2026-02-06 09:28:25",NULL,NULL,"Active"
"Temple Private Limited","HNV/25-26/682","domestic","INR","TMP12","Tax Invoice","33425.00","0.00","0.00","18.00","39441.50","39441.50","2026-01-19 14:21:26","39441.50","0.00","paid","2026-01-19 14:49:39","251225KEDR2Y","2025-12-25","Active"
"Temple Private Limited","HNV/25-26/683","domestic","INR","TMP12","Tax Invoice","8595.00","0.00","0.00","18.00","10142.10","10142.10","2026-01-19 14:23:16","10142.10","0.00","paid","2026-01-19 14:49:56","251225KEDR2Y","2025-12-25","Active"
"Temple Private Limited","HNV/25-26/685","domestic","INR","TMP12","Tax Invoice","95500.00","0.00","0.00","18.00","112690.00","112690.00","2026-01-19 14:26:22","112690.00","0.00","paid","2026-01-19 14:50:11","251225KEDR2Y","2025-12-25","Active"
"AGILITY ROBOTICS","HNV/25-26/E/234","export","USD","211059","Tax Invoice","30636.09","0.00","0.00","0.00","30636.09","2806265.84","2026-01-20 06:49:33","0.00","30636.09","pending","2026-01-22 13:37:05",NULL,NULL,"Active"
"Ametek Instruments India Pvt Ltd.","HNV/25-26/686","domestic","INR","AR1100938","Tax Invoice","6300.00","9.00","9.00","0.00","7434.00","7434.00","2026-01-21 06:29:47","0.00","7434.00","pending","2026-01-21 06:29:46",NULL,NULL,"Active"
"Temple Private Limited","HNV/25-26/687","domestic","INR","TMP12","Tax Invoice","102185.00","0.00","0.00","18.00","120578.30","120578.30","2026-01-21 13:12:55","120578.30","0.00","paid","2026-02-16 10:13:27","251225KEDR2Y","2025-12-25","Active"
"Universal Analyzers Barben Analytical AMETEK","HNV/25-26/E/235","export","USD","528236","Tax Invoice","2784.00","0.00","0.00","0.00","2784.00","257937.60","2026-01-22 06:48:02","2772.00","12.00","paid","2026-04-06 09:00:01","0164900092VB","2026-04-03","Active"
"NW Engineering Private Limited ","HNV/25-26/688","domestic","INR","PR234, PR227, PR232, PR221, PR224","Tax Invoice","66942.00","9.00","9.00","0.00","78991.56","78991.56","2026-01-22 09:28:15","0.00","78991.56","pending","2026-01-22 09:28:14",NULL,NULL,"Active"
"MODERN TECH FABRICATORS & ENGINEERS ","HNV/25-26/689","domestic","INR","MT/PO/11/2025/01","Tax Invoice","18449.75","0.00","0.00","18.00","21770.71","21770.71","2026-01-22 13:41:45","11000.00","10770.71","partially paid","2026-03-30 05:12:58","S88343816","2025-12-11","Active"
"AMIDC Automation Technologies Pvt Ltd","HNV/25-26/690","domestic","INR","#AMIDC-PO-FY26-00489","Tax Invoice","58740.00","9.00","9.00","0.00","69313.20","69313.20","2026-01-23 08:47:09","68138.40","1174.80","paid","2026-03-28 06:16:44","IDFB604064226913","2026-02-09","Active"
"Averna Test India Private Limited","HNV/25-26/691","domestic","INR","PO-000462","Tax Invoice","64915.74","0.00","0.00","18.00","76600.57","76600.57","2026-02-02 10:35:17","0.00","76600.57","pending","2026-02-06 05:04:22",NULL,NULL,"Active"
"AMIDC Automation Technologies Pvt Ltd","HNV/25-26/692","domestic","INR","AMIDC-PO-FY26-00487","Tax Invoice","102500.00","9.00","9.00","0.00","120950.00","120950.00","2026-01-23 11:27:49","118900.00","2050.00","paid","2026-03-28 05:35:53","IDFB605166390531","2026-02-20","Active"
"NW Engineering Private Limited ","HNV/25-26/693","domestic","INR","PR277 ","Tax Invoice","18574.00","9.00","9.00","0.00","21917.32","21917.32","2026-01-24 04:34:56","0.00","21917.32","pending","2026-01-24 04:34:55",NULL,NULL,"Active"
"NW Engineering Private Limited ","HNV/25-26/694","domestic","INR","PR181","Tax Invoice","29355.00","9.00","9.00","0.00","34638.90","34638.90","2026-01-24 09:20:25","0.00","34638.90","pending","2026-01-24 09:20:25",NULL,NULL,"Active"
"Ultrahuman Healthcare Pvt Ltd","HNV/25-26/695","domestic","INR","UH/PO/25-26/0003969","Tax Invoice","392250.00","9.00","9.00","0.00","462855.00","462855.00","2026-01-24 10:24:39","0.00","462855.00","pending","2026-01-24 10:24:39",NULL,NULL,"Active"
"NW Engineering Private Limited ","HNV/25-26/696","domestic","INR","PR148","Tax Invoice","24285.00","9.00","9.00","0.00","28656.30","28656.30","2026-01-24 11:01:24","0.00","28656.30","pending","2026-01-24 11:01:24",NULL,NULL,"Active"
"NW Engineering Private Limited ","HNV/25-26/697","domestic","INR","PR85 - repeated ","Tax Invoice","1214.00","9.00","9.00","0.00","1432.52","1432.52","2026-01-24 11:10:07","1432.52","0.00","paid","2026-04-16 04:32:15","044089343121","2026-04-15","Active"
"NW Engineering Private Limited ","HNV/25-26/698","domestic","INR","PR209","Tax Invoice","5142.80","9.00","9.00","0.00","6068.50","6068.50","2026-01-24 11:24:51","6068.50","0.00","paid","2026-04-16 04:32:43","044089342021","2026-04-15","Active"
"Temple Private Limited","HNV/25-26/699","domestic","INR","TMP12","Tax Invoice","85950.00","0.00","0.00","18.00","101421.00","101421.00","2026-01-24 14:09:04","101421.00","0.00","paid","2026-02-16 10:14:24","251225KEDR2Y","2025-12-25","Active"
"Sansera Engineering Ltd Plant-11","HNV/25-26/700","domestic","INR","STEP PIECE 5A73376-01 ( 5B35CE2) - ","Tax Invoice","45790.00","9.00","9.00","0.00","54032.20","54032.20","2026-01-27 04:27:08","53986.20","46.00","paid","2026-03-11 04:16:04","CITIN26634412671","2026-03-10","Active"
"NW Engineering Private Limited ","HNV/25-26/701","domestic","INR","PR272","Tax Invoice","4714.00","9.00","9.00","0.00","5562.52","5562.52","2026-01-27 04:47:06","5562.52","0.00","paid","2026-04-16 04:33:20","044089342181","2026-04-15","Active"
"Neosky India Limited","HNV/25-26/702","domestic","INR","1150000492","Tax Invoice","128025.00","9.00","9.00","0.00","151069.50","151069.50","2026-01-27 04:57:37","0.00","151069.50","pending","2026-01-27 04:57:36",NULL,NULL,"Active"
"Averna Test India Private Limited","HNV/25-26/703","domestic","INR","PO-000462","Tax Invoice","3653.28","0.00","0.00","18.00","4310.87","4310.87","2026-02-02 12:56:15","0.00","4310.87","pending","2026-02-06 05:04:53",NULL,NULL,"Active"
"Ametek Instruments India Pvt Ltd.","HNV/25-26/704","domestic","INR","AR1103720","Tax Invoice","3764.20","9.00","9.00","0.00","4441.76","4441.76","2026-01-28 07:25:48","0.00","4441.76","pending","2026-01-28 07:25:48",NULL,NULL,"Active"
"Rapture Innovation Labs Pvt. Ltd ","HNV/25-26/705","domestic","INR","Mail Confirmation ","Tax Invoice","15744.00","9.00","9.00","0.00","18577.92","18577.92","2026-01-28 10:30:47","18577.92","0.00","paid","2026-02-03 07:05:34","043212865591","2026-02-03","Active"
"NW Engineering Private Limited ","HNV/25-26/706","domestic","INR","PR258 ","Tax Invoice","4128.00","9.00","9.00","0.00","4871.04","4871.04","2026-01-28 10:53:27","0.00","4871.04","pending","2026-01-28 11:39:40",NULL,NULL,"Active"
"Nimble Robotics","HNV/25-26/E/236","export","USD","PO110","Tax Invoice","23019.32","0.00","0.00","0.00","23019.32","2108569.71","2026-01-28 11:07:12","0.00","23019.32","pending","2026-01-28 11:07:11",NULL,NULL,"Active"
"Nimble Robotics","HNV/25-26/E/237","export","USD","PO122","Tax Invoice","2731.79","0.00","0.00","0.00","2731.79","250231.96","2026-01-28 11:08:16","0.00","2731.79","pending","2026-01-29 09:46:41",NULL,NULL,"Active"
"AGILITY ROBOTICS","HNV/25-26/E/238","export","USD","211059","Tax Invoice","1647.10","0.00","0.00","0.00","1647.10","150874.36","2026-01-30 05:59:29","0.00","1647.10","pending","2026-01-30 05:59:29",NULL,NULL,"Active"
"Temple Private Limited","HNV/25-26/707","domestic","INR","TMP12","Tax Invoice","267400.00","0.00","0.00","18.00","315532.00","315532.00","2026-01-30 12:59:37","315532.00","0.00","paid","2026-02-16 10:14:16","251225KEDR2Y","2025-12-25","Active"
"Averna Test India Private Limited","HNV/25-26/708","domestic","INR","PO-000398","Tax Invoice","603440.00","0.00","0.00","18.00","712059.20","712059.20","2026-02-02 15:26:07","0.00","712059.20","pending","2026-02-06 05:06:02",NULL,NULL,"Active"
"AGILITY ROBOTICS","HNV/25-26/E/239","export","USD","211059","Tax Invoice","28938.00","0.00","0.00","0.00","28938.00","2650720.80","2026-01-30 16:29:51","0.00","28938.00","pending","2026-01-30 16:29:51",NULL,NULL,"Active"
"AGILITY ROBOTICS","HNV/25-26/E/240","export","USD","NA","Tax Invoice","1125.49","0.00","0.00","0.00","1125.49","103094.88","2026-01-30 18:56:12","0.00","1125.49","pending","2026-01-30 18:56:12",NULL,NULL,"Active"
"Averna Test India Private Limited","HNV/25-26/709","domestic","INR","PO-000481","Tax Invoice","7072.00","0.00","0.00","18.00","8344.96","8344.96","2026-02-02 11:54:27","0.00","8344.96","pending","2026-02-06 05:05:32",NULL,NULL,"Active"
"Temple Private Limited","HNV/25-26/710","domestic","INR","TMP12","Tax Invoice","375315.00","0.00","0.00","18.00","442871.70","442871.70","2026-01-31 12:23:26","442871.70","0.00","paid","2026-02-16 10:15:14","251225KEDR2Y, KKBKR22026021321195435","2026-02-13","Active"
"Raison Tech ","HNV/25-26/711","domestic","INR","Mail Confrimation","Tax Invoice","3333524.00","9.00","9.00","0.00","3933558.32","3933558.32","2026-01-31 12:32:29","0.00","3933558.32","pending","2026-01-31 12:32:28",NULL,NULL,"Active"
"Averna Test India Private Limited","HNV/25-26/712","domestic","INR","PO-000398","Tax Invoice","630256.00","0.00","0.00","18.00","743702.08","743702.08","2026-02-02 05:13:13","0.00","743702.08","pending","2026-02-26 15:24:27",NULL,NULL,"Active"
"Averna Test India Private Limited","HNV/25-26/713","domestic","INR","PO-000424","Tax Invoice","3428.00","0.00","0.00","18.00","4045.04","4045.04","2026-02-02 05:18:31","0.00","4045.04","pending","2026-02-26 15:25:31",NULL,NULL,"Active"
"Averna Test India Private Limited","HNV/25-26/714","domestic","INR","PO-000355","Tax Invoice","25271.24","0.00","0.00","18.00","29820.06","29820.06","2026-02-02 12:59:40","0.00","29820.06","pending","2026-02-26 15:26:16",NULL,NULL,"Active"
"Averna Test India Private Limited","HNV/25-26/715","domestic","INR","PO-000398","Tax Invoice","192960.00","0.00","0.00","18.00","227692.80","227692.80","2026-02-02 13:03:58","0.00","227692.80","pending","2026-02-26 15:27:45",NULL,NULL,"Active"
"Averna Test India Private Limited","HNV/25-26/716","domestic","INR","PO-000423","Tax Invoice","13962.32","0.00","0.00","18.00","16475.54","16475.54","2026-02-02 13:06:20","0.00","16475.54","pending","2026-02-26 15:28:29",NULL,NULL,"Active"
"Averna Test India Private Limited","HNV/25-26/717","domestic","INR","PO-000357","Tax Invoice","21769.98","0.00","0.00","18.00","25688.58","25688.58","2026-02-02 14:18:16","0.00","25688.58","pending","2026-02-26 15:31:53",NULL,NULL,"Active"
"Ultrahuman Healthcare Pvt Ltd","HNV/25-26/718","domestic","INR","UH/PO/25-26/0003969","Tax Invoice","333000.00","9.00","9.00","0.00","392940.00","392940.00","2026-02-03 09:44:17","0.00","392940.00","pending","2026-02-26 15:40:14",NULL,NULL,"Active"
"AMIDC Automation Technologies Pvt Ltd","HNV/25-26/719","domestic","INR","AMIDC-PO-FY26-00637","Tax Invoice","13215.00","9.00","9.00","0.00","15593.70","15593.70","2026-02-03 11:49:55","15329.40","264.30","paid","2026-03-28 05:32:21","IDFB606569580946","2026-03-06","Active"
"IDEAFORGE TECHNOLOGY LIMITED","HNV/25-26/720","domestic","INR","PO/OP/25-26/42651","Tax Invoice","64500.00","0.00","0.00","18.00","76110.00","76110.00","2026-02-04 06:41:12","0.00","76110.00","pending","2026-03-27 06:32:28",NULL,"2026-03-25","Active"
"IDEAFORGE TECHNOLOGY LIMITED","HNV/25-26/721","domestic","INR","PO/OP/25-26/42651","Tax Invoice","10500.00","0.00","0.00","18.00","12390.00","12390.00","2026-02-04 06:44:01","12390.00","0.00","paid","2026-03-27 06:29:14","922030047120905","2026-03-25","Active"
"RAAD SYSTEMS PRIVATE LIMITED","HNV/25-26/722","domestic","INR","RSPL813-IN-25-26","Tax Invoice","78376.00","9.00","9.00","0.00","92483.68","92483.68","2026-02-04 08:02:36","92483.68","0.00","paid","2026-03-25 12:19:28","HDFCR52026032586749873","2026-03-25","Active"
"AMIDC Automation Technologies Pvt Ltd","HNV/25-26/723","domestic","INR","AMIDC-PO-FY26-00576","Tax Invoice","48491.00","9.00","9.00","0.00","57219.38","57219.38","2026-02-04 08:58:35","56249.56","969.82","paid","2026-03-28 05:33:08","IDFB606569580946","2026-03-06","Active"
"Averna Test India Private Limited","HNV/25-26/724","domestic","INR","PO-000357","Tax Invoice","111619.93","0.00","0.00","18.00","131711.52","131711.52","2026-02-04 09:15:30","0.00","131711.52","pending","2026-03-05 07:34:56",NULL,NULL,"Active"
"Averna Test India Private Limited","HNV/25-26/725","domestic","INR","PO-000398","Tax Invoice","149888.00","0.00","0.00","18.00","176867.84","176867.84","2026-02-04 09:20:38","0.00","176867.84","pending","2026-03-05 07:35:12",NULL,NULL,"Active"
"WARM TABLE TECHNOLOGIES PRIVATE LIMITED","HNV/25-26/726","domestic","INR","WMT/16/2025-2026","Tax Invoice","147000.00","9.00","9.00","0.00","173460.00","173460.00","2026-02-04 13:26:08","173460.00","0.00","paid","2026-03-05 07:35:25","HDFCR52026021168613111","2026-02-11","Active"
"WARM TABLE TECHNOLOGIES PRIVATE LIMITED","HNV/25-26/727","domestic","INR","WT/17/2025-2026","Tax Invoice","147000.00","9.00","9.00","0.00","173460.00","173460.00","2026-02-04 13:29:38","173460.00","0.00","paid","2026-03-05 07:35:35","HDFCR52026021168613111","2026-02-11","Active"
"WARM TABLE TECHNOLOGIES PRIVATE LIMITED","HNV/25-26/728","domestic","INR"," RFQ/HNV/2526/1670","Tax Invoice","50000.00","9.00","9.00","0.00","59000.00","59000.00","2026-02-04 13:33:03","59000.00","0.00","paid","2026-03-05 07:35:51","HDFCR52026021168613111","2026-02-11","Active"
"Nimble Robotics","HNV/25-26/E/241","export","USD","PO154","Tax Invoice","83.00","0.00","0.00","0.00","83.00","7602.80","2026-02-04 13:45:22","0.00","83.00","pending","2026-02-04 13:45:21",NULL,NULL,"Active"
"Averna Test India Private Limited","HNV/25-26/729","domestic","INR","PO-000423","Tax Invoice","23613.50","0.00","0.00","18.00","27863.93","27863.93","2026-02-04 13:51:23","0.00","27863.93","pending","2026-03-05 07:36:14",NULL,NULL,"Active"
"Averna Test India Private Limited","HNV/25-26/730","domestic","INR","PO-000424","Tax Invoice","5985.00","0.00","0.00","18.00","7062.30","7062.30","2026-02-05 07:42:39","0.00","7062.30","pending","2026-03-03 12:00:11",NULL,NULL,"Active"
"Averna Test India Private Limited","HNV/25-26/731","domestic","INR","PO-000423","Tax Invoice","40177.95","0.00","0.00","18.00","47409.98","47409.98","2026-02-05 07:44:08","0.00","47409.98","pending","2026-03-05 09:41:55",NULL,NULL,"Active"
"Averna Test India Private Limited","HNV/25-26/732","domestic","INR","PO-000398","Tax Invoice","590430.90","0.00","0.00","18.00","696708.46","696708.46","2026-02-05 07:47:21","0.00","696708.46","pending","2026-04-02 08:57:45",NULL,NULL,"Active"
"Averna Test India Private Limited","HNV/25-26/733","domestic","INR","PO-000398","Tax Invoice","97072.00","0.00","0.00","18.00","114544.96","114544.96","2026-02-05 12:58:57","0.00","114544.96","pending","2026-03-05 09:45:15",NULL,NULL,"Active"
"Averna Test India Private Limited","HNV/25-26/734","domestic","INR","PO-000469","Tax Invoice","21284.50","0.00","0.00","18.00","25115.71","25115.71","2026-02-05 13:00:49","0.00","25115.71","pending","2026-03-05 09:44:01",NULL,NULL,"Active"
"Hylio, Inc","HNV/25-26/E/242","export","USD","P4503","Tax Invoice","20.60","0.00","0.00","0.00","20.60","1886.96","2026-02-06 07:36:55","0.00","20.60","pending","2026-02-06 07:36:54",NULL,NULL,"Active"
"Seakeeper","HNV/25-26/E/243","export","USD","83087","Tax Invoice","6373.00","0.00","0.00","0.00","6373.00","583766.80","2026-02-06 10:44:03","0.00","6373.00","pending","2026-02-06 10:44:03",NULL,NULL,"Active"
"Averna Test India Private Limited","HNV/25-26/735","domestic","INR","PO-000378","Tax Invoice","57660.30","0.00","0.00","18.00","68039.15","68039.15","2026-02-07 04:53:35","0.00","68039.15","pending","2026-03-05 09:42:36",NULL,NULL,"Active"
"Averna Test India Private Limited","HNV/25-26/736","domestic","INR","PO-000398","Tax Invoice","71920.00","0.00","0.00","18.00","84865.60","84865.60","2026-02-07 10:15:42","0.00","84865.60","pending","2026-03-05 10:19:54",NULL,NULL,"Active"
"Averna Test India Private Limited","HNV/25-26/737","domestic","INR","PO-000398","Tax Invoice","428224.00","0.00","0.00","18.00","505304.32","505304.32","2026-02-07 12:42:18","0.00","505304.32","pending","2026-03-04 13:09:59",NULL,NULL,"Active"
"Time Warp Racing Pty Ltd","HNV/25-26/E/244","export","USD","TRW26-758","Tax Invoice","134.60","0.00","0.00","0.00","134.60","12329.36","2026-02-09 04:37:10","134.60","0.00","paid","2026-02-27 04:07:43","1992165737","2026-02-27","Active"
"Averna Test India Private Limited","HNV/25-26/738","domestic","INR","PO-000606","Tax Invoice","6563.16","0.00","0.00","18.00","7744.53","7744.53","2026-02-07 05:24:29","0.00","7744.53","pending","2026-03-27 07:41:11",NULL,NULL,"Active"
"Averna Test India Private Limited","HNV/25-26/739","domestic","INR","PO-000604","Tax Invoice","270864.00","0.00","0.00","18.00","319619.52","319619.52","2026-02-09 10:06:13","0.00","319619.52","pending","2026-03-04 13:13:31",NULL,NULL,"Active"
"Temple Private Limited","HNV/25-26/740","domestic","INR","TMP15","Tax Invoice","36000.00","0.00","0.00","18.00","42480.00","42480.00","2026-02-09 12:43:54","42480.00","0.00","paid","2026-03-04 13:13:45","KKBKR22026021321195435","2026-02-13","Active"
"Temple Private Limited","HNV/25-26/741","domestic","INR","TMP12","Tax Invoice","143250.00","0.00","0.00","18.00","169035.00","169035.00","2026-02-09 12:46:43","169035.00","0.00","paid","2026-03-05 04:48:05","KKBKR22026021321195435","2026-02-16","Active"
"Raison Tech ","HNV/25-26/742","domestic","INR","Mail Confrimation","Tax Invoice","610847.32","9.00","9.00","0.00","720799.84","720799.84","2026-02-09 13:07:40","0.00","720799.84","pending","2026-03-05 04:58:47",NULL,NULL,"Active"
"Averna Test India Private Limited","HNV/25-26/743","domestic","INR","PO-000607","Tax Invoice","3428.00","0.00","0.00","18.00","4045.04","4045.04","2026-02-10 04:17:51","0.00","4045.04","pending","2026-03-05 04:58:29",NULL,NULL,"Active"
"Averna Test India Private Limited","HNV/25-26/744","domestic","INR","PO-000423","Tax Invoice","16139.84","0.00","0.00","18.00","19045.01","19045.01","2026-02-10 04:29:47","0.00","19045.01","pending","2026-03-05 04:58:19",NULL,NULL,"Active"
"Averna Test India Private Limited","HNV/25-26/745","domestic","INR","PO-000602","Tax Invoice","7450.00","0.00","0.00","18.00","8791.00","8791.00","2026-02-10 04:31:28","0.00","8791.00","pending","2026-03-05 04:58:10",NULL,NULL,"Active"
"Averna Test India Private Limited","HNV/25-26/746","domestic","INR","PO-000357","Tax Invoice","37303.60","0.00","0.00","18.00","44018.25","44018.25","2026-02-10 05:11:48","0.00","44018.25","pending","2026-03-05 05:28:44",NULL,NULL,"Active"
"Ultrahuman Healthcare Pvt Ltd","HNV/25-26/747","domestic","INR","UH/PO/25-26/0000092","Tax Invoice","12400.00","9.00","9.00","0.00","14632.00","14632.00","2026-02-10 08:45:39","0.00","14632.00","pending","2026-03-05 05:28:54",NULL,NULL,"Active"
"Ultrahuman Healthcare Pvt Ltd","HNV/25-26/748","domestic","INR","UH/PO/25-26/0000092","Tax Invoice","27200.00","9.00","9.00","0.00","32096.00","32096.00","2026-02-10 10:16:05","0.00","32096.00","pending","2026-03-05 05:29:03",NULL,NULL,"Active"
"Neosky India Limited","HNV/25-26/PI/749","domestic","INR","1150000640","Proforma Invoice","189200.00","9.00","9.00","0.00","223256.00","223256.00","2026-02-10 10:38:49","0.00","223256.00","pending","2026-03-05 10:40:34",NULL,NULL,"Active"
"Temple Private Limited","HNV/25-26/749","domestic","INR","CL/DL/PO/25-26/166","Tax Invoice","334250.00","0.00","0.00","18.00","394415.00","394415.00","2026-02-10 12:40:09","394415.00","0.00","paid","2026-03-05 05:29:57","KKBKR22026021321195435","2026-02-16","Active"
"Micropoise Measurement Systems Ametek ","HNV/25-26/E/245","export","USD","PR-011326-0042","Tax Invoice","520.00","0.00","0.00","0.00","520.00","47632.00","2026-02-11 10:08:45","0.00","520.00","pending","2026-02-11 10:08:44",NULL,NULL,"Active"
"Averna Test India Private Limited","HNV/25-26/750","domestic","INR","PO-000638","Tax Invoice","35422.00","0.00","0.00","18.00","41797.96","41797.96","2026-02-12 05:24:54","0.00","41797.96","pending","2026-03-05 05:31:23",NULL,NULL,"Active"
"Averna Test India Private Limited","HNV/25-26/751","domestic","INR","PO-000616","Tax Invoice","3412.56","0.00","0.00","18.00","4026.82","4026.82","2026-02-12 05:26:29","0.00","4026.82","pending","2026-03-05 05:31:34",NULL,NULL,"Active"
"Averna Test India Private Limited","HNV/25-26/752","domestic","INR","PO-000398","Tax Invoice","427840.00","0.00","0.00","18.00","504851.20","504851.20","2026-02-12 05:27:58","0.00","504851.20","pending","2026-03-05 05:31:46",NULL,NULL,"Active"
"Averna Test India Private Limited","HNV/25-26/753","domestic","INR","PO-000357","Tax Invoice","8533.83","0.00","0.00","18.00","10069.92","10069.92","2026-02-12 05:30:06","0.00","10069.92","pending","2026-03-05 05:35:30",NULL,NULL,"Active"
"Averna Test India Private Limited","HNV/25-26/754","domestic","INR","PO-000604","Tax Invoice","26404.40","0.00","0.00","18.00","31157.19","31157.19","2026-02-12 05:32:34","0.00","31157.19","pending","2026-03-05 05:35:48",NULL,NULL,"Active"
"Averna Test India Private Limited","HNV/25-26/755","domestic","INR","PO-000606","Tax Invoice","1808.07","0.00","0.00","18.00","2133.52","2133.52","2026-02-12 05:34:24","0.00","2133.52","pending","2026-03-05 07:51:13",NULL,NULL,"Active"
"Averna Test India Private Limited","HNV/25-26/756","domestic","INR","PO-000603","Tax Invoice","1804.00","0.00","0.00","18.00","2128.72","2128.72","2026-02-12 05:35:59","0.00","2128.72","pending","2026-03-05 05:36:17",NULL,NULL,"Active"
"AMIDC Automation Technologies Pvt Ltd","HNV/25-26/757","domestic","INR","AMIDC-PO-FY26-00671","Tax Invoice","3900.00","9.00","9.00","0.00","4602.00","4602.00","2026-02-12 09:20:47","4524.00","78.00","paid","2026-03-28 05:33:31","IDFB606569580946","2026-03-06","Active"
"Rapture Innovation Labs Pvt. Ltd ","HNV/25-26/758","domestic","INR","RAI07","Tax Invoice","38540.00","9.00","9.00","0.00","45477.20","45477.20","2026-02-12 09:28:22","0.00","45477.20","pending","2026-03-05 05:36:49",NULL,NULL,"Active"
"RAAD SYSTEMS PRIVATE LIMITED","HNV/25-26/759","domestic","INR","RSPL813-IN-25-26","Tax Invoice","169236.00","9.00","9.00","0.00","199698.48","199698.48","2026-02-13 05:22:53","90733.32","108965.16","partially paid","2026-03-25 12:20:08","HDFCR52026032586749873","2026-03-25","Active"
"Averna Test India Private Limited","HNV/25-26/760","domestic","INR","PO-000604","Tax Invoice","132720.50","0.00","0.00","18.00","156610.19","156610.19","2026-02-13 10:43:09","0.00","156610.19","pending","2026-03-05 09:54:18",NULL,NULL,"Active"
"Averna Test India Private Limited","HNV/25-26/761","domestic","INR","PO-000606","Tax Invoice","3910.83","0.00","0.00","18.00","4614.78","4614.78","2026-02-13 10:45:07","0.00","4614.78","pending","2026-03-05 09:55:00",NULL,NULL,"Active"
"Averna Test India Private Limited","HNV/25-26/762","domestic","INR","PO-000616","Tax Invoice","2528.45","0.00","0.00","18.00","2983.57","2983.57","2026-02-13 10:49:40","0.00","2983.57","pending","2026-03-05 09:32:17",NULL,NULL,"Active"
"Averna Test India Private Limited","HNV/25-26/763","domestic","INR","PO-000638","Tax Invoice","12638.00","0.00","0.00","18.00","14912.84","14912.84","2026-02-13 10:50:54","0.00","14912.84","pending","2026-03-05 10:13:00",NULL,NULL,"Active"
"Averna Test India Private Limited","HNV/25-26/764","domestic","INR","PO-000398","Tax Invoice","193536.00","0.00","0.00","18.00","228372.48","228372.48","2026-02-13 10:51:53","0.00","228372.48","pending","2026-03-05 10:13:13",NULL,NULL,"Active"
"Wilder Technologies, LLC","HNV/25-26/E/246","export","USD","6013","Tax Invoice","173.00","0.00","0.00","0.00","173.00","15846.80","2026-02-14 07:29:08","173.00","0.00","paid","2026-03-16 07:15:40","31322036072ES","2026-03-13","Active"
"Maven Techno Industries","HNV/25-26/765","domestic","INR","Mail Confrimation","Tax Invoice","3500.00","9.00","9.00","0.00","4130.00","4130.00","2026-02-14 08:03:57","0.00","4130.00","pending","2026-03-05 10:49:44",NULL,NULL,"Active"
"Averna Test India Private Limited","HNV/25-26/766","domestic","INR","PO-000378","Tax Invoice","8121.18","0.00","0.00","18.00","9582.99","9582.99","2026-02-14 11:41:51","0.00","9582.99","pending","2026-03-05 10:14:10",NULL,NULL,"Active"
"Averna Test India Private Limited","HNV/25-26/767","domestic","INR","PO-000398","Tax Invoice","224000.00","0.00","0.00","18.00","264320.00","264320.00","2026-02-14 11:43:36","0.00","264320.00","pending","2026-03-05 10:15:42",NULL,NULL,"Active"
"Averna Test India Private Limited","HNV/25-26/768","domestic","INR","PO-000534","Tax Invoice","4500.00","0.00","0.00","18.00","5310.00","5310.00","2026-02-14 11:45:03","0.00","5310.00","pending","2026-03-05 10:16:20",NULL,NULL,"Active"
"Averna Test India Private Limited","HNV/25-26/769","domestic","INR","PO-000604","Tax Invoice","18040.00","0.00","0.00","18.00","21287.20","21287.20","2026-02-14 11:46:15","0.00","21287.20","pending","2026-03-05 10:16:39",NULL,NULL,"Active"
"Averna Test India Private Limited","HNV/25-26/770","domestic","INR","PO-000608","Tax Invoice","3786.00","0.00","0.00","18.00","4467.48","4467.48","2026-02-14 11:48:21","0.00","4467.48","pending","2026-03-05 10:17:08",NULL,NULL,"Active"
"Averna Test India Private Limited","HNV/25-26/771","domestic","INR","PO-000616","Tax Invoice","70.80","0.00","0.00","18.00","83.54","83.54","2026-02-14 11:50:04","0.00","83.54","pending","2026-03-05 10:17:44",NULL,NULL,"Active"
"Averna Test India Private Limited","HNV/25-26/772","domestic","INR","PO-000606","Tax Invoice","11250.00","0.00","0.00","18.00","13275.00","13275.00","2026-02-14 11:51:00","0.00","13275.00","pending","2026-03-05 10:37:27",NULL,NULL,"Active"
"Ultrahuman Healthcare Pvt Ltd","HNV/25-26/773","domestic","INR","UH/PO/25-26/0003970","Tax Invoice","360000.00","9.00","9.00","0.00","424800.00","424800.00","2026-02-16 04:13:59","0.00","424800.00","pending","2026-03-05 10:18:26",NULL,NULL,"Active"
"Indian Institute Of Space Science and Technology","HNV/25-26/774","domestic","INR","IIST/PURCHASE AND STORES/IN2025P007660101","Tax Invoice","2500.00","0.00","0.00","18.00","2950.00","2950.00","2026-02-16 05:15:28","0.00","2950.00","pending","2026-03-05 10:37:50",NULL,NULL,"Active"
"AMIDC Automation Technologies Pvt Ltd","HNV/25-26/775","domestic","INR","AMIDC-PO-FY26-00671","Tax Invoice","7800.00","9.00","9.00","0.00","9204.00","9204.00","2026-02-16 05:59:06","9048.00","156.00","paid","2026-03-28 05:33:54","IDFB606569580946","2026-03-06","Active"
"Gee Keyy Engineering Co","HNV/25-26/776","domestic","INR","PO/002/2025","Tax Invoice","490700.00","0.00","0.00","18.00","579026.00","579026.00","2026-02-16 06:07:47","0.00","579026.00","pending","2026-03-05 10:40:25",NULL,NULL,"Active"
"Temple Private Limited","HNV/25-26/777","domestic","INR","CL/DL/PO/25-26/166","Tax Invoice","90725.00","0.00","0.00","18.00","107055.50","107055.50","2026-02-16 11:19:36","107055.50","0.00","paid","2026-03-05 10:40:42","KKBKR22026021321195436","2026-02-13","Active"
"Averna Test India Private Limited","HNV/25-26/778","domestic","INR","PO-000398","Tax Invoice","48000.00","0.00","0.00","18.00","56640.00","56640.00","2026-02-16 12:18:51","0.00","56640.00","pending","2026-03-05 10:40:54",NULL,NULL,"Active"
"Averna Test India Private Limited","HNV/25-26/779","domestic","INR","PO-000604","Tax Invoice","21093.60","0.00","0.00","18.00","24890.45","24890.45","2026-02-16 12:23:15","0.00","24890.45","pending","2026-03-05 10:42:24",NULL,NULL,"Active"
"Averna Test India Private Limited","HNV/25-26/780","domestic","INR","PO-000616","Tax Invoice","11919.71","0.00","0.00","18.00","14065.26","14065.26","2026-02-16 12:25:51","0.00","14065.26","pending","2026-03-05 10:45:04",NULL,NULL,"Active"
"Averna Test India Private Limited","HNV/25-26/781","domestic","INR","PO-000604","Tax Invoice","30800.00","0.00","0.00","18.00","36344.00","36344.00","2026-02-16 12:27:09","0.00","36344.00","pending","2026-03-05 10:45:30",NULL,NULL,"Active"
"Averna Test India Private Limited","HNV/25-26/782","domestic","INR","PO-000607","Tax Invoice","5985.00","0.00","0.00","18.00","7062.30","7062.30","2026-02-17 06:50:55","0.00","7062.30","pending","2026-03-05 10:46:05",NULL,NULL,"Active"
"Ultrahuman Healthcare Pvt Ltd","HNV/25-26/783","domestic","INR","UH/PO/25-26/0003970","Tax Invoice","210500.00","9.00","9.00","0.00","248390.00","248390.00","2026-02-17 07:29:42","0.00","248390.00","pending","2026-03-05 10:46:39",NULL,NULL,"Active"
"Immersive Technology and Entrepreneurship Labs Foundation","HNV/25-26/784","domestic","INR","ITEL/2025-26/Wo-003","Tax Invoice","20000.00","0.00","0.00","18.00","23600.00","23600.00","2026-02-17 11:42:55","23600.00","0.00","paid","2026-03-12 13:00:04","SBIN126071760852","2026-03-12","Active"
"Averna Test India Private Limited","HNV/25-26/785","domestic","INR","PO-000606","Tax Invoice","26640.33","0.00","0.00","18.00","31435.59","31435.59","2026-02-18 04:58:26","0.00","31435.59","pending","2026-03-05 11:11:25",NULL,NULL,"Active"
"Averna Test India Private Limited","HNV/25-26/786","domestic","INR","PO-000616","Tax Invoice","1608.06","0.00","0.00","18.00","1897.51","1897.51","2026-02-18 05:01:21","0.00","1897.51","pending","2026-03-05 11:13:46",NULL,NULL,"Active"
"Averna Test India Private Limited","HNV/25-26/787","domestic","INR","PO-000603","Tax Invoice","19440.00","0.00","0.00","18.00","22939.20","22939.20","2026-02-18 05:04:06","0.00","22939.20","pending","2026-03-05 11:14:01",NULL,NULL,"Active"
"Averna Test India Private Limited","HNV/25-26/788","domestic","INR","PO-000600","Tax Invoice","34231.18","0.00","0.00","18.00","40392.79","40392.79","2026-02-18 05:05:42","0.00","40392.79","pending","2026-03-05 11:14:15",NULL,NULL,"Active"
"Averna Test India Private Limited","HNV/25-26/789","domestic","INR","PO-000601","Tax Invoice","19615.59","0.00","0.00","18.00","23146.40","23146.40","2026-02-18 05:07:19","0.00","23146.40","pending","2026-03-05 11:14:31",NULL,NULL,"Active"
"Averna Test India Private Limited","HNV/25-26/790","domestic","INR","PO-000638","Tax Invoice","70962.36","0.00","0.00","18.00","83735.58","83735.58","2026-02-18 05:08:47","0.00","83735.58","pending","2026-03-05 11:14:44",NULL,NULL,"Active"
"Averna Test India Private Limited","HNV/25-26/791","domestic","INR","PO-000608","Tax Invoice","92174.28","0.00","0.00","18.00","108765.65","108765.65","2026-02-18 05:11:09","0.00","108765.65","pending","2026-03-05 11:15:15",NULL,NULL,"Active"
"NW Engineering Private Limited ","HNV/25-26/792","domestic","INR","PR278 ","Tax Invoice","2357.00","9.00","9.00","0.00","2781.26","2781.26","2026-02-18 08:44:16","0.00","2781.26","pending","2026-03-05 11:15:54",NULL,NULL,"Active"
"Ultrahuman Healthcare Pvt Ltd","HNV/25-26/793","domestic","INR","UH/PO/25-26/0003970","Tax Invoice","240000.00","9.00","9.00","0.00","283200.00","283200.00","2026-02-18 11:48:18","0.00","283200.00","pending","2026-03-05 11:16:33",NULL,NULL,"Active"
"Temple Private Limited","HNV/25-26/794","domestic","INR","CL/DL/PO/25-26/166","Tax Invoice","382000.00","0.00","0.00","18.00","450760.00","450760.00","2026-02-18 12:01:30","450760.00","0.00","paid","2026-03-05 11:30:06","KKBKR22026021321195436","2026-02-13","Active"
"Averna Test India Private Limited","HNV/25-26/795","domestic","INR","PO-000378","Tax Invoice","25717.06","0.00","0.00","18.00","30346.13","30346.13","2026-02-18 12:41:39","0.00","30346.13","pending","2026-03-05 11:37:09",NULL,NULL,"Active"
"Averna Test India Private Limited","HNV/25-26/796","domestic","INR","PO-000379","Tax Invoice","21656.44","0.00","0.00","18.00","25554.60","25554.60","2026-02-18 12:44:03","0.00","25554.60","pending","2026-03-05 11:37:24",NULL,NULL,"Active"
"Averna Test India Private Limited","HNV/25-26/797","domestic","INR","PO-000606","Tax Invoice","11628.93","0.00","0.00","18.00","13722.14","13722.14","2026-02-18 12:46:25","0.00","13722.14","pending","2026-03-05 11:37:40",NULL,NULL,"Active"
"Averna Test India Private Limited","HNV/25-26/798","domestic","INR","PO-000608","Tax Invoice","17974.97","0.00","0.00","18.00","21210.46","21210.46","2026-02-18 12:48:19","0.00","21210.46","pending","2026-03-05 11:37:58",NULL,NULL,"Active"
"Averna Test India Private Limited","HNV/25-26/799","domestic","INR","PO-000616","Tax Invoice","6972.93","0.00","0.00","18.00","8228.06","8228.06","2026-02-18 12:56:17","0.00","8228.06","pending","2026-03-05 11:38:16",NULL,NULL,"Active"
"Ametek Instruments India Pvt Ltd.","HNV/25-26/800","domestic","INR","AR1111628","Tax Invoice","17500.00","9.00","9.00","0.00","20650.00","20650.00","2026-02-19 04:26:01","0.00","20650.00","pending","2026-02-19 04:26:00",NULL,NULL,"Active"
"Averna Test India Private Limited","HNV/25-26/801","domestic","INR","PO-000357","Tax Invoice","15573.00","0.00","0.00","18.00","18376.14","18376.14","2026-02-19 05:37:23","0.00","18376.14","pending","2026-03-05 11:38:39",NULL,NULL,"Active"
"LARSEN And TOUBRO LIMITED","HNV/25-26/802","domestic","INR","07L019886","Tax Invoice","692600.00","0.00","0.00","18.00","817268.00","817268.00","2026-02-19 07:08:22","816595.00","673.00","paid","2026-03-03 04:51:12","PXA250461961,  PXA250469022","2026-02-24","Active"
"Averna Test India Private Limited","HNV/25-26/803","domestic","INR","PO-000606","Tax Invoice","7511.01","0.00","0.00","18.00","8862.99","8862.99","2026-02-19 12:42:44","0.00","8862.99","pending","2026-03-05 11:39:05",NULL,NULL,"Active"
"Temple Private Limited","HNV/25-26/804","domestic","INR","CL/DL/PO/25-26/166","Tax Invoice","238750.00","0.00","0.00","18.00","281725.00","281725.00","2026-02-19 12:50:50","281725.00","0.00","paid","2026-03-05 11:39:22","KKBKR22026021321195436","2026-02-13","Active"
"Averna Test India Private Limited","HNV/25-26/805","domestic","INR","PO-000379","Tax Invoice","13535.28","0.00","0.00","18.00","15971.63","15971.63","2026-02-20 05:50:20","0.00","15971.63","pending","2026-03-05 12:58:51",NULL,NULL,"Active"
"Averna Test India Private Limited","HNV/25-26/806","domestic","INR","PO-000606","Tax Invoice","23951.10","0.00","0.00","18.00","28262.30","28262.30","2026-02-20 06:07:01","0.00","28262.30","pending","2026-03-05 12:59:07",NULL,NULL,"Active"
"Averna Test India Private Limited","HNV/25-26/807","domestic","INR","PO-000616","Tax Invoice","3766.67","0.00","0.00","18.00","4444.67","4444.67","2026-02-20 06:17:23","0.00","4444.67","pending","2026-03-05 13:00:22",NULL,NULL,"Active"
"Averna Test India Private Limited","HNV/25-26/808","domestic","INR","PO-000398","Tax Invoice","131200.00","0.00","0.00","18.00","154816.00","154816.00","2026-02-20 06:57:17","0.00","154816.00","pending","2026-03-05 13:00:38",NULL,NULL,"Active"
"Nittoku","HNV/25-26/E/247","export","EUR","PO-52817","Tax Invoice","34.94","0.00","0.00","0.00","34.94","3668.70","2026-02-20 11:51:26","0.00","34.94","paid","2026-03-13 06:46:47","This was remake parts","2026-03-13","Active"
"Temple Private Limited","HNV/25-26/809","domestic","INR","CL/DL/PO/25-26/166","Tax Invoice","191000.00","0.00","0.00","18.00","225380.00","225380.00","2026-02-20 12:18:29","225380.00","0.00","paid","2026-03-05 13:00:55","KKBKR22026021321195436","2026-02-13","Active"
"Ultrahuman Healthcare Pvt Ltd","HNV/25-26/810","domestic","INR","UH/PO/25-26/0003970","Tax Invoice","74500.00","9.00","9.00","0.00","87910.00","87910.00","2026-02-20 12:37:33","0.00","87910.00","pending","2026-03-05 13:01:10",NULL,NULL,"Active"
"Ultrahuman Healthcare Pvt Ltd","HNV/25-26/811","domestic","INR","UH/PO/25-26/0003969","Tax Invoice","304250.00","9.00","9.00","0.00","359015.00","359015.00","2026-02-20 12:38:48","0.00","359015.00","pending","2026-03-05 13:01:25",NULL,NULL,"Active"
"IDEAFORGE TECHNOLOGY LIMITED","HNV/25-26/812","domestic","INR","PO/OP/25-26/43894","Tax Invoice","14300.00","0.00","0.00","18.00","16874.00","16874.00","2026-02-20 13:12:42","16874.00","0.00","paid","2026-03-27 06:32:39","922030047120905","2026-03-25","Active"
"Averna Test India Private Limited","HNV/25-26/813","domestic","INR","PO-000606","Tax Invoice","54953.22","0.00","0.00","18.00","64844.80","64844.80","2026-02-20 13:19:56","0.00","64844.80","pending","2026-03-05 13:01:57",NULL,NULL,"Active"
"Averna Test India Private Limited","HNV/25-26/814","domestic","INR","PO-000604","Tax Invoice","63712.00","0.00","0.00","18.00","75180.16","75180.16","2026-02-20 13:21:39","0.00","75180.16","pending","2026-03-05 13:02:12",NULL,NULL,"Active"
"Averna Test India Private Limited","HNV/25-26/815","domestic","INR","PO-000616","Tax Invoice","4872.00","0.00","0.00","18.00","5748.96","5748.96","2026-02-20 13:31:28","0.00","5748.96","pending","2026-03-06 04:30:20",NULL,NULL,"Active"
"Averna Test India Private Limited","HNV/25-26/816","domestic","INR","PO-000654","Tax Invoice","8634.96","0.00","0.00","18.00","10189.25","10189.25","2026-02-20 13:35:32","0.00","10189.25","pending","2026-03-06 04:30:33",NULL,NULL,"Active"
"Averna Test India Private Limited","HNV/25-26/817","domestic","INR","PO-000603","Tax Invoice","51440.00","0.00","0.00","18.00","60699.20","60699.20","2026-02-20 13:38:20","0.00","60699.20","pending","2026-03-06 04:30:51",NULL,NULL,"Active"
"Averna Test India Private Limited","HNV/25-26/818","domestic","INR","PO-000398","Tax Invoice","723300.00","0.00","0.00","18.00","853494.00","853494.00","2026-02-21 13:45:24","0.00","853494.00","pending","2026-03-06 04:31:09",NULL,NULL,"Active"
"Averna Test India Private Limited","HNV/25-26/819","domestic","INR","PO-000480","Tax Invoice","121600.00","0.00","0.00","18.00","143488.00","143488.00","2026-02-21 13:46:50","0.00","143488.00","pending","2026-03-06 04:31:26",NULL,NULL,"Active"
"Averna Test India Private Limited","HNV/25-26/820","domestic","INR","PO-000357","Tax Invoice","5004.84","0.00","0.00","18.00","5905.71","5905.71","2026-02-21 13:48:37","0.00","5905.71","pending","2026-03-06 04:31:40",NULL,NULL,"Active"
"Averna Test India Private Limited","HNV/25-26/821","domestic","INR","PO-000616","Tax Invoice","6008.28","0.00","0.00","18.00","7089.77","7089.77","2026-02-21 13:51:39","0.00","7089.77","pending","2026-03-06 04:32:06",NULL,NULL,"Active"
"Averna Test India Private Limited","HNV/25-26/822","domestic","INR","PO-000379","Tax Invoice","13535.28","0.00","0.00","18.00","15971.63","15971.63","2026-02-21 13:54:27","0.00","15971.63","pending","2026-03-06 04:32:20",NULL,NULL,"Active"
"Ametek, thermal process management,Universal Analyzers  Barben Analytical","HNV/25-26/E/248","export","USD","528362","Tax Invoice","12828.00","0.00","0.00","0.00","12828.00","1175044.80","2026-02-23 06:22:42","0.00","12828.00","pending","2026-02-23 06:22:42",NULL,NULL,"Active"
"Sansera Engineering Ltd Plant-11","HNV/25-26/823","domestic","INR","2240000451","Tax Invoice","49630.00","9.00","9.00","0.00","58563.40","58563.40","2026-02-23 11:22:54","58513.40","50.00","paid","2026-03-21 04:51:38","20260223","2026-03-18","Active"
"Ultrahuman Healthcare Pvt Ltd","HNV/25-26/824","domestic","INR","UH/PO/25-26/0003970","Tax Invoice","384500.00","9.00","9.00","0.00","453710.00","453710.00","2026-02-23 13:05:09","0.00","453710.00","pending","2026-03-06 04:32:53",NULL,NULL,"Active"
"AMIDC Automation Technologies Pvt Ltd","HNV/25-26/825","domestic","INR","AMIDC-PO-FY26-00741","Tax Invoice","151780.00","9.00","9.00","0.00","179100.40","179100.40","2026-02-24 05:34:29","0.00","179100.40","pending","2026-02-24 05:34:28",NULL,NULL,"Active"
"AMIDC Automation Technologies Pvt Ltd","HNV/25-26/826","domestic","INR","AMIDC-PO-FY26-00738","Tax Invoice","8000.00","9.00","9.00","0.00","9440.00","9440.00","2026-02-24 05:38:19","0.00","9440.00","pending","2026-03-27 07:40:31",NULL,NULL,"Active"
"Averna Test India Private Limited","HNV/25-26/827","domestic","INR","PO-000731","Tax Invoice","122800.00","0.00","0.00","18.00","144904.00","144904.00","2026-02-24 05:46:35","0.00","144904.00","pending","2026-03-06 06:04:37",NULL,NULL,"Active"
"Averna Test India Private Limited","HNV/25-26/828","domestic","INR","PO-000616","Tax Invoice","3563.00","0.00","0.00","18.00","4204.34","4204.34","2026-02-24 05:49:09","0.00","4204.34","pending","2026-03-06 06:04:55",NULL,NULL,"Active"
"Averna Test India Private Limited","HNV/25-26/829","domestic","INR","PO-000398","Tax Invoice","115840.00","0.00","0.00","18.00","136691.20","136691.20","2026-02-24 05:56:13","0.00","136691.20","pending","2026-03-06 06:06:22",NULL,NULL,"Active"
"Averna Test India Private Limited","HNV/25-26/830","domestic","INR","PO-000690","Tax Invoice","1727.52","0.00","0.00","18.00","2038.47","2038.47","2026-02-24 05:58:08","0.00","2038.47","pending","2026-03-06 06:00:33",NULL,NULL,"Active"
"Temple Private Limited","HNV/25-26/831","domestic","INR","CL/DL/PO/25-26/166","Tax Invoice","283635.00","0.00","0.00","18.00","334689.30","334689.30","2026-02-24 12:55:12","334689.30","0.00","paid","2026-03-06 06:00:56","KKBKR22026021321195436","2026-02-13","Active"
"Temple Private Limited","HNV/25-26/832","domestic","INR","TMP13","Tax Invoice","25000.00","0.00","0.00","18.00","29500.00","29500.00","2026-02-24 13:11:47","29500.00","0.00","paid","2026-03-06 06:01:10","KKBKR22026021321195436","2026-02-13","Active"
"Ultrahuman Healthcare Pvt Ltd","HNV/25-26/833","domestic","INR","UH/PO/25-26/0004471","Tax Invoice","2609622.40","9.00","9.00","0.00","0.00","0.00","2026-02-24 14:09:13","0.00","0.00","pending","2026-03-12 04:27:38",NULL,NULL,"Cancelled"
"Ultrahuman Healthcare Pvt Ltd","HNV/25-26/834","domestic","INR","UH/PO/25-26/0003969","Tax Invoice","208250.00","9.00","9.00","0.00","245735.00","245735.00","2026-02-25 04:28:52","0.00","245735.00","pending","2026-03-06 06:02:25",NULL,NULL,"Active"
"LARSEN And TOUBRO LIMITED","HNV/25-26/835","domestic","INR","07L020003","Tax Invoice","2628000.00","0.00","0.00","18.00","3101040.00","3101040.00","2026-02-25 09:54:18",NULL,NULL,"pending","2026-04-16 10:04:23",NULL,NULL,"Cancelled"
"Averna Test India Private Limited","HNV/25-26/836","domestic","INR","PO-000608","Tax Invoice","56573.50","0.00","0.00","18.00","66756.73","66756.73","2026-02-25 12:37:42","0.00","66756.73","pending","2026-03-06 06:16:34",NULL,NULL,"Active"
"Averna Test India Private Limited","HNV/25-26/837","domestic","INR","PO-000606","Tax Invoice","10644.78","0.00","0.00","18.00","12560.84","12560.84","2026-02-25 12:39:29","0.00","12560.84","pending","2026-03-06 06:16:48",NULL,NULL,"Active"
"Averna Test India Private Limited","HNV/25-26/838","domestic","INR","PO-000604","Tax Invoice","26694.80","0.00","0.00","18.00","31499.86","31499.86","2026-02-25 12:40:44","0.00","31499.86","pending","2026-03-06 06:17:02",NULL,NULL,"Active"
"Averna Test India Private Limited","HNV/25-26/839","domestic","INR","PO-000616","Tax Invoice","5489.66","0.00","0.00","18.00","6477.80","6477.80","2026-02-25 12:41:52","0.00","6477.80","pending","2026-03-06 06:17:17",NULL,NULL,"Active"
"Averna Test India Private Limited","HNV/25-26/840","domestic","INR","PO-000355","Tax Invoice","15361.80","0.00","0.00","18.00","18126.92","18126.92","2026-02-25 12:43:39","0.00","18126.92","pending","2026-03-06 06:17:37",NULL,NULL,"Active"
"Averna Test India Private Limited","HNV/25-26/841","domestic","INR","PO-000355","Tax Invoice","46085.40","0.00","0.00","18.00","54380.77","54380.77","2026-02-25 13:00:33","0.00","54380.77","pending","2026-03-06 06:17:51",NULL,NULL,"Active"
"Ultrahuman Healthcare Pvt Ltd","HNV/25-26/842","domestic","INR","UH/PO/25-26/0003970","Tax Invoice","150000.00","9.00","9.00","0.00","177000.00","177000.00","2026-02-25 14:35:44","0.00","177000.00","pending","2026-03-06 06:18:03",NULL,NULL,"Active"
"Ultrahuman Healthcare Pvt Ltd","HNV/25-26/843","domestic","INR","UH/PO/25-26/0003969","Tax Invoice","86250.00","9.00","9.00","0.00","101775.00","101775.00","2026-02-25 14:36:45","0.00","101775.00","pending","2026-03-06 06:18:17",NULL,NULL,"Active"
"Tavisha Robotics","HNV/25-26/844","domestic","INR","Mail Confrimation","Tax Invoice","6200.00","0.00","0.00","18.00","7316.00","7316.00","2026-02-26 08:48:10","7316.00","0.00","paid","2026-04-07 13:27:14","HDFCH00899267429","2026-03-31","Active"
"Ametek, thermal process management,Universal Analyzers  Barben Analytical","HNV/25-26/E/249","export","USD","528416","Tax Invoice","6345.00","0.00","0.00","0.00","6345.00","581202.00","2026-02-26 10:10:11","0.00","6345.00","pending","2026-02-26 10:10:10",NULL,NULL,"Active"
"Averna Test India Private Limited","HNV/25-26/846","domestic","INR","PO-000731","Tax Invoice","112000.00","0.00","0.00","18.00","132160.00","132160.00","2026-02-26 13:11:52","0.00","132160.00","pending","2026-03-06 06:18:49",NULL,NULL,"Active"
"Averna Test India Private Limited","HNV/25-26/847","domestic","INR","PO-000688","Tax Invoice","14060.88","0.00","0.00","18.00","16591.84","16591.84","2026-02-26 13:14:14","0.00","16591.84","pending","2026-03-06 08:02:45",NULL,NULL,"Active"
"Averna Test India Private Limited","HNV/25-26/848","domestic","INR","PO-000689","Tax Invoice","4686.96","0.00","0.00","18.00","5530.61","5530.61","2026-02-26 13:15:50","0.00","5530.61","pending","2026-03-06 08:02:57",NULL,NULL,"Active"
"Averna Test India Private Limited","HNV/25-26/849","domestic","INR","PO-000605","Tax Invoice","30723.60","0.00","0.00","18.00","36253.85","36253.85","2026-02-26 13:17:10","0.00","36253.85","pending","2026-03-06 08:03:11",NULL,NULL,"Active"
"Averna Test India Private Limited","HNV/25-26/850","domestic","INR","PO-000631","Tax Invoice","16308.00","0.00","0.00","18.00","19243.44","19243.44","2026-02-26 13:19:01","0.00","19243.44","pending","2026-03-06 08:03:25",NULL,NULL,"Active"
"Averna Test India Private Limited","HNV/25-26/851","domestic","INR","PO-000534","Tax Invoice","11370.00","0.00","0.00","18.00","13416.60","13416.60","2026-02-26 13:20:04","0.00","13416.60","pending","2026-03-06 08:03:37",NULL,NULL,"Active"
"Ultrahuman Healthcare Pvt Ltd","HNV/25-26/852","domestic","INR","UH/PO/25-26/0003969","Tax Invoice","215500.00","9.00","9.00","0.00","254290.00","254290.00","2026-02-26 13:22:47","0.00","254290.00","pending","2026-03-06 08:04:02",NULL,NULL,"Active"
"AMIDC Automation Technologies Pvt Ltd","HNV/25-26/853","domestic","INR","#AMIDC-PO-FY26-00768","Tax Invoice","151780.00","9.00","9.00","0.00","179100.40","179100.40","2026-02-26 13:58:43","0.00","179100.40","pending","2026-03-06 08:04:19",NULL,NULL,"Active"
"Temple Private Limited","HNV/25-26/854","domestic","INR","CL/DL/PO/25-26/166","Tax Invoice","7640.00","0.00","0.00","18.00","9015.20","9015.20","2026-02-27 05:46:01","0.00","9015.20","pending","2026-03-06 08:04:30",NULL,NULL,"Active"
"Ultrahuman Healthcare Pvt Ltd","HNV/25-26/855","domestic","INR","UH/PO/25-26/0004516","Tax Invoice","25150.00","9.00","9.00","0.00","29677.00","29677.00","2026-02-27 12:35:58","0.00","29677.00","pending","2026-03-06 08:04:46",NULL,NULL,"Active"
"Ultrahuman Healthcare Pvt Ltd","HNV/25-26/856","domestic","INR","UH/PO/25-26/0003969","Tax Invoice","65000.00","9.00","9.00","0.00","76700.00","76700.00","2026-02-27 12:37:58","0.00","76700.00","pending","2026-03-06 08:04:57",NULL,NULL,"Active"
"Ultrahuman Healthcare Pvt Ltd","HNV/25-26/857","domestic","INR","UH/PO/25-26/0004498","Tax Invoice","136840.00","9.00","9.00","0.00","161471.20","161471.20","2026-02-27 12:39:46","0.00","161471.20","pending","2026-03-06 08:05:19",NULL,NULL,"Active"
"Averna Test India Private Limited","HNV/25-26/858","domestic","INR","PO-000654","Tax Invoice","50014.40","0.00","0.00","18.00","59016.99","59016.99","2026-02-27 13:47:03","0.00","59016.99","pending","2026-03-06 08:05:32",NULL,NULL,"Active"
"Averna Test India Private Limited","HNV/25-26/859","domestic","INR","PO-000688","Tax Invoice","3616.14","0.00","0.00","18.00","4267.05","4267.05","2026-02-27 13:48:51","0.00","4267.05","pending","2026-03-06 08:05:47",NULL,NULL,"Active"
"Averna Test India Private Limited","HNV/25-26/860","domestic","INR","PO-000398","Tax Invoice","377280.00","0.00","0.00","18.00","445190.40","445190.40","2026-02-27 13:50:02","0.00","445190.40","pending","2026-03-06 08:06:00",NULL,NULL,"Active"
"Averna Test India Private Limited","HNV/25-26/861","domestic","INR","PO-000604","Tax Invoice","103752.00","0.00","0.00","18.00","122427.36","122427.36","2026-02-27 13:51:41","0.00","122427.36","pending","2026-03-06 08:06:14",NULL,NULL,"Active"
"Averna Test India Private Limited","HNV/25-26/862","domestic","INR","PO-000616","Tax Invoice","1497.42","0.00","0.00","18.00","1766.96","1766.96","2026-02-27 13:54:22","0.00","1766.96","pending","2026-03-06 08:06:34",NULL,NULL,"Active"
"Neosky India Limited","HNV/25-26/863","domestic","INR","1150000640","Tax Invoice","189200.00","9.00","9.00","0.00","223256.00","223256.00","2026-02-28 07:50:27","223256.00","0.00","paid","2026-03-06 08:06:59",NULL,"2026-02-27","Active"
"Hylio, Inc","HNV/25-26/E/250","export","USD","P4503","Tax Invoice","103.00","0.00","0.00","0.00","103.00","9434.80","2026-02-28 07:53:08","0.00","103.00","pending","2026-02-28 07:53:07",NULL,NULL,"Active"
"Averna Test India Private Limited","HNV/25-26/864","domestic","INR","PO-000688","Tax Invoice","68499.06","0.00","0.00","18.00","80828.89","80828.89","2026-02-28 12:52:33","0.00","80828.89","pending","2026-03-06 08:19:03",NULL,NULL,"Active"
"Averna Test India Private Limited","HNV/25-26/865","domestic","INR","PO-000689","Tax Invoice","16954.84","0.00","0.00","18.00","20006.71","20006.71","2026-02-28 12:54:30","0.00","20006.71","pending","2026-03-06 08:19:19",NULL,NULL,"Active"
"Averna Test India Private Limited","HNV/25-26/866","domestic","INR","PO-000713","Tax Invoice","10744.09","0.00","0.00","18.00","12678.03","12678.03","2026-02-28 12:57:59","0.00","12678.03","pending","2026-03-06 08:19:29",NULL,NULL,"Active"
"Averna Test India Private Limited","HNV/25-26/867","domestic","INR","PO-000616","Tax Invoice","7643.04","0.00","0.00","18.00","9018.79","9018.79","2026-02-28 13:01:23","0.00","9018.79","pending","2026-03-06 08:19:39",NULL,NULL,"Active"
"Averna Test India Private Limited","HNV/25-26/868","domestic","INR","PO-000398","Tax Invoice","31580.00","0.00","0.00","18.00","37264.40","37264.40","2026-02-28 13:03:24","0.00","37264.40","pending","2026-03-06 08:19:58",NULL,NULL,"Active"
"Averna Test India Private Limited","HNV/25-26/869","domestic","INR","PO-000731","Tax Invoice","311415.50","0.00","0.00","18.00","367470.29","367470.29","2026-02-28 13:09:56","0.00","367470.29","pending","2026-03-06 08:20:15",NULL,NULL,"Active"
"Averna Test India Private Limited","HNV/25-26/870","domestic","INR","PO-000730","Tax Invoice","10828.24","0.00","0.00","18.00","12777.32","12777.32","2026-02-28 13:11:55","0.00","12777.32","pending","2026-03-06 08:55:20",NULL,NULL,"Active"
"Averna Test India Private Limited","HNV/25-26/871","domestic","INR","PO-000654","Tax Invoice","10828.24","0.00","0.00","18.00","12777.32","12777.32","2026-02-28 13:22:07","0.00","12777.32","pending","2026-03-06 08:55:31",NULL,NULL,"Active"
"Averna Test India Private Limited","HNV/25-26/872","domestic","INR","PO-000379","Tax Invoice","10828.24","0.00","0.00","18.00","12777.32","12777.32","2026-02-28 13:24:15","0.00","12777.32","pending","2026-03-06 08:55:41",NULL,NULL,"Active"
"Averna Test India Private Limited","HNV/25-26/873","domestic","INR","PO-000606","Tax Invoice","2062.50","0.00","0.00","18.00","2433.75","2433.75","2026-02-28 13:26:00","0.00","2433.75","pending","2026-03-06 08:56:03",NULL,NULL,"Active"
"Ultrahuman Healthcare Pvt Ltd","HNV/25-26/874","domestic","INR","UH/PO/25-26/0004498","Tax Invoice","182600.00","9.00","9.00","0.00","215468.00","215468.00","2026-02-28 13:33:43","0.00","215468.00","pending","2026-03-06 08:56:15",NULL,NULL,"Active"
"Raison Tech ","HNV/25-26/875","domestic","INR","Mail Confrimation","Tax Invoice","4450000.00","9.00","9.00","0.00","5251000.00","5251000.00","2026-02-28 15:50:16","0.00","5251000.00","pending","2026-03-06 08:56:26",NULL,NULL,"Active"
"Raison Inspection Services","HNV/25-26/876","domestic","INR","Mail Confrimation","Tax Invoice","1945000.00","9.00","9.00","0.00","2295100.00","2295100.00","2026-02-28 15:53:14","0.00","2295100.00","pending","2026-03-06 08:56:37",NULL,NULL,"Active"
"Averna Test India Private Limited","HNV/25-26/877","domestic","INR","PO-000730","Tax Invoice","15573.00","0.00","0.00","18.00","18376.14","18376.14","2026-02-28 15:59:04","0.00","18376.14","pending","2026-03-06 08:56:52",NULL,NULL,"Active"
"Temple Private Limited","HNV/25-26/878","domestic","INR","CL/DL/PO/25-26/166","Tax Invoice","177630.00","0.00","0.00","18.00","209603.40","209603.40","2026-02-28 16:01:13","0.00","209603.40","pending","2026-03-06 08:57:06",NULL,NULL,"Active"
"Ultrahuman Healthcare Pvt Ltd","HNV/25-26/879","domestic","INR","UH/PO/25-26/0004527","Tax Invoice","2609622.40","9.00","9.00","0.00","3079354.43","3079354.43","2026-03-02 06:33:10","0.00","3079354.43","pending","2026-03-10 10:45:13",NULL,NULL,"Active"
"FORMURA","HNV/25-26/880","domestic","INR","PO055/LOCKING/25","Tax Invoice","113490.00","0.00","0.00","18.00","133918.20","133918.20","2026-03-02 07:30:01","0.00","133918.20","pending","2026-03-10 11:32:20",NULL,NULL,"Active"
"Seakeeper","HNV/25-26/E/251","export","USD","83815","Tax Invoice","246.00","0.00","0.00","0.00","246.00","22533.60","2026-03-02 08:07:15","0.00","246.00","pending","2026-03-02 08:07:15",NULL,NULL,"Active"
"Wilder Technologies, LLC","HNV/25-26/E/252","export","USD","6051","Tax Invoice","999.00","0.00","0.00","0.00","999.00","92557.35","2026-03-02 09:14:32","999.00","0.00","paid","2026-04-17 09:10:45","3132036106ES","2026-04-16","Active"
"Ametek Instruments India Pvt Ltd.","HNV/25-26/881","domestic","INR","AR1115690","Tax Invoice","9000.00","9.00","9.00","0.00","10620.00","10620.00","2026-03-02 10:02:28","0.00","10620.00","pending","2026-03-10 11:32:32",NULL,NULL,"Active"
"Ultrahuman Healthcare Pvt Ltd","HNV/25-26/882","domestic","INR","UH/PO/25-26/0004506","Tax Invoice","1378000.00","9.00","9.00","0.00","1626040.00","1626040.00","2026-03-02 10:11:59","0.00","1626040.00","pending","2026-03-13 05:23:58",NULL,NULL,"Active"
"Ultrahuman Healthcare Pvt Ltd","HNV/25-26/883","domestic","INR","UH/PO/25-26/0004498","Tax Invoice","102960.00","9.00","9.00","0.00","121492.80","121492.80","2026-03-02 11:27:07","0.00","121492.80","pending","2026-03-13 05:25:15",NULL,NULL,"Active"
"Ultrahuman Healthcare Pvt Ltd","HNV/25-26/884","domestic","INR","UH/PO/25-26/0004480","Tax Invoice","20150.00","9.00","9.00","0.00","23777.00","23777.00","2026-03-02 11:57:20","0.00","23777.00","pending","2026-03-13 05:28:12",NULL,NULL,"Active"
"Averna Test India Private Limited","HNV/25-26/885","domestic","INR","PO-000689","Tax Invoice","2994.84","0.00","0.00","18.00","3533.91","3533.91","2026-03-02 12:06:48","0.00","3533.91","pending","2026-03-13 05:54:20",NULL,NULL,"Active"
"Averna Test India Private Limited","HNV/25-26/886","domestic","INR","PO-000731","Tax Invoice","71340.00","0.00","0.00","18.00","84181.20","84181.20","2026-03-02 12:08:29","0.00","84181.20","pending","2026-03-13 05:54:36",NULL,NULL,"Active"
"Averna Test India Private Limited","HNV/25-26/887","domestic","INR","PO-000703","Tax Invoice","13962.32","0.00","0.00","18.00","16475.54","16475.54","2026-03-02 12:09:30","0.00","16475.54","pending","2026-03-13 05:54:50",NULL,NULL,"Active"
"Averna Test India Private Limited","HNV/25-26/888","domestic","INR","PO-000606","Tax Invoice","412.50","0.00","0.00","18.00","486.75","486.75","2026-03-02 13:01:45","0.00","486.75","pending","2026-03-13 05:55:07",NULL,NULL,"Active"
"Averna Test India Private Limited","HNV/25-26/889","domestic","INR","PO-000654","Tax Invoice","63002.64","0.00","0.00","18.00","74343.12","74343.12","2026-03-02 13:57:55","0.00","74343.12","pending","2026-03-13 05:55:22",NULL,NULL,"Active"
"Averna Test India Private Limited","HNV/25-26/890","domestic","INR","PO-000533","Tax Invoice","13000.00","0.00","0.00","18.00","15340.00","15340.00","2026-03-02 13:59:02","0.00","15340.00","pending","2026-03-13 05:55:36",NULL,NULL,"Active"
"Averna Test India Private Limited","HNV/25-26/891","domestic","INR","PO-000688","Tax Invoice","7991.58","0.00","0.00","18.00","9430.06","9430.06","2026-03-02 14:00:35","0.00","9430.06","pending","2026-03-02 14:00:35",NULL,NULL,"Active"
"Averna Test India Private Limited","HNV/25-26/892","domestic","INR","PO-000689","Tax Invoice","2663.86","0.00","0.00","18.00","3143.35","3143.35","2026-03-02 14:01:55","0.00","3143.35","pending","2026-03-02 14:01:54",NULL,NULL,"Active"
"Micropoise Measurement Systems Ametek ","HNV/25-26/E/253","export","USD","PR-020326-0001","Tax Invoice","885.00","0.00","0.00","0.00","885.00","81066.00","2026-03-03 09:03:24","0.00","885.00","pending","2026-03-03 09:03:24",NULL,NULL,"Active"
"RIX INDIA MANUFACTURING PRIVATE LIMITED","HNV/25-26/893","domestic","INR","RIM-KG/HAV-2026022401","Tax Invoice","10348.00","9.00","9.00","0.00","12210.64","12210.64","2026-03-03 10:02:53","12210.64","0.00","paid","2026-03-31 06:53:25","MHCBHMIZ01348460","2026-03-31","Active"
"Ultrahuman Healthcare Pvt Ltd","HNV/25-26/894A","domestic","INR","UH/PO/25-26/0004498","Tax Invoice","196240.00","9.00","9.00","0.00","231563.20","231563.20","2026-03-03 11:30:39","0.00","231563.20","pending","2026-04-02 09:43:33",NULL,NULL,"Active"
"Dawson Manufacturing","HNV/25-26/E/254","export","USD","PO-07306","Tax Invoice","853.74","0.00","0.00","0.00","853.74","78202.58","2026-03-03 11:33:01","0.00","853.74","pending","2026-03-03 11:33:01",NULL,NULL,"Active"
"LARSEN And TOUBRO LIMITED","HNV/25-26/895A","domestic","INR","07L019993","Tax Invoice","309890.00","0.00","0.00","18.00","365670.20","365670.20","2026-03-03 11:43:25","0.00","365670.20","pending","2026-03-12 05:29:09",NULL,NULL,"Active"
"Dawson Manufacturing","HNV/25-26/E/255","export","USD","PO-07306","Tax Invoice","500.00","0.00","0.00","0.00","500.00","45800.00","2026-03-03 12:07:32","0.00","500.00","pending","2026-03-03 12:07:31",NULL,NULL,"Active"
"Averna Test India Private Limited","HNV/25-26/896","domestic","INR","PO-000688","Tax Invoice","7991.58","0.00","0.00","18.00","9430.06","9430.06","2026-03-03 12:38:31","0.00","9430.06","pending","2026-03-12 09:23:04",NULL,NULL,"Active"
"Averna Test India Private Limited","HNV/25-26/897","domestic","INR","PO-000689","Tax Invoice","2663.86","0.00","0.00","18.00","3143.35","3143.35","2026-03-03 12:39:22","0.00","3143.35","pending","2026-03-12 09:22:57",NULL,NULL,"Active"
"Averna Test India Private Limited","HNV/25-26/898","domestic","INR","PO-000604","Tax Invoice","24868.80","0.00","0.00","18.00","29345.18","29345.18","2026-03-03 12:40:36","0.00","29345.18","pending","2026-03-12 09:22:51",NULL,NULL,"Active"
"Averna Test India Private Limited","HNV/25-26/899","domestic","INR","PO-000616","Tax Invoice","15256.52","0.00","0.00","18.00","18002.69","18002.69","2026-03-03 12:43:07","0.00","18002.69","pending","2026-03-12 09:22:42",NULL,NULL,"Active"
"Averna Test India Private Limited","HNV/25-26/900","domestic","INR","PO-000357","Tax Invoice","35803.60","0.00","0.00","18.00","42248.25","42248.25","2026-03-03 12:45:54","0.00","42248.25","pending","2026-03-12 09:23:13",NULL,NULL,"Active"
"Averna Test India Private Limited","HNV/25-26/901","domestic","INR","PO-000630","Tax Invoice","529.84","0.00","0.00","18.00","625.21","625.21","2026-03-03 12:47:47","0.00","625.21","pending","2026-03-12 09:23:22",NULL,NULL,"Active"
"LARSEN And TOUBRO LIMITED","HNV/25-26/902","domestic","INR","07L020800 ","Tax Invoice","1655218.00","0.00","0.00","18.00","1953157.24","1953157.24","2026-03-04 11:28:45","1920053.06","33104.18","paid","2026-04-03 05:33:01","PXA250516431","2026-03-30","Active"
"Inteva Products India Automotive Private Ltd.","HNV/25-26/903","domestic","INR","PUN010945","Tax Invoice","23497.50","0.00","0.00","18.00","27727.05","27727.05","2026-03-04 11:53:49","0.00","27727.05","pending","2026-03-13 06:53:45",NULL,NULL,"Active"
"Inteva Products India Automotive Private Ltd.","HNV/25-26/904","domestic","INR","PUN010944","Tax Invoice","50000.00","0.00","0.00","18.00","59000.00","59000.00","2026-03-04 12:05:55","0.00","59000.00","pending","2026-03-13 06:53:59",NULL,NULL,"Active"
"Averna Test India Private Limited","HNV/25-26/905","domestic","INR","PO-000703","Tax Invoice","4012.65","0.00","0.00","18.00","4734.93","4734.93","2026-03-04 12:08:07","0.00","4734.93","pending","2026-03-13 06:54:13",NULL,NULL,"Active"
"Averna Test India Private Limited","HNV/25-26/906","domestic","INR","PO-000616","Tax Invoice","2829.35","0.00","0.00","18.00","3338.63","3338.63","2026-03-04 12:09:39","0.00","3338.63","pending","2026-03-13 06:54:22",NULL,NULL,"Active"
"Averna Test India Private Limited","HNV/25-26/907","domestic","INR","PO-000616","Tax Invoice","6720.35","0.00","0.00","18.00","7930.01","7930.01","2026-03-04 12:12:30","0.00","7930.01","pending","2026-03-13 06:54:40",NULL,NULL,"Active"
"Averna Test India Private Limited","HNV/25-26/908","domestic","INR","PO-000630","Tax Invoice","13382.04","0.00","0.00","18.00","15790.81","15790.81","2026-03-04 12:16:07","0.00","15790.81","pending","2026-03-13 06:54:58",NULL,NULL,"Active"
"Averna Test India Private Limited","HNV/25-26/909","domestic","INR","PO-000713","Tax Invoice","602.69","0.00","0.00","18.00","711.17","711.17","2026-03-04 12:18:18","0.00","711.17","pending","2026-03-13 06:55:09",NULL,NULL,"Active"
"Averna Test India Private Limited","HNV/25-26/910","domestic","INR","PO-000654","Tax Invoice","20607.28","0.00","0.00","18.00","24316.59","24316.59","2026-03-04 12:21:28","0.00","24316.59","pending","2026-03-13 06:55:28",NULL,NULL,"Active"
"Averna Test India Private Limited","HNV/25-26/911","domestic","INR","PO-000604","Tax Invoice","140536.00","0.00","0.00","18.00","165832.48","165832.48","2026-03-04 12:22:58","0.00","165832.48","pending","2026-03-13 06:55:37",NULL,NULL,"Active"
"Averna Test India Private Limited","HNV/25-26/912","domestic","INR","PO-000731","Tax Invoice","417216.50","0.00","0.00","18.00","492315.47","492315.47","2026-03-04 12:24:21","0.00","492315.47","pending","2026-03-13 06:55:57",NULL,NULL,"Active"
"Seakeeper","HNV/25-26/E/256","export","USD","83350","Tax Invoice","201.00","0.00","0.00","0.00","201.00","18411.60","2026-03-05 06:25:11","0.00","201.00","pending","2026-03-05 06:25:10",NULL,NULL,"Active"
"Temple Private Limited","HNV/25-26/913","domestic","INR","CL/DL/PO/25-26/166","Tax Invoice","223470.00","0.00","0.00","18.00","263694.60","263694.60","2026-03-05 12:28:19","0.00","263694.60","pending","2026-03-13 12:00:15",NULL,NULL,"Active"
"Temple Private Limited","HNV/25-26/914","domestic","INR","CL/DL/PO/25-26/176","Tax Invoice","25785.00","0.00","0.00","18.00","30426.30","30426.30","2026-03-05 12:30:37","0.00","30426.30","pending","2026-03-13 12:00:25",NULL,NULL,"Active"
"Averna Test India Private Limited","HNV/25-26/915","domestic","INR","PO-000652","Tax Invoice","15000.00","0.00","0.00","18.00","17700.00","17700.00","2026-03-05 12:41:02","0.00","17700.00","pending","2026-03-13 12:00:39",NULL,NULL,"Active"
"Averna Test India Private Limited","HNV/25-26/916","domestic","INR","PO-000604","Tax Invoice","100047.20","0.00","0.00","18.00","118055.70","118055.70","2026-03-05 12:44:06","0.00","118055.70","pending","2026-03-13 12:00:48",NULL,NULL,"Active"
"Averna Test India Private Limited","HNV/25-26/917","domestic","INR","PO-000652","Tax Invoice","8688.00","0.00","0.00","18.00","10251.84","10251.84","2026-03-05 12:55:18","0.00","10251.84","pending","2026-03-13 12:00:58",NULL,NULL,"Active"
"Averna Test India Private Limited","HNV/25-26/918","domestic","INR","PO-000712","Tax Invoice","6319.00","0.00","0.00","18.00","7456.42","7456.42","2026-03-05 12:56:57","0.00","7456.42","pending","2026-03-13 12:01:07",NULL,NULL,"Active"
"Averna Test India Private Limited","HNV/25-26/919","domestic","INR","PO-000688","Tax Invoice","11713.92","0.00","0.00","18.00","13822.43","13822.43","2026-03-05 12:58:18","0.00","13822.43","pending","2026-03-13 12:01:16",NULL,NULL,"Active"
"Averna Test India Private Limited","HNV/25-26/920","domestic","INR","PO-000689","Tax Invoice","3904.64","0.00","0.00","18.00","4607.48","4607.48","2026-03-05 12:58:57","0.00","4607.48","pending","2026-03-13 12:01:28",NULL,NULL,"Active"
"Averna Test India Private Limited","HNV/25-26/921","domestic","INR","PO-000616","Tax Invoice","4756.00","0.00","0.00","18.00","5612.08","5612.08","2026-03-05 13:00:45","0.00","5612.08","pending","2026-03-13 12:01:38",NULL,NULL,"Active"
"Averna Test India Private Limited","HNV/25-26/922","domestic","INR","PO-000654","Tax Invoice","11217.58","0.00","0.00","18.00","13236.74","13236.74","2026-03-05 13:03:48","0.00","13236.74","pending","2026-03-13 12:03:38",NULL,NULL,"Active"
"Averna Test India Private Limited","HNV/25-26/923","domestic","INR","PO-000606","Tax Invoice","1334.58","0.00","0.00","18.00","1574.80","1574.80","2026-03-05 13:07:04","0.00","1574.80","pending","2026-03-13 12:04:21",NULL,NULL,"Active"
"Averna Test India Private Limited","HNV/25-26/924","domestic","INR","PO-000357","Tax Invoice","16736.50","0.00","0.00","18.00","19749.07","19749.07","2026-03-05 13:10:04","0.00","19749.07","pending","2026-03-13 12:04:30",NULL,NULL,"Active"
"Averna Test India Private Limited","HNV/25-26/925","domestic","INR","PO-000355","Tax Invoice","35590.64","0.00","0.00","18.00","41996.96","41996.96","2026-03-05 13:10:36","0.00","41996.96","pending","2026-03-13 12:04:37",NULL,NULL,"Active"
"Averna Test India Private Limited","HNV/25-26/926","domestic","INR","PO-000713","Tax Invoice","809.78","0.00","0.00","18.00","955.54","955.54","2026-03-05 13:12:28","0.00","955.54","pending","2026-03-13 12:04:45",NULL,NULL,"Active"
"Averna Test India Private Limited","HNV/25-26/927","domestic","INR","PO-000357","Tax Invoice","12234.66","0.00","0.00","18.00","14436.90","14436.90","2026-03-05 13:18:20","0.00","14436.90","pending","2026-03-13 12:04:58",NULL,NULL,"Active"
"Averna Test India Private Limited","HNV/25-26/928","domestic","INR","PO-000654","Tax Invoice","12234.66","0.00","0.00","18.00","14436.90","14436.90","2026-03-05 13:22:27","0.00","14436.90","pending","2026-03-13 12:05:08",NULL,NULL,"Active"
"Averna Test India Private Limited","HNV/25-26/929","domestic","INR","PO-000604","Tax Invoice","24400.00","0.00","0.00","18.00","28792.00","28792.00","2026-03-05 13:23:18","0.00","28792.00","pending","2026-03-13 12:05:18",NULL,NULL,"Active"
"AMIDC Automation Technologies Pvt Ltd","HNV/25-26/930","domestic","INR","AMIDC-PO-FY26-00775","Tax Invoice","19500.00","9.00","9.00","0.00","23010.00","23010.00","2026-03-06 04:57:27","0.00","23010.00","pending","2026-03-14 11:00:40",NULL,NULL,"Active"
"Averna Test India Private Limited","HNV/25-26/931","domestic","INR","PO-000677","Tax Invoice","6923.00","0.00","0.00","18.00","8169.14","8169.14","2026-03-06 10:09:49","0.00","8169.14","pending","2026-03-14 11:00:49",NULL,NULL,"Active"
"Temple Private Limited","HNV/25-26/932","domestic","INR","CL/DL/PO/25-26/176","Tax Invoice","176675.00","0.00","0.00","18.00","208476.50","208476.50","2026-03-06 12:23:30","0.00","208476.50","pending","2026-03-14 11:00:57",NULL,NULL,"Active"
"Averna Test India Private Limited","HNV/25-26/933","domestic","INR","PO-000723","Tax Invoice","19440.00","0.00","0.00","18.00","22939.20","22939.20","2026-03-06 12:50:59","0.00","22939.20","pending","2026-03-14 11:01:09",NULL,NULL,"Active"
"Averna Test India Private Limited","HNV/25-26/934","domestic","INR","PO-000357","Tax Invoice","24469.32","0.00","0.00","18.00","28873.80","28873.80","2026-03-06 12:55:12","0.00","28873.80","pending","2026-03-14 11:03:17",NULL,NULL,"Active"
"Averna Test India Private Limited","HNV/25-26/935","domestic","INR","PO-000355","Tax Invoice","104041.96","0.00","0.00","18.00","122769.51","122769.51","2026-03-06 12:57:32","0.00","122769.51","pending","2026-03-14 11:03:25",NULL,NULL,"Active"
"Averna Test India Private Limited","HNV/25-26/936","domestic","INR","PO-000378","Tax Invoice","24363.52","0.00","0.00","18.00","28748.95","28748.95","2026-03-06 13:01:53","0.00","28748.95","pending","2026-03-14 11:03:33",NULL,NULL,"Active"
"Averna Test India Private Limited","HNV/25-26/937","domestic","INR","PO-000379","Tax Invoice","21656.48","0.00","0.00","18.00","25554.65","25554.65","2026-03-06 13:03:08","0.00","25554.65","pending","2026-03-14 11:03:42",NULL,NULL,"Active"
"Averna Test India Private Limited","HNV/25-26/938","domestic","INR","PO-000689","Tax Invoice","11458.98","0.00","0.00","18.00","13521.60","13521.60","2026-03-06 13:04:03","0.00","13521.60","pending","2026-03-14 11:03:50",NULL,NULL,"Active"
"Averna Test India Private Limited","HNV/25-26/939","domestic","INR","PO-000688","Tax Invoice","38502.84","0.00","0.00","18.00","45433.35","45433.35","2026-03-06 13:05:01","0.00","45433.35","pending","2026-03-14 11:04:02",NULL,NULL,"Active"
"Averna Test India Private Limited","HNV/25-26/940","domestic","INR","PO-000606","Tax Invoice","12645.00","0.00","0.00","18.00","14921.10","14921.10","2026-03-06 13:06:21","0.00","14921.10","pending","2026-03-14 11:04:12",NULL,NULL,"Active"
"Averna Test India Private Limited","HNV/25-26/941","domestic","INR","PO-000616","Tax Invoice","6167.32","0.00","0.00","18.00","7277.44","7277.44","2026-03-06 13:07:43","0.00","7277.44","pending","2026-03-14 11:06:34",NULL,NULL,"Active"
"Averna Test India Private Limited","HNV/25-26/942","domestic","INR","PO-000731","Tax Invoice","250329.90","0.00","0.00","18.00","295389.28","295389.28","2026-03-06 13:08:50","0.00","295389.28","pending","2026-03-14 11:06:43",NULL,NULL,"Active"
"Averna Test India Private Limited","HNV/25-26/943","domestic","INR","PO-000712","Tax Invoice","2317.56","0.00","0.00","18.00","2734.72","2734.72","2026-03-06 13:09:51","0.00","2734.72","pending","2026-03-14 11:06:50",NULL,NULL,"Active"
"Averna Test India Private Limited","HNV/25-26/944","domestic","INR","PO-000638","Tax Invoice","35422.00","0.00","0.00","18.00","41797.96","41797.96","2026-03-06 13:10:49","0.00","41797.96","pending","2026-03-14 11:06:58",NULL,NULL,"Active"
"Averna Test India Private Limited","HNV/25-26/945","domestic","INR","PO-000805","Tax Invoice","43130.10","0.00","0.00","18.00","50893.52","50893.52","2026-03-06 13:11:41","0.00","50893.52","pending","2026-03-14 11:07:06",NULL,NULL,"Active"
"Averna Test India Private Limited","HNV/25-26/946","domestic","INR","PO-000701","Tax Invoice","20381.00","0.00","0.00","18.00","24049.58","24049.58","2026-03-06 13:12:42","0.00","24049.58","pending","2026-03-14 11:07:13",NULL,NULL,"Active"
"Averna Test India Private Limited","HNV/25-26/947","domestic","INR","PO-000630","Tax Invoice","529.84","0.00","0.00","18.00","625.21","625.21","2026-03-06 13:13:49","0.00","625.21","pending","2026-03-14 11:07:21",NULL,NULL,"Active"
"Ultrahuman Healthcare Pvt Ltd","HNV/25-26/948","domestic","INR","UH/PO/25-26/0004498","Tax Invoice","179080.00","9.00","9.00","0.00","211314.40","211314.40","2026-03-06 13:50:14","0.00","211314.40","pending","2026-03-14 11:07:30",NULL,NULL,"Active"
"Temple Private Limited","HNV/25-26/949","domestic","INR","CL/DL/PO/25-26/176","Tax Invoice","210100.00","0.00","0.00","18.00","247918.00","247918.00","2026-03-07 11:54:30","0.00","247918.00","pending","2026-03-14 11:25:12",NULL,NULL,"Active"
"Averna Test India Private Limited","HNV/25-26/950","domestic","INR","PO-000398","Tax Invoice","7216.00","0.00","0.00","18.00","8514.88","8514.88","2026-03-07 12:15:00","0.00","8514.88","pending","2026-03-14 11:25:20",NULL,NULL,"Active"
"Averna Test India Private Limited","HNV/25-26/951","domestic","INR","PO-000713","Tax Invoice","14298.59","0.00","0.00","18.00","16872.34","16872.34","2026-03-07 12:20:14","0.00","16872.34","pending","2026-03-14 11:25:30",NULL,NULL,"Active"
"Averna Test India Private Limited","HNV/25-26/952","domestic","INR","PO-000604","Tax Invoice","119486.40","0.00","0.00","18.00","140993.95","140993.95","2026-03-07 12:21:47","0.00","140993.95","pending","2026-03-14 12:03:20",NULL,NULL,"Active"
"Averna Test India Private Limited","HNV/25-26/953","domestic","INR","PO-000616","Tax Invoice","3974.36","0.00","0.00","18.00","4689.74","4689.74","2026-03-07 12:23:45","0.00","4689.74","pending","2026-03-14 12:03:44",NULL,NULL,"Active"
"Averna Test India Private Limited","HNV/25-26/954","domestic","INR","PO-000730","Tax Invoice","21376.18","0.00","0.00","18.00","25223.89","25223.89","2026-03-07 12:27:08","0.00","25223.89","pending","2026-03-14 12:04:07",NULL,NULL,"Active"
"Averna Test India Private Limited","HNV/25-26/955","domestic","INR","PO-000703","Tax Invoice","6786.00","0.00","0.00","18.00","8007.48","8007.48","2026-03-07 12:29:32","0.00","8007.48","pending","2026-03-14 12:04:15",NULL,NULL,"Active"
"Averna Test India Private Limited","HNV/25-26/956","domestic","INR","PO-000688","Tax Invoice","33076.02","0.00","0.00","18.00","39029.70","39029.70","2026-03-07 12:31:12","0.00","39029.70","pending","2026-03-14 12:04:24",NULL,NULL,"Active"
"Averna Test India Private Limited","HNV/25-26/957","domestic","INR","PO-000689","Tax Invoice","11282.00","0.00","0.00","18.00","13312.76","13312.76","2026-03-07 12:32:34","0.00","13312.76","pending","2026-03-14 12:04:36",NULL,NULL,"Active"
"Averna Test India Private Limited","HNV/25-26/958","domestic","INR","PO-000654","Tax Invoice","24363.52","0.00","0.00","18.00","28748.95","28748.95","2026-03-07 12:35:12","0.00","28748.95","pending","2026-03-14 12:04:47",NULL,NULL,"Active"
"Ultrahuman Healthcare Pvt Ltd","HNV/25-26/959","domestic","INR","UH/PO/25-26/0004498","Tax Invoice","189200.00","9.00","9.00","0.00","223256.00","223256.00","2026-03-07 14:22:55","0.00","223256.00","pending","2026-03-14 12:04:55",NULL,NULL,"Active"
"Inteva Products India Automotive Private Ltd.","HNV/25-26/960","domestic","INR","PUN010945","Tax Invoice","23497.50","0.00","0.00","18.00","27727.05","27727.05","2026-03-09 04:37:43","0.00","27727.05","pending","2026-03-16 11:50:29",NULL,NULL,"Active"
"Inteva Products India Automotive Private Ltd.","HNV/25-26/961","domestic","INR","PUN011046","Tax Invoice","22500.00","0.00","0.00","18.00","26550.00","26550.00","2026-03-09 04:38:17","0.00","26550.00","pending","2026-03-16 11:50:43",NULL,NULL,"Active"
"Sansera Engineering Ltd Plant-11","HNV/25-26/962","domestic","INR","2240000451","Tax Invoice","57310.00","9.00","9.00","0.00","67625.80","67625.80","2026-03-09 09:01:50","67568.00","57.80","paid","2026-04-10 04:17:50","CITIN26650622416","2026-04-09","Active"
"Seakeeper","HNV/25-26/E/257","export","USD","83087","Tax Invoice","6373.00","0.00","0.00","0.00","6373.00","583766.80","2026-03-09 09:04:27","0.00","6373.00","pending","2026-03-09 09:04:27",NULL,NULL,"Active"
"Seakeeper","HNV/25-26/E/258","export","USD","83805","Tax Invoice","4686.00","0.00","0.00","0.00","4686.00","429237.60","2026-03-09 09:05:41","0.00","4686.00","pending","2026-03-09 09:05:41",NULL,NULL,"Active"
"VARGA  TECHNOLOGIES PRIVATE LIMITED","HNV/25-26/963","domestic","INR","POVTPT06-2526","Tax Invoice","28200.00","0.00","0.00","18.00","33276.00","33276.00","2026-03-09 10:31:02","33276.00","0.00","paid","2026-04-06 07:07:54","KKBKH26096741328","2026-04-06","Active"
"Averna Test India Private Limited","HNV/25-26/964","domestic","INR","PO-000688","Tax Invoice","4537.50","0.00","0.00","18.00","5354.25","5354.25","2026-03-09 11:48:20","0.00","5354.25","pending","2026-03-16 12:01:14",NULL,NULL,"Active"
"Averna Test India Private Limited","HNV/25-26/965","domestic","INR","PO-000730","Tax Invoice","13535.28","0.00","0.00","18.00","15971.63","15971.63","2026-03-09 11:50:21","0.00","15971.63","pending","2026-03-16 11:51:33",NULL,NULL,"Active"
"Averna Test India Private Limited","HNV/25-26/966","domestic","INR","PO-000423","Tax Invoice","29589.78","0.00","0.00","18.00","34915.94","34915.94","2026-03-09 11:51:35","0.00","34915.94","pending","2026-03-16 11:51:45",NULL,NULL,"Active"
"Averna Test India Private Limited","HNV/25-26/967","domestic","INR","PO-000713","Tax Invoice","4942.80","0.00","0.00","18.00","5832.50","5832.50","2026-03-09 11:53:06","0.00","5832.50","pending","2026-03-16 11:51:55",NULL,NULL,"Active"
"Averna Test India Private Limited","HNV/25-26/968","domestic","INR","PO-000654","Tax Invoice","34443.14","0.00","0.00","18.00","40642.91","40642.91","2026-03-09 12:01:42","0.00","40642.91","pending","2026-03-16 11:52:12",NULL,NULL,"Active"
"Temple Private Limited","HNV/25-26/969","domestic","INR","CL/DL/PO/25-26/176","Tax Invoice","429750.00","0.00","0.00","18.00","507105.00","507105.00","2026-03-09 12:20:11","0.00","507105.00","pending","2026-03-16 11:52:25",NULL,NULL,"Active"
"Averna Test India Private Limited","HNV/25-26/970","domestic","INR","PO-000688","Tax Invoice","11336.88","0.00","0.00","18.00","13377.52","13377.52","2026-03-09 12:23:17","0.00","13377.52","pending","2026-03-16 12:01:27",NULL,NULL,"Active"
"Averna Test India Private Limited","HNV/25-26/971","domestic","INR","PO-000689","Tax Invoice","3778.96","0.00","0.00","18.00","4459.17","4459.17","2026-03-09 12:24:06","0.00","4459.17","pending","2026-03-16 11:52:55",NULL,NULL,"Active"
"Averna Test India Private Limited","HNV/25-26/972","domestic","INR","PO-000731","Tax Invoice","104000.00","0.00","0.00","18.00","122720.00","122720.00","2026-03-09 12:38:49","0.00","122720.00","pending","2026-03-16 11:53:08",NULL,NULL,"Active"
"Averna Test India Private Limited","HNV/25-26/973","domestic","INR","PO-000713","Tax Invoice","7506.57","0.00","0.00","18.00","8857.75","8857.75","2026-03-09 12:41:43","0.00","8857.75","pending","2026-03-10 09:03:19",NULL,NULL,"Active"
"Temple Private Limited","HNV/25-26/974","domestic","INR","CL/DL/PO/25-26/176","Tax Invoice","477500.00","0.00","0.00","18.00","563450.00","563450.00","2026-03-09 12:47:31","0.00","563450.00","pending","2026-03-16 11:53:19",NULL,NULL,"Active"
"IDEAFORGE TECHNOLOGY LIMITED","HNV/25-26/975","domestic","INR","PO/OP/25-26/43894","Tax Invoice","56250.00","0.00","0.00","18.00","66375.00","66375.00","2026-03-09 13:38:07","0.00","66375.00","pending","2026-03-27 06:33:03",NULL,NULL,"Active"
"IDEAFORGE TECHNOLOGY LIMITED","HNV/25-26/976","domestic","INR","PO/OP/25-26/41346","Tax Invoice","409937.73","0.00","0.00","18.00","483726.52","483726.52","2026-03-10 12:08:59","0.00","483726.52","pending","2026-03-22 12:46:01",NULL,NULL,"Active"
"IDEAFORGE TECHNOLOGY LIMITED","HNV/25-26/977","domestic","INR","PO/OP/25-26/43894","Tax Invoice","56250.00","0.00","0.00","18.00","66375.00","66375.00","2026-03-10 12:11:39","0.00","66375.00","pending","2026-03-22 12:46:13",NULL,NULL,"Active"
"Averna Test India Private Limited","HNV/25-26/978","domestic","INR","PO-000731","Tax Invoice","191100.00","0.00","0.00","18.00","225498.00","225498.00","2026-03-10 12:51:11","0.00","225498.00","pending","2026-03-22 12:46:29",NULL,NULL,"Active"
"Averna Test India Private Limited","HNV/25-26/979","domestic","INR","PO-000713","Tax Invoice","24468.63","0.00","0.00","18.00","28872.98","28872.98","2026-03-10 12:54:13","0.00","28872.98","pending","2026-03-22 12:46:41",NULL,NULL,"Active"
"Averna Test India Private Limited","HNV/25-26/980","domestic","INR","PO-000688","Tax Invoice","24808.32","0.00","0.00","18.00","29273.82","29273.82","2026-03-10 12:55:30","0.00","29273.82","pending","2026-03-22 12:46:53",NULL,NULL,"Active"
"Averna Test India Private Limited","HNV/25-26/981","domestic","INR","PO-000616","Tax Invoice","2669.16","0.00","0.00","18.00","3149.61","3149.61","2026-03-10 12:57:30","0.00","3149.61","pending","2026-03-22 12:51:15",NULL,NULL,"Active"
"Averna Test India Private Limited","HNV/25-26/982","domestic","INR","PO-000654","Tax Invoice","10009.68","0.00","0.00","18.00","11811.42","11811.42","2026-03-10 12:58:32","0.00","11811.42","pending","2026-03-22 12:51:32",NULL,NULL,"Active"
"Averna Test India Private Limited","HNV/25-26/983","domestic","INR","PO-000357","Tax Invoice","4449.94","0.00","0.00","18.00","5250.93","5250.93","2026-03-10 12:59:48","0.00","5250.93","pending","2026-03-22 12:51:44",NULL,NULL,"Active"
"Averna Test India Private Limited","HNV/25-26/984","domestic","INR","PO-000605","Tax Invoice","17795.32","0.00","0.00","18.00","20998.48","20998.48","2026-03-10 13:00:35","0.00","20998.48","pending","2026-03-22 12:51:58",NULL,NULL,"Active"
"R.P.Network System","HNV/25-26/985","domestic","INR","Mail Confrimation","Tax Invoice","30000.00","9.00","9.00","0.00","35400.00","35400.00","2026-03-10 13:09:00","35400.00","0.00","paid","2026-03-22 12:52:10","UPI 606956410606","2026-03-10","Active"
"Averna Test India Private Limited","HNV/25-26/986","domestic","INR","PO-000652","Tax Invoice","4970.00","0.00","0.00","18.00","5864.60","5864.60","2026-03-10 13:17:24","0.00","5864.60","pending","2026-03-22 12:52:27",NULL,NULL,"Active"
"Micropoise Measurement Systems Ametek ","HNV/25-26/E/259","export","USD","FA-011426-0001","Tax Invoice","975.00","0.00","0.00","0.00","975.00","89310.00","2026-03-10 13:39:46","0.00","975.00","pending","2026-03-10 13:39:46",NULL,NULL,"Active"
"AMIDC Automation Technologies Pvt Ltd","HNV/25-26/987","domestic","INR","AMIDC-PO-FY26-00830","Tax Invoice","151780.00","9.00","9.00","0.00","179100.40","179100.40","2026-03-11 12:26:52","0.00","179100.40","pending","2026-03-27 04:33:29",NULL,NULL,"Active"
"Averna Test India Private Limited","HNV/25-26/988","domestic","INR","PO-000731","Tax Invoice","231930.80","0.00","0.00","18.00","273678.34","273678.34","2026-03-11 12:28:59","0.00","273678.34","pending","2026-03-27 04:33:49",NULL,NULL,"Active"
"Averna Test India Private Limited","HNV/25-26/989","domestic","INR","PO-000720","Tax Invoice","7619.00","0.00","0.00","18.00","8990.42","8990.42","2026-03-11 12:30:29","0.00","8990.42","pending","2026-03-27 04:34:01",NULL,NULL,"Active"
"Averna Test India Private Limited","HNV/25-26/990","domestic","INR","PO-000713","Tax Invoice","5792.34","0.00","0.00","18.00","6834.96","6834.96","2026-03-11 12:31:50","0.00","6834.96","pending","2026-03-27 04:34:17",NULL,NULL,"Active"
"Averna Test India Private Limited","HNV/25-26/991","domestic","INR","PO-000701","Tax Invoice","9967.11","0.00","0.00","18.00","11761.19","11761.19","2026-03-11 12:32:49","0.00","11761.19","pending","2026-03-27 04:34:28",NULL,NULL,"Active"
"Averna Test India Private Limited","HNV/25-26/992","domestic","INR","PO-000703","Tax Invoice","5215.00","0.00","0.00","18.00","6153.70","6153.70","2026-03-11 12:33:48","0.00","6153.70","pending","2026-03-27 04:34:40",NULL,NULL,"Active"
"Averna Test India Private Limited","HNV/25-26/993","domestic","INR","PO-000700","Tax Invoice","14225.76","0.00","0.00","18.00","16786.40","16786.40","2026-03-11 12:34:48","0.00","16786.40","pending","2026-03-27 04:34:49",NULL,NULL,"Active"
"Averna Test India Private Limited","HNV/25-26/994","domestic","INR","PO-000712","Tax Invoice","34231.18","0.00","0.00","18.00","40392.79","40392.79","2026-03-11 12:35:43","0.00","40392.79","pending","2026-03-27 04:35:00",NULL,NULL,"Active"
"Averna Test India Private Limited","HNV/25-26/995","domestic","INR","PO-000699","Tax Invoice","10333.34","0.00","0.00","18.00","12193.34","12193.34","2026-03-11 12:36:34","0.00","12193.34","pending","2026-03-27 04:35:11",NULL,NULL,"Active"
"Averna Test India Private Limited","HNV/25-26/996","domestic","INR","PO-000654","Tax Invoice","47785.92","0.00","0.00","18.00","56387.39","56387.39","2026-03-11 12:38:17","0.00","56387.39","pending","2026-03-27 04:35:24",NULL,NULL,"Active"
"Averna Test India Private Limited","HNV/25-26/997","domestic","INR","PO-000653","Tax Invoice","7562.58","0.00","0.00","18.00","8923.84","8923.84","2026-03-11 12:39:06","0.00","8923.84","pending","2026-03-27 04:35:34",NULL,NULL,"Active"
"Averna Test India Private Limited","HNV/25-26/998","domestic","INR","PO-000675","Tax Invoice","18375.00","0.00","0.00","18.00","21682.50","21682.50","2026-03-11 12:40:00","0.00","21682.50","pending","2026-03-27 04:35:46",NULL,NULL,"Active"
"Averna Test India Private Limited","HNV/25-26/999","domestic","INR","PO-000689","Tax Invoice","7225.16","0.00","0.00","18.00","8525.69","8525.69","2026-03-11 12:43:29","0.00","8525.69","pending","2026-03-27 04:35:54",NULL,NULL,"Active"
"Ultrahuman Healthcare Pvt Ltd","HNV/25-26/1000","domestic","INR","UH/PO/25-26/0004597","Tax Invoice","12600.00","9.00","9.00","0.00","14868.00","14868.00","2026-03-11 12:50:54","0.00","14868.00","pending","2026-03-27 04:36:06",NULL,NULL,"Active"
"Ultrahuman Healthcare Pvt Ltd","HNV/25-26/1001","domestic","INR","UH/PO/25-26/0004498","Tax Invoice","225720.00","9.00","9.00","0.00","266349.60","266349.60","2026-03-11 12:56:01","0.00","266349.60","pending","2026-03-27 04:36:17",NULL,NULL,"Active"
"IDEAFORGE TECHNOLOGY LIMITED","HNV/25-26/1002","domestic","INR","PO/OP/25-26/43894","Tax Invoice","8318.00","0.00","0.00","18.00","9815.24","9815.24","2026-03-11 13:05:01","0.00","9815.24","pending","2026-03-27 04:36:29",NULL,NULL,"Active"
"Averna Test India Private Limited","HNV/25-26/1003","domestic","INR","PO-000688","Tax Invoice","20475.36","0.00","0.00","18.00","24160.92","24160.92","2026-03-11 13:30:33","0.00","24160.92","pending","2026-03-27 04:40:12",NULL,NULL,"Active"
"Averna Test India Private Limited","HNV/25-26/1004","domestic","INR","PO-000689","Tax Invoice","6825.12","0.00","0.00","18.00","8053.64","8053.64","2026-03-11 13:31:14","0.00","8053.64","pending","2026-03-27 04:36:52",NULL,NULL,"Active"
"AMIDC Automation Technologies Pvt Ltd","HNV/25-26/1005","domestic","INR","AMIDC-PO-FY26-00778","Tax Invoice","95000.00","9.00","9.00","0.00","112100.00","112100.00","2026-03-11 14:02:47","0.00","112100.00","pending","2026-03-27 04:37:05",NULL,NULL,"Active"
"AMIDC Automation Technologies Pvt Ltd","HNV/25-26/1006","domestic","INR","AMIDC-PO-FY26-00848","Tax Invoice","138636.00","9.00","9.00","0.00","163590.48","163590.48","2026-03-11 14:09:06","0.00","163590.48","pending","2026-04-07 10:51:42",NULL,NULL,"Active"
"Averna Test India Private Limited","HNV/25-26/1007","domestic","INR","PO-000398","Tax Invoice","268800.00","0.00","0.00","18.00","317184.00","317184.00","2026-03-12 10:58:01","0.00","317184.00","pending","2026-03-27 05:00:25",NULL,NULL,"Active"
"Averna Test India Private Limited","HNV/25-26/1008","domestic","INR","PO-000604","Tax Invoice","36960.00","0.00","0.00","18.00","43612.80","43612.80","2026-03-12 11:02:22","0.00","43612.80","pending","2026-03-27 05:00:34",NULL,NULL,"Active"
"Averna Test India Private Limited","HNV/25-26/1009","domestic","INR","PO-000731","Tax Invoice","547200.00","0.00","0.00","18.00","645696.00","645696.00","2026-03-12 11:05:37","0.00","645696.00","pending","2026-03-27 05:00:42",NULL,NULL,"Active"
"Averna Test India Private Limited","HNV/25-26/1010","domestic","INR","PO-000769","Tax Invoice","4563.00","0.00","0.00","18.00","5384.34","5384.34","2026-03-12 11:06:42","0.00","5384.34","pending","2026-03-27 05:00:50",NULL,NULL,"Active"
"Averna Test India Private Limited","HNV/25-26/1011","domestic","INR","PO-000730","Tax Invoice","9767.64","0.00","0.00","18.00","11525.82","11525.82","2026-03-12 11:07:39","0.00","11525.82","pending","2026-03-27 05:00:57",NULL,NULL,"Active"
"Averna Test India Private Limited","HNV/25-26/1012","domestic","INR","PO-000817","Tax Invoice","47382.40","0.00","0.00","18.00","55911.23","55911.23","2026-03-12 12:09:00","0.00","55911.23","pending","2026-03-27 05:01:06",NULL,NULL,"Active"
"Averna Test India Private Limited","HNV/25-26/1013","domestic","INR","PO-000731","Tax Invoice","224203.20","0.00","0.00","18.00","264559.78","264559.78","2026-03-12 12:10:44","0.00","264559.78","pending","2026-03-27 05:01:25",NULL,NULL,"Active"
"Averna Test India Private Limited","HNV/25-26/1014","domestic","INR","PO-000805","Tax Invoice","18189.76","0.00","0.00","18.00","21463.92","21463.92","2026-03-12 12:11:55","0.00","21463.92","pending","2026-03-27 05:01:33",NULL,NULL,"Active"
"Averna Test India Private Limited","HNV/25-26/1015","domestic","INR","PO-000713","Tax Invoice","1812.48","0.00","0.00","18.00","2138.73","2138.73","2026-03-12 12:12:57","0.00","2138.73","pending","2026-03-27 05:01:41",NULL,NULL,"Active"
"Averna Test India Private Limited","HNV/25-26/1016","domestic","INR","PO-000689","Tax Invoice","7189.76","0.00","0.00","18.00","8483.92","8483.92","2026-03-12 12:14:19","0.00","8483.92","pending","2026-03-27 05:01:49",NULL,NULL,"Active"
"Averna Test India Private Limited","HNV/25-26/1017","domestic","INR","PO-000688","Tax Invoice","2814.36","0.00","0.00","18.00","3320.94","3320.94","2026-03-12 12:15:13","0.00","3320.94","pending","2026-03-27 05:01:59",NULL,NULL,"Active"
"Averna Test India Private Limited","HNV/25-26/1018","domestic","INR","PO-000652","Tax Invoice","13060.00","0.00","0.00","18.00","15410.80","15410.80","2026-03-12 12:17:11","0.00","15410.80","pending","2026-03-27 05:02:07",NULL,NULL,"Active"
"Averna Test India Private Limited","HNV/25-26/1019","domestic","INR","PO-000652","Tax Invoice","14000.00","0.00","0.00","18.00","16520.00","16520.00","2026-03-12 12:19:10","0.00","16520.00","pending","2026-03-27 05:02:15",NULL,NULL,"Active"
"Averna Test India Private Limited","HNV/25-26/1020","domestic","INR","PO-000720","Tax Invoice","12634.00","0.00","0.00","18.00","14908.12","14908.12","2026-03-12 12:24:05","0.00","14908.12","pending","2026-03-27 05:02:24",NULL,NULL,"Active"
"Averna Test India Private Limited","HNV/25-26/1021","domestic","INR","PO-000605","Tax Invoice","12635.62","0.00","0.00","18.00","14910.03","14910.03","2026-03-12 12:24:48","0.00","14910.03","pending","2026-03-27 05:02:31",NULL,NULL,"Active"
"Averna Test India Private Limited","HNV/25-26/1022","domestic","INR","PO-000687","Tax Invoice","12635.62","0.00","0.00","18.00","14910.03","14910.03","2026-03-12 12:25:48","0.00","14910.03","pending","2026-03-27 05:02:38",NULL,NULL,"Active"
"AMIDC Automation Technologies Pvt Ltd","HNV/25-26/1023","domestic","INR","AMIDC-PO-FY26-00738","Tax Invoice","16000.00","9.00","9.00","0.00","18880.00","18880.00","2026-03-12 12:31:32","0.00","18880.00","pending","2026-03-27 05:02:48",NULL,NULL,"Active"
"Ultrahuman Healthcare Pvt Ltd","HNV/25-26/1024","domestic","INR","UH/PO/25-26/0004498","Tax Invoice","258500.00","9.00","9.00","0.00","305030.00","305030.00","2026-03-12 12:56:55","0.00","305030.00","pending","2026-03-27 05:02:56",NULL,NULL,"Active"
"Micropoise Measurement Systems Ametek ","HNV/25-26/E/260","export","USD","PR-011526-0004","Tax Invoice","255.00","0.00","0.00","0.00","255.00","23625.75","2026-03-13 07:50:58","0.00","255.00","pending","2026-04-08 15:02:41",NULL,NULL,"Active"
"Nimble Robotics","HNV/25-26/E/261","export","USD","PO178","Tax Invoice","73.50","0.00","0.00","0.00","73.50","6732.60","2026-03-13 09:37:56","0.00","73.50","pending","2026-03-13 09:37:56",NULL,NULL,"Active"
"V M MANUFACTURERS","HNV/25-26/1025","domestic","INR","Mail Confrimation","Tax Invoice","16000.00","9.00","9.00","0.00","18880.00","18880.00","2026-03-13 11:54:35","0.00","18880.00","pending","2026-03-27 05:10:11",NULL,NULL,"Active"
"Ametek Instruments India Pvt Ltd.","HNV/25-26/1026","domestic","INR","PO/25-26/01293","Tax Invoice","6900.00","9.00","9.00","0.00","8142.00","8142.00","2026-03-13 13:02:43","0.00","8142.00","pending","2026-03-27 05:10:19",NULL,NULL,"Active"
"Ultrahuman Healthcare Pvt Ltd","HNV/25-26/1027","domestic","INR","UH/PO/25-26/0004498","Tax Invoice","297220.00","9.00","9.00","0.00","350719.60","350719.60","2026-03-13 13:12:06","0.00","350719.60","pending","2026-03-27 05:10:28",NULL,NULL,"Active"
"IDEAFORGE TECHNOLOGY LIMITED","HNV/25-26/1028","domestic","INR","PO/OP/25-26/44532","Tax Invoice","42344.60","0.00","0.00","18.00","49966.63","49966.63","2026-03-13 13:30:56","0.00","49966.63","pending","2026-03-27 05:10:36",NULL,NULL,"Active"
"AGILITY ROBOTICS","HNV/25-26/E/262","export","USD","211265","Tax Invoice","2390.31","0.00","0.00","0.00","2390.31","218952.40","2026-03-14 09:17:50","0.00","2390.31","pending","2026-03-14 09:38:27",NULL,NULL,"Active"
"Wilder Technologies, LLC","HNV/25-26/E/263","export","USD","6062","Tax Invoice","1998.75","0.00","0.00","0.00","1998.75","185184.19","2026-03-14 10:25:21","1998.75","0.00","paid","2026-04-17 09:11:05","3132036106ES","2026-04-16","Active"
"Wilder Technologies, LLC","HNV/25-26/E/264","export","USD","6073","Tax Invoice","65.60","0.00","0.00","0.00","65.60","6077.84","2026-03-14 10:26:17","65.60","0.00","paid","2026-04-17 09:11:21","3132036106ES","2026-04-16","Active"
"Nittoku","HNV/25-26/E/265","export","EUR","PO-53425","Tax Invoice","261.86","0.00","0.00","0.00","261.86","27495.30","2026-03-14 11:42:13","0.00","261.86","pending","2026-03-26 09:29:56",NULL,NULL,"Active"
"Averna Test India Private Limited","HNV/25-26/1029","domestic","INR","PO-000731","Tax Invoice","112000.00","0.00","0.00","18.00","132160.00","132160.00","2026-03-14 12:05:27","0.00","132160.00","pending","2026-03-30 09:27:24",NULL,NULL,"Active"
"Averna Test India Private Limited","HNV/25-26/1030","domestic","INR","PO-000652","Tax Invoice","9384.00","0.00","0.00","18.00","11073.12","11073.12","2026-03-14 12:09:24","0.00","11073.12","pending","2026-03-30 09:53:38",NULL,NULL,"Active"
"Averna Test India Private Limited","HNV/25-26/1031","domestic","INR","PO-000730","Tax Invoice","4449.94","0.00","0.00","18.00","5250.93","5250.93","2026-03-14 12:10:22","0.00","5250.93","pending","2026-03-30 09:53:47",NULL,NULL,"Active"
"Averna Test India Private Limited","HNV/25-26/1032","domestic","INR","PO-000654","Tax Invoice","114982.48","0.00","0.00","18.00","135679.33","135679.33","2026-03-14 12:12:30","0.00","135679.33","pending","2026-03-30 09:53:55",NULL,NULL,"Active"
"Averna Test India Private Limited","HNV/25-26/1033","domestic","INR","PO-000652","Tax Invoice","31000.00","0.00","0.00","18.00","36580.00","36580.00","2026-03-14 12:15:05","0.00","36580.00","pending","2026-03-30 09:54:05",NULL,NULL,"Active"
"Averna Test India Private Limited","HNV/25-26/1034","domestic","INR","PO-000713","Tax Invoice","4107.30","0.00","0.00","18.00","4846.61","4846.61","2026-03-14 12:16:21","0.00","4846.61","pending","2026-03-30 09:54:18",NULL,NULL,"Active"
"Averna Test India Private Limited","HNV/25-26/1035","domestic","INR","PO-000687","Tax Invoice","52020.98","0.00","0.00","18.00","61384.76","61384.76","2026-03-14 12:17:13","0.00","61384.76","pending","2026-03-30 09:54:27",NULL,NULL,"Active"
"Averna Test India Private Limited","HNV/25-26/1036","domestic","INR","PO-000868","Tax Invoice","13480.32","0.00","0.00","18.00","15906.78","15906.78","2026-03-14 12:24:36","0.00","15906.78","pending","2026-03-30 09:54:37",NULL,NULL,"Active"
"NW Engineering Private Limited ","HNV/25-26/1037","domestic","INR","PR284","Tax Invoice","18900.00","9.00","9.00","0.00","22302.00","22302.00","2026-03-16 04:50:18","0.00","22302.00","pending","2026-04-02 09:58:32",NULL,NULL,"Active"
"RAAD SYSTEMS PRIVATE LIMITED","HNV/25-26/1038","domestic","INR","RSPL1093-IN-25-26","Tax Invoice","15450.00","9.00","9.00","0.00","18231.00","18231.00","2026-03-16 06:02:44","18231.00","0.00","paid","2026-04-01 11:17:34","HDFCR52026032586749873","2026-03-25","Active"
"Ultrahuman Healthcare Pvt Ltd","HNV/25-26/1039","domestic","INR","UH/PO/25-26/0004539","Tax Invoice","19300.00","9.00","9.00","0.00","22774.00","22774.00","2026-03-16 11:23:12","0.00","22774.00","pending","2026-04-01 11:17:42",NULL,NULL,"Active"
"Ultrahuman Healthcare Pvt Ltd","HNV/25-26/1040","domestic","INR","UH/PO/25-26/0004498","Tax Invoice","356400.00","9.00","9.00","0.00","420552.00","420552.00","2026-03-16 12:49:44","0.00","420552.00","pending","2026-04-01 11:17:51",NULL,NULL,"Active"
"Averna Test India Private Limited","HNV/25-26/1041","domestic","INR","PO-000808","Tax Invoice","10828.24","0.00","0.00","18.00","12777.32","12777.32","2026-03-16 13:03:00","0.00","12777.32","pending","2026-04-01 11:17:59",NULL,NULL,"Active"
"Averna Test India Private Limited","HNV/25-26/1042","domestic","INR","PO-000378","Tax Invoice","10828.24","0.00","0.00","18.00","12777.32","12777.32","2026-03-16 13:03:47","0.00","12777.32","pending","2026-04-01 11:18:09",NULL,NULL,"Active"
"Averna Test India Private Limited","HNV/25-26/1043","domestic","INR","PO-000822","Tax Invoice","10529.40","0.00","0.00","18.00","12424.69","12424.69","2026-03-16 13:04:40","0.00","12424.69","pending","2026-04-01 11:18:19",NULL,NULL,"Active"
"Averna Test India Private Limited","HNV/25-26/1044","domestic","INR","PO-000731","Tax Invoice","227110.15","0.00","0.00","18.00","267989.98","267989.98","2026-03-16 13:06:09","0.00","267989.98","pending","2026-04-01 11:18:27",NULL,NULL,"Active"
"Averna Test India Private Limited","HNV/25-26/1045","domestic","INR","PO-000654","Tax Invoice","17402.66","0.00","0.00","18.00","20535.14","20535.14","2026-03-16 13:08:15","0.00","20535.14","pending","2026-04-01 11:18:36",NULL,NULL,"Active"
"Averna Test India Private Limited","HNV/25-26/1046","domestic","INR","PO-000701","Tax Invoice","24514.16","0.00","0.00","18.00","28926.71","28926.71","2026-03-16 13:09:14","0.00","28926.71","pending","2026-04-01 11:18:46",NULL,NULL,"Active"
"Averna Test India Private Limited","HNV/25-26/1047","domestic","INR","PO-000378","Tax Invoice","5414.12","0.00","0.00","18.00","6388.66","6388.66","2026-03-16 13:25:07","0.00","6388.66","pending","2026-04-01 11:18:55",NULL,NULL,"Active"
"IDEAFORGE TECHNOLOGY LIMITED","HNV/25-26/1048","domestic","INR","PO/OP/25-26/44532","Tax Invoice","42304.58","0.00","0.00","18.00","49919.40","49919.40","2026-03-16 13:43:32","0.00","49919.40","pending","2026-04-01 11:19:05",NULL,NULL,"Active"
"Temple Private Limited","HNV/25-26/1049","domestic","INR","CL/DL/PO/25-26/165","Tax Invoice","85950.00","0.00","0.00","18.00","101421.00","101421.00","2026-03-16 13:56:41","0.00","101421.00","pending","2026-04-01 11:19:16",NULL,NULL,"Active"
"RIX INDIA MANUFACTURING PRIVATE LIMITED","HNV/25-26/1050","domestic","INR","RIM-KG-HAV-20260306001","Tax Invoice","4250.00","9.00","9.00","0.00","5015.00","5015.00","2026-03-17 04:32:15","5015.00","0.00","paid","2026-04-01 11:20:31","MHCBHMIZ01348460","2026-03-31","Active"
"Nittoku","HNV/25-26/E/266","export","EUR","PO-53425","Tax Invoice","21.85","0.00","0.00","0.00","21.85","2294.25","2026-03-17 04:56:41","0.00","21.85","pending","2026-03-26 09:29:34",NULL,NULL,"Active"
"Averna Test India Private Limited","HNV/25-26/1051","domestic","INR","PO-000654","Tax Invoice","68671.56","0.00","0.00","18.00","81032.44","81032.44","2026-03-17 12:36:14","0.00","81032.44","pending","2026-04-01 11:20:40",NULL,NULL,"Active"
"Averna Test India Private Limited","HNV/25-26/1052","domestic","INR","PO-000701","Tax Invoice","4011.23","0.00","0.00","18.00","4733.25","4733.25","2026-03-17 12:38:26","0.00","4733.25","pending","2026-04-01 11:20:48",NULL,NULL,"Active"
"Averna Test India Private Limited","HNV/25-26/1053","domestic","INR","PO-000652","Tax Invoice","5400.00","0.00","0.00","18.00","6372.00","6372.00","2026-03-17 12:41:16","0.00","6372.00","pending","2026-04-01 11:20:57",NULL,NULL,"Active"
"Averna Test India Private Limited","HNV/25-26/1054","domestic","INR","PO-000731","Tax Invoice","863218.40","0.00","0.00","18.00","1018597.71","1018597.71","2026-03-17 12:43:59","0.00","1018597.71","pending","2026-04-01 11:21:05",NULL,NULL,"Active"
"Averna Test India Private Limited","HNV/25-26/1055","domestic","INR","PO-000713","Tax Invoice","3891.00","0.00","0.00","18.00","4591.38","4591.38","2026-03-17 12:49:11","0.00","4591.38","pending","2026-04-01 11:21:14",NULL,NULL,"Active"
"Ultrahuman Healthcare Pvt Ltd","HNV/25-26/1056","domestic","INR","UH/PO/25-26/0004498","Tax Invoice","235840.00","9.00","9.00","0.00","278291.20","278291.20","2026-03-17 13:04:25","0.00","278291.20","pending","2026-04-01 11:21:23",NULL,NULL,"Active"
"IDEAFORGE TECHNOLOGY LIMITED","HNV/25-26/1057","domestic","INR","PO/OP/25-26/44532","Tax Invoice","46835.14","0.00","0.00","18.00","55265.47","55265.47","2026-03-17 13:11:05","0.00","55265.47","pending","2026-04-01 11:21:32",NULL,NULL,"Active"
"IDEAFORGE TECHNOLOGY LIMITED","HNV/25-26/1058","domestic","INR","PO/OP/25-26/44532","Tax Invoice","16377.24","0.00","0.00","18.00","19325.14","19325.14","2026-03-17 13:55:35","0.00","19325.14","pending","2026-04-01 12:28:38",NULL,NULL,"Active"
"Gee Keyy Engineering Co","HNV/25-26/1059","domestic","INR","252601144","Tax Invoice","540700.00","0.00","0.00","18.00","638026.00","638026.00","2026-03-18 05:35:43","0.00","638026.00","pending","2026-04-02 11:50:52",NULL,NULL,"Active"
"AMIDC Automation Technologies Pvt Ltd","HNV/25-26/1060","domestic","INR","AMIDC-PO-FY26-00881","Tax Invoice","43076.00","9.00","9.00","0.00","50829.68","50829.68","2026-03-18 09:03:06","0.00","50829.68","pending","2026-04-02 11:48:13",NULL,NULL,"Active"
"AMIDC Automation Technologies Pvt Ltd","HNV/25-26/1061","domestic","INR","AMIDC-PO-FY26-00891","Tax Invoice","80000.00","9.00","9.00","0.00","94400.00","94400.00","2026-03-18 11:08:40","0.00","94400.00","pending","2026-04-02 11:48:20",NULL,NULL,"Active"
"AMIDC Automation Technologies Pvt Ltd","HNV/25-26/1062","domestic","INR","AMIDC-PO-FY26-00894","Tax Invoice","40000.00","9.00","9.00","0.00","47200.00","47200.00","2026-03-18 11:27:11","0.00","47200.00","pending","2026-03-18 11:27:10",NULL,NULL,"Active"
"Averna Test India Private Limited","HNV/25-26/1063","domestic","INR","PO-000713","Tax Invoice","3412.56","0.00","0.00","18.00","4026.82","4026.82","2026-03-18 12:08:52","0.00","4026.82","pending","2026-04-02 11:37:38",NULL,NULL,"Active"
"Averna Test India Private Limited","HNV/25-26/1064","domestic","INR","PO-000701","Tax Invoice","3851.92","0.00","0.00","18.00","4545.27","4545.27","2026-03-18 12:09:58","0.00","4545.27","pending","2026-04-02 11:37:46",NULL,NULL,"Active"
"Averna Test India Private Limited","HNV/25-26/1065","domestic","INR","PO-000687","Tax Invoice","48518.92","0.00","0.00","18.00","57252.33","57252.33","2026-03-18 12:11:39","0.00","57252.33","pending","2026-04-02 11:37:53",NULL,NULL,"Active"
"Averna Test India Private Limited","HNV/25-26/1066","domestic","INR","PO-000533","Tax Invoice","6600.00","0.00","0.00","18.00","7788.00","7788.00","2026-03-18 12:13:10","0.00","7788.00","pending","2026-04-02 11:38:00",NULL,NULL,"Active"
"Averna Test India Private Limited","HNV/25-26/1067","domestic","INR","PO-000608","Tax Invoice","6359.00","0.00","0.00","18.00","7503.62","7503.62","2026-03-18 12:16:04","0.00","7503.62","pending","2026-04-02 11:38:08",NULL,NULL,"Active"
"Averna Test India Private Limited","HNV/25-26/1068","domestic","INR","PO-000703","Tax Invoice","6359.00","0.00","0.00","18.00","7503.62","7503.62","2026-03-18 12:17:03","0.00","7503.62","pending","2026-04-02 11:38:15",NULL,NULL,"Active"
"Averna Test India Private Limited","HNV/25-26/1069","domestic","INR","PO-000731","Tax Invoice","63042.45","0.00","0.00","18.00","74390.09","74390.09","2026-03-18 12:34:52","0.00","74390.09","pending","2026-04-02 11:38:24",NULL,NULL,"Active"
"Averna Test India Private Limited","HNV/25-26/1070","domestic","INR","PO-000654","Tax Invoice","13009.68","0.00","0.00","18.00","15351.42","15351.42","2026-03-18 12:36:55","0.00","15351.42","pending","2026-04-02 11:38:45",NULL,NULL,"Active"
"IDEAFORGE TECHNOLOGY LIMITED","HNV/25-26/1071","domestic","INR","PO/OP/25-26/44532","Tax Invoice","21636.91","0.00","0.00","18.00","25531.55","25531.55","2026-03-18 12:47:33","0.00","25531.55","pending","2026-04-02 11:38:58",NULL,NULL,"Active"
"Ultrahuman Healthcare Pvt Ltd","HNV/25-26/1072","domestic","INR","UH/PO/25-26/0004498","Tax Invoice","311080.00","9.00","9.00","0.00","367074.40","367074.40","2026-03-18 12:54:25","0.00","367074.40","pending","2026-04-02 11:39:04",NULL,NULL,"Active"
"Averna Test India Private Limited","HNV/25-26/1073","domestic","INR","PO-000731","Tax Invoice","36000.00","0.00","0.00","18.00","42480.00","42480.00","2026-03-18 13:51:53","0.00","42480.00","pending","2026-04-02 11:39:15",NULL,NULL,"Active"
"Averna Test India Private Limited","HNV/25-26/1074","domestic","INR","PO-000731","Tax Invoice","372916.00","0.00","0.00","18.00","440040.88","440040.88","2026-03-19 08:18:58","0.00","440040.88","pending","2026-04-02 11:39:21",NULL,NULL,"Active"
"Averna Test India Private Limited","HNV/25-26/1075","domestic","INR","PO-000652","Tax Invoice","16500.00","0.00","0.00","18.00","19470.00","19470.00","2026-03-19 11:42:51","0.00","19470.00","pending","2026-04-02 11:39:30",NULL,NULL,"Active"
"Averna Test India Private Limited","HNV/25-26/1076","domestic","INR","PO-000731","Tax Invoice","249480.00","0.00","0.00","18.00","294386.40","294386.40","2026-03-19 11:51:46","0.00","294386.40","pending","2026-04-02 11:39:38",NULL,NULL,"Active"
"Averna Test India Private Limited","HNV/25-26/1077","domestic","INR","PO-000604","Tax Invoice","21120.00","0.00","0.00","18.00","24921.60","24921.60","2026-03-19 11:53:52","0.00","24921.60","pending","2026-04-02 11:39:46",NULL,NULL,"Active"
"Averna Test India Private Limited","HNV/25-26/1078","domestic","INR","PO-000730","Tax Invoice","6673.12","0.00","0.00","18.00","7874.28","7874.28","2026-03-19 12:06:11","0.00","7874.28","pending","2026-04-02 11:39:52",NULL,NULL,"Active"
"IDEAFORGE TECHNOLOGY LIMITED","HNV/25-26/1079","domestic","INR","PO/OP/25-26/44532","Tax Invoice","41465.16","0.00","0.00","18.00","48928.89","48928.89","2026-03-19 12:24:36","0.00","48928.89","pending","2026-04-02 11:39:59",NULL,NULL,"Active"
"AMIDC Automation Technologies Pvt Ltd","HNV/25-26/1080","domestic","INR","AMIDC-PO-FY26-00897","Tax Invoice","65184.00","9.00","9.00","0.00","76917.12","76917.12","2026-03-20 05:38:11","0.00","76917.12","pending","2026-04-02 11:40:09",NULL,NULL,"Active"
"LARSEN And TOUBRO LIMITED","HNV/25-26/1081","domestic","INR","07L019566","Tax Invoice","2409000.00","0.00","0.00","18.00","2842620.00","2842620.00","2026-03-20 11:11:08","0.00","2842620.00","pending","2026-03-21 04:36:56",NULL,NULL,"Active"
"Averna Test India Private Limited","HNV/25-26/1082","domestic","INR","PO-000701","Tax Invoice","10735.18","0.00","0.00","18.00","12667.51","12667.51","2026-03-20 11:38:10","0.00","12667.51","pending","2026-04-02 11:50:43",NULL,NULL,"Active"
"Averna Test India Private Limited","HNV/25-26/1083","domestic","INR","PO-000630","Tax Invoice","7426.71","0.00","0.00","18.00","8763.52","8763.52","2026-03-20 11:41:01","0.00","8763.52","pending","2026-04-02 11:40:34",NULL,NULL,"Active"
"Averna Test India Private Limited","HNV/25-26/1084","domestic","INR","PO-000713","Tax Invoice","500.00","0.00","0.00","18.00","590.00","590.00","2026-03-20 11:44:15","0.00","590.00","pending","2026-04-02 11:40:42",NULL,NULL,"Active"
"Averna Test India Private Limited","HNV/25-26/1085","domestic","INR","PO-000731","Tax Invoice","7500.00","0.00","0.00","18.00","8850.00","8850.00","2026-03-20 11:45:50","0.00","8850.00","pending","2026-04-02 11:40:51",NULL,NULL,"Active"
"Temple Private Limited","HNV/25-26/1086","domestic","INR","CL/DL/PO/25-26/176","Tax Invoice","19100.00","0.00","0.00","18.00","22538.00","22538.00","2026-03-20 12:36:29","0.00","22538.00","pending","2026-04-02 11:41:00",NULL,NULL,"Active"
"Averna Test India Private Limited","HNV/25-26/1087","domestic","INR","PO-000357","Tax Invoice","44791.19","0.00","0.00","18.00","52853.60","52853.60","2026-03-20 12:53:53","0.00","52853.60","pending","2026-04-02 11:41:09",NULL,NULL,"Active"
"Averna Test India Private Limited","HNV/25-26/1088","domestic","INR","PO-000730","Tax Invoice","37912.24","0.00","0.00","18.00","44736.44","44736.44","2026-03-20 12:56:33","0.00","44736.44","pending","2026-04-02 11:41:54",NULL,NULL,"Active"
"Averna Test India Private Limited","HNV/25-26/1089","domestic","INR","PO-000713","Tax Invoice","9527.03","0.00","0.00","18.00","11241.90","11241.90","2026-03-20 13:54:32","0.00","11241.90","pending","2026-04-02 11:42:02",NULL,NULL,"Active"
"IDEAFORGE TECHNOLOGY LIMITED","HNV/25-26/1090","domestic","INR","PO/OP/25-26/44532","Tax Invoice","14237.38","0.00","0.00","18.00","16800.11","16800.11","2026-03-20 14:03:44","0.00","16800.11","pending","2026-04-02 11:42:12",NULL,NULL,"Active"
"Temple Private Limited","HNV/25-26/1091","domestic","INR","Mail Confrimation","Tax Invoice","23000.00","0.00","0.00","18.00","27140.00","27140.00","2026-03-21 06:43:23","0.00","27140.00","pending","2026-04-02 11:42:23",NULL,NULL,"Active"
"Temple Private Limited","HNV/25-26/1092","domestic","INR","Mail Confrimation","Tax Invoice","20000.00","0.00","0.00","18.00","23600.00","23600.00","2026-03-21 06:46:10","0.00","23600.00","pending","2026-04-02 11:42:34",NULL,NULL,"Active"
"Wilder Technologies, LLC","HNV/25-26/E/267","export","USD","6072","Tax Invoice","175.00","0.00","0.00","0.00","175.00","16213.75","2026-03-21 06:48:58","175.00","0.00","paid","2026-04-17 09:11:39","3132036106ES","2026-04-16","Active"
"Temple Private Limited","HNV/25-26/1093","domestic","INR","Mail Confrimation","Tax Invoice","63000.00","0.00","0.00","18.00","74340.00","74340.00","2026-03-21 07:14:59","0.00","74340.00","pending","2026-04-02 11:42:42",NULL,NULL,"Active"
"Temple Private Limited","HNV/25-26/1094","domestic","INR","CL/DL/PO/25-26/176","Tax Invoice","1795400.00","0.00","0.00","18.00","2118572.00","2118572.00","2026-03-21 11:06:32","0.00","2118572.00","pending","2026-04-02 11:42:50",NULL,NULL,"Active"
"Averna Test India Private Limited","HNV/25-26/1095","domestic","INR","PO-000868","Tax Invoice","8319.05","0.00","0.00","18.00","8188.07","8188.07","2026-03-21 11:20:20","0.00","8188.07","pending","2026-04-02 11:43:00",NULL,NULL,"Active"
"Averna Test India Private Limited","HNV/25-26/1096","domestic","INR","PO-000731","Tax Invoice","175531.00","0.00","0.00","18.00","207126.58","207126.58","2026-03-21 11:23:09","0.00","207126.58","pending","2026-04-02 11:43:07",NULL,NULL,"Active"
"Averna Test India Private Limited","HNV/25-26/1097","domestic","INR","PO-000730","Tax Invoice","31444.90","0.00","0.00","18.00","37104.98","37104.98","2026-03-21 11:25:25","0.00","37104.98","pending","2026-04-02 11:43:20",NULL,NULL,"Active"
"Averna Test India Private Limited","HNV/25-26/1098","domestic","INR","PO-000652","Tax Invoice","42998.00","0.00","0.00","18.00","50737.64","50737.64","2026-03-21 11:54:19","0.00","50737.64","pending","2026-04-02 11:43:28",NULL,NULL,"Active"
"Ultrahuman Healthcare Pvt Ltd","HNV/25-26/1099","domestic","INR","UH/PO/25-26/0004498","Tax Invoice","225500.00","9.00","9.00","0.00","266090.00","266090.00","2026-03-23 07:35:02","0.00","266090.00","pending","2026-04-02 11:51:54",NULL,NULL,"Active"
"Ultrahuman Healthcare Pvt Ltd","HNV/25-26/1100","domestic","INR","UH/PO/25-26/0004006","Tax Invoice","950.00","9.00","9.00","0.00","1121.00","1121.00","2026-03-23 08:16:12","0.00","1121.00","pending","2026-04-02 11:52:05",NULL,NULL,"Active"
"Hylio, Inc","HNV/25-26/E/268","export","USD","P4503","Tax Invoice","69.50","0.00","0.00","0.00","69.50","6366.20","2026-03-23 08:58:04","0.00","69.50","pending","2026-03-23 08:58:04",NULL,NULL,"Active"
"Sansera Engineering Ltd Plant-11","HNV/25-26/1101","domestic","INR","2240000451","Tax Invoice","49630.00","9.00","9.00","0.00","58563.40","58563.40","2026-03-23 09:54:57","58513.40","50.00","paid","2026-04-17 11:44:06","CITIN26653848422","2026-04-17","Active"
"Averna Test India Private Limited","HNV/25-26/1102","domestic","INR","PO-000730","Tax Invoice","42523.32","0.00","0.00","18.00","50177.52","50177.52","2026-03-23 12:07:23","0.00","50177.52","pending","2026-04-02 11:52:22",NULL,NULL,"Active"
"Averna Test India Private Limited","HNV/25-26/1103","domestic","INR","PO-000357","Tax Invoice","67934.24","0.00","0.00","18.00","80162.40","80162.40","2026-03-23 12:10:17","0.00","80162.40","pending","2026-04-02 11:52:32",NULL,NULL,"Active"
"Averna Test India Private Limited","HNV/25-26/1104","domestic","INR","PO-000379","Tax Invoice","11911.04","0.00","0.00","18.00","14055.03","14055.03","2026-03-23 12:11:57","0.00","14055.03","pending","2026-04-02 11:52:42",NULL,NULL,"Active"
"Averna Test India Private Limited","HNV/25-26/1105","domestic","INR","PO-000731","Tax Invoice","42000.00","0.00","0.00","18.00","49560.00","49560.00","2026-03-23 12:17:29","0.00","49560.00","pending","2026-04-02 11:52:51",NULL,NULL,"Active"
"IDEAFORGE TECHNOLOGY LIMITED","HNV/25-26/1106","domestic","INR","PO/OP/25-26/44532","Tax Invoice","79258.36","0.00","0.00","18.00","93524.86","93524.86","2026-03-23 13:28:45","0.00","93524.86","pending","2026-04-02 11:54:22",NULL,NULL,"Active"
"Averna Test India Private Limited","HNV/25-26/1107","domestic","INR","PO-000731","Tax Invoice","704855.20","0.00","0.00","18.00","831729.14","831729.14","2026-03-23 14:20:14","0.00","831729.14","pending","2026-04-02 11:54:31",NULL,NULL,"Active"
"Averna Test India Private Limited","HNV/25-26/1108","domestic","INR","PO-000654","Tax Invoice","3383.82","0.00","0.00","18.00","3992.91","3992.91","2026-03-23 14:21:51","0.00","3992.91","pending","2026-04-02 11:54:39",NULL,NULL,"Active"
"Averna Test India Private Limited","HNV/25-26/1109","domestic","INR","PO-000689","Tax Invoice","825.00","0.00","0.00","18.00","973.50","973.50","2026-03-23 14:22:49","0.00","973.50","pending","2026-04-02 11:54:48",NULL,NULL,"Active"
"Averna Test India Private Limited","HNV/25-26/1110","domestic","INR","PO-000868","Tax Invoice","4813.55","0.00","0.00","18.00","5679.99","5679.99","2026-03-23 14:23:36","0.00","5679.99","pending","2026-04-02 11:54:58",NULL,NULL,"Active"
"Journal DD","HNV/25-26/PI/1111","domestic","USD","1646-4279 ","Proforma Invoice","87.76","0.00","0.00","0.00","87.76","8038.82","2026-03-24 07:45:12","0.00","87.76","pending","2026-03-24 12:01:45",NULL,NULL,"Active"
"Ultrahuman Healthcare Pvt Ltd","HNV/25-26/1111","domestic","INR","UH/PO/25-26/0004498","Tax Invoice","257180.00","9.00","9.00","0.00","303472.40","303472.40","2026-03-24 08:40:30","0.00","303472.40","pending","2026-04-02 11:55:23",NULL,NULL,"Active"
"AMIDC Automation Technologies Pvt Ltd","HNV/25-26/1112","domestic","INR","AMIDC-PO-FY26-00911","Tax Invoice","80000.00","9.00","9.00","0.00","94400.00","94400.00","2026-03-24 11:36:34","0.00","94400.00","pending","2026-04-02 11:55:30",NULL,NULL,"Active"
"Averna Test India Private Limited","HNV/25-26/1113","domestic","INR","PO-000379","Tax Invoice","8121.16","0.00","0.00","18.00","9582.97","9582.97","2026-03-24 11:39:15","0.00","9582.97","pending","2026-04-02 11:55:38",NULL,NULL,"Active"
"AMIDC Automation Technologies Pvt Ltd","HNV/25-26/1114","domestic","INR","AMIDC-PO-FY26-00912","Tax Invoice","40000.00","9.00","9.00","0.00","47200.00","47200.00","2026-03-24 11:39:59","0.00","47200.00","pending","2026-04-02 11:55:49",NULL,NULL,"Active"
"Averna Test India Private Limited","HNV/25-26/1115","domestic","INR","PO-000357","Tax Invoice","25482.44","0.00","0.00","18.00","30069.28","30069.28","2026-03-24 11:42:00","0.00","30069.28","pending","2026-04-02 11:55:57",NULL,NULL,"Active"
"Averna Test India Private Limited","HNV/25-26/1116","domestic","INR","PO-000357","Tax Invoice","23600.00","0.00","0.00","18.00","27848.00","27848.00","2026-03-24 11:46:10","0.00","27848.00","pending","2026-04-02 11:56:07",NULL,NULL,"Active"
"Averna Test India Private Limited","HNV/25-26/1117","domestic","INR","PO-000730","Tax Invoice","83743.36","0.00","0.00","18.00","98817.16","98817.16","2026-03-24 11:48:31","0.00","98817.16","pending","2026-04-02 11:56:16",NULL,NULL,"Active"
"Averna Test India Private Limited","HNV/25-26/1118","domestic","INR","PO-000731","Tax Invoice","84000.00","0.00","0.00","18.00","99120.00","99120.00","2026-03-24 11:50:05","0.00","99120.00","pending","2026-04-02 11:56:24",NULL,NULL,"Active"
"Averna Test India Private Limited","HNV/25-26/1119","domestic","INR","PO-000822","Tax Invoice","5722.64","0.00","0.00","18.00","6752.72","6752.72","2026-03-24 11:53:56","0.00","6752.72","pending","2026-04-02 11:56:33",NULL,NULL,"Active"
"Averna Test India Private Limited","HNV/25-26/1120","domestic","INR","PO-000817","Tax Invoice","13241.55","0.00","0.00","18.00","15625.03","15625.03","2026-03-24 11:55:04","0.00","15625.03","pending","2026-04-02 11:56:44",NULL,NULL,"Active"
"Averna Test India Private Limited","HNV/25-26/1121","domestic","INR","PO-000713","Tax Invoice","4166.58","0.00","0.00","18.00","4916.56","4916.56","2026-03-24 12:01:42","0.00","4916.56","pending","2026-04-02 11:56:54",NULL,NULL,"Active"
"Averna Test India Private Limited","HNV/25-26/1122","domestic","INR","PO-000713","Tax Invoice","4215.00","0.00","0.00","18.00","4973.70","4973.70","2026-03-24 12:02:48","0.00","4973.70","pending","2026-04-02 11:57:02",NULL,NULL,"Active"
"Averna Test India Private Limited","HNV/25-26/1123","domestic","INR","PO-000731","Tax Invoice","76913.10","0.00","0.00","18.00","90757.46","90757.46","2026-03-24 12:05:07","0.00","90757.46","pending","2026-04-02 11:57:10",NULL,NULL,"Active"
"Averna Test India Private Limited","HNV/25-26/1124","domestic","INR","PO-000720","Tax Invoice","10500.00","0.00","0.00","18.00","12390.00","12390.00","2026-03-24 12:19:01","0.00","12390.00","pending","2026-04-02 11:57:18",NULL,NULL,"Active"
"Temple Private Limited","HNV/25-26/1125","domestic","INR","CL/DL/PO/25-26/176","Tax Invoice","695240.00","0.00","0.00","18.00","820383.20","820383.20","2026-03-24 12:39:09","0.00","820383.20","pending","2026-04-02 11:57:26",NULL,NULL,"Active"
"Averna Test India Private Limited","HNV/25-26/1126","domestic","INR","PO-000730","Tax Invoice","8556.20","0.00","0.00","18.00","10096.32","10096.32","2026-03-24 13:09:35","0.00","10096.32","pending","2026-04-02 11:57:36",NULL,NULL,"Active"
"Averna Test India Private Limited","HNV/25-26/1127","domestic","INR","PO-000654","Tax Invoice","11911.04","0.00","0.00","18.00","14055.03","14055.03","2026-03-24 13:11:06","0.00","14055.03","pending","2026-04-02 11:57:44",NULL,NULL,"Active"
"LARSEN And TOUBRO LIMITED","HNV/25-26/1128","domestic","INR","09L016712","Tax Invoice","531773.90","0.00","0.00","18.00","627493.20","627493.20","2026-03-25 10:52:42","0.00","627493.20","pending","2026-04-02 09:00:14",NULL,NULL,"Active"
"Averna Test India Private Limited","HNV/25-26/1129","domestic","INR","PO-000805","Tax Invoice","29131.41","0.00","0.00","18.00","34375.06","34375.06","2026-03-25 12:08:51","0.00","34375.06","pending","2026-04-02 08:59:49",NULL,NULL,"Active"
"Averna Test India Private Limited","HNV/25-26/1130","domestic","INR","PO-000720","Tax Invoice","2224.97","0.00","0.00","18.00","2625.46","2625.46","2026-03-25 12:09:49","0.00","2625.46","pending","2026-04-02 08:59:57",NULL,NULL,"Active"
"Averna Test India Private Limited","HNV/25-26/1131","domestic","INR","PO-000863","Tax Invoice","5296.62","0.00","0.00","18.00","6250.01","6250.01","2026-03-25 12:10:43","0.00","6250.01","pending","2026-04-02 09:00:10",NULL,NULL,"Active"
"Averna Test India Private Limited","HNV/25-26/1132","domestic","INR","PO-000730","Tax Invoice","41241.60","0.00","0.00","18.00","48665.09","48665.09","2026-03-25 12:12:48","0.00","48665.09","pending","2026-04-02 09:01:38",NULL,NULL,"Active"
"Inteva Products India Automotive Private Ltd.","HNV/25-26/1133","domestic","INR","PUN011046","Tax Invoice","133500.00","0.00","0.00","18.00","157530.00","157530.00","2026-03-25 12:15:36","0.00","157530.00","pending","2026-04-02 09:01:49",NULL,NULL,"Active"
"Averna Test India Private Limited","HNV/25-26/1134","domestic","INR","PO-000808","Tax Invoice","26529.16","0.00","0.00","18.00","31304.41","31304.41","2026-03-25 13:24:58","0.00","31304.41","pending","2026-04-02 09:01:59",NULL,NULL,"Active"
"Averna Test India Private Limited","HNV/25-26/1135","domestic","INR","PO-000822","Tax Invoice","5722.64","0.00","0.00","18.00","6752.72","6752.72","2026-03-25 13:26:10","0.00","6752.72","pending","2026-04-02 09:02:07",NULL,NULL,"Active"
"Averna Test India Private Limited","HNV/25-26/1136","domestic","INR","PO-000605","Tax Invoice","52020.98","0.00","0.00","18.00","61384.76","61384.76","2026-03-25 13:27:01","0.00","61384.76","pending","2026-04-02 09:33:34",NULL,NULL,"Active"
"Averna Test India Private Limited","HNV/25-26/1137","domestic","INR","PO-000688","Tax Invoice","412.50","0.00","0.00","18.00","486.75","486.75","2026-03-25 13:33:24","0.00","486.75","pending","2026-04-02 09:33:43",NULL,NULL,"Active"
"Averna Test India Private Limited","HNV/25-26/1138","domestic","INR","PO-000689","Tax Invoice","825.00","0.00","0.00","18.00","973.50","973.50","2026-03-25 13:34:00","0.00","973.50","pending","2026-04-02 09:33:51",NULL,NULL,"Active"
"Averna Test India Private Limited","HNV/25-26/1139","domestic","INR","PO-000868","Tax Invoice","5775.00","0.00","0.00","18.00","6814.50","6814.50","2026-03-25 13:34:51","0.00","6814.50","pending","2026-04-02 09:33:58",NULL,NULL,"Active"
"IDEAFORGE TECHNOLOGY LIMITED","HNV/25-26/1140","domestic","INR","PO/OP/25-26/44532","Tax Invoice","44822.50","0.00","0.00","18.00","52890.55","52890.55","2026-03-25 14:06:51","0.00","52890.55","pending","2026-04-02 09:34:07",NULL,NULL,"Active"
"Averna Test India Private Limited","HNV/25-26/1141","domestic","INR","PO-000616","Tax Invoice","96040.23","0.00","0.00","18.00","113327.47","113327.47","2026-03-26 12:06:57","0.00","113327.47","pending","2026-04-02 09:34:59",NULL,NULL,"Active"
"Averna Test India Private Limited","HNV/25-26/1142","domestic","INR","PO-000713","Tax Invoice","69060.99","0.00","0.00","18.00","81491.97","81491.97","2026-03-26 12:09:07","0.00","81491.97","pending","2026-04-02 09:35:08",NULL,NULL,"Active"
"Averna Test India Private Limited","HNV/25-26/1143","domestic","INR","PO-000731","Tax Invoice","133474.00","0.00","0.00","18.00","157499.32","157499.32","2026-03-26 12:11:35","0.00","157499.32","pending","2026-04-02 09:37:59",NULL,NULL,"Active"
"Averna Test India Private Limited","HNV/25-26/1144","domestic","INR","PO-000822","Tax Invoice","53405.60","0.00","0.00","18.00","63018.61","63018.61","2026-03-26 12:51:35","0.00","63018.61","pending","2026-04-02 09:38:09",NULL,NULL,"Active"
"Averna Test India Private Limited","HNV/25-26/1145","domestic","INR","PO-000808","Tax Invoice","6767.64","0.00","0.00","18.00","7985.82","7985.82","2026-03-26 12:55:10","0.00","7985.82","pending","2026-04-02 09:38:16",NULL,NULL,"Active"
"Averna Test India Private Limited","HNV/25-26/1146","domestic","INR","PO-000868","Tax Invoice","11599.73","0.00","0.00","18.00","13687.68","13687.68","2026-03-26 12:57:41","0.00","13687.68","pending","2026-04-02 09:38:24",NULL,NULL,"Active"
"Averna Test India Private Limited","HNV/25-26/1147","domestic","INR","PO-000731","Tax Invoice","69689.80","0.00","0.00","18.00","82233.96","82233.96","2026-03-26 13:01:15","0.00","82233.96","pending","2026-04-02 09:38:33",NULL,NULL,"Active"
"Averna Test India Private Limited","HNV/25-26/1148","domestic","INR","PO-000713","Tax Invoice","1098.29","0.00","0.00","18.00","1295.98","1295.98","2026-03-26 13:02:59","0.00","1295.98","pending","2026-04-02 09:38:41",NULL,NULL,"Active"
"Averna Test India Private Limited","HNV/25-26/1149","domestic","INR","PO-000703","Tax Invoice","56573.50","0.00","0.00","18.00","66756.73","66756.73","2026-03-26 13:04:07","0.00","66756.73","pending","2026-04-02 09:38:48",NULL,NULL,"Active"
"Averna Test India Private Limited","HNV/25-26/1150","domestic","INR","PO-000701","Tax Invoice","28386.55","0.00","0.00","18.00","33496.13","33496.13","2026-03-26 13:05:01","0.00","33496.13","pending","2026-04-02 09:38:57",NULL,NULL,"Active"
"Ultrahuman Healthcare Pvt Ltd","HNV/25-26/1151","domestic","INR","UH/PO/25-26/0004498","Tax Invoice","357720.00","9.00","9.00","0.00","422109.60","422109.60","2026-03-26 13:11:47","0.00","422109.60","pending","2026-04-02 09:39:07",NULL,NULL,"Active"
"IDEAFORGE TECHNOLOGY LIMITED","HNV/25-26/1152","domestic","INR","PO/OP/25-26/44532","Tax Invoice","134146.43","0.00","0.00","18.00","158292.79","158292.79","2026-03-26 14:33:45","0.00","158292.79","pending","2026-04-02 09:39:14",NULL,NULL,"Active"
"AMIDC Automation Technologies Pvt Ltd","HNV/25-26/1154","domestic","INR","AMIDC-PO-FY26-00935","Tax Invoice","19308.00","9.00","9.00","0.00","22783.44","22783.44","2026-03-27 04:27:11","0.00","22783.44","pending","2026-04-01 11:27:53",NULL,NULL,"Active"
"Nittoku","HNV/25-26/E/269","export","EUR","PO-53984","Tax Invoice","1071.66","0.00","0.00","0.00","1071.66","114967.68","2026-03-27 05:32:10","1071.66","0.00","paid","2026-04-03 04:54:59","P202603300000227","2026-03-30","Active"
"AMIDC Automation Technologies Pvt Ltd","HNV/25-26/1155","domestic","INR","AMIDC-PO-FY26-00936","Tax Invoice","126000.00","9.00","9.00","0.00","148680.00","148680.00","2026-03-27 06:42:57","0.00","148680.00","pending","2026-04-01 11:28:17",NULL,NULL,"Active"
"AMIDC Automation Technologies Pvt Ltd","HNV/25-26/1153","domestic","INR","AMIDC-PO-FY26-00937","Tax Invoice","161075.00","9.00","9.00","0.00","190068.50","190068.50","2026-03-27 07:01:40","0.00","190068.50","pending","2026-04-02 09:47:12",NULL,NULL,"Active"
"Rekise Marine","HNV/25-26/1156","domestic","INR","PO P2025-26/451","Tax Invoice","53796.35","9.00","9.00","0.00","63479.69","63479.69","2026-03-27 07:05:48","63480.00","-0.31","paid","2026-04-14 05:45:33","1503758389","2026-04-13","Active"
"Temple Private Limited","HNV/25-26/1157","domestic","INR","Mail Confrimation","Tax Invoice","14864.00","0.00","0.00","18.00","17539.52","17539.52","2026-03-27 07:41:58","0.00","17539.52","pending","2026-04-01 11:28:37",NULL,NULL,"Active"
"Micropoise Measurement Systems Ametek ","HNV/25-26/E/270","export","USD","PR-030226-0001","Tax Invoice","270.00","0.00","0.00","0.00","270.00","24732.00","2026-03-27 09:00:41","0.00","270.00","pending","2026-03-27 09:00:40",NULL,NULL,"Active"
"Averna Test India Private Limited","HNV/25-26/1158","domestic","INR","PO-000357","Tax Invoice","25580.90","0.00","0.00","18.00","30185.46","30185.46","2026-03-27 12:53:17","0.00","30185.46","pending","2026-04-01 11:28:47",NULL,NULL,"Active"
"Averna Test India Private Limited","HNV/25-26/1159","domestic","INR","PO-000730","Tax Invoice","25580.90","0.00","0.00","18.00","30185.46","30185.46","2026-03-27 12:54:17","0.00","30185.46","pending","2026-04-01 11:28:55",NULL,NULL,"Active"
"Averna Test India Private Limited","HNV/25-26/1160","domestic","INR","PO-000654","Tax Invoice","15571.22","0.00","0.00","18.00","18374.04","18374.04","2026-03-27 12:55:18","0.00","18374.04","pending","2026-04-01 11:29:06",NULL,NULL,"Active"
"Averna Test India Private Limited","HNV/25-26/1161","domestic","INR","PO-000730","Tax Invoice","16242.32","0.00","0.00","18.00","19165.94","19165.94","2026-03-27 12:59:56","0.00","19165.94","pending","2026-04-01 11:29:15",NULL,NULL,"Active"
"Averna Test India Private Limited","HNV/25-26/1162","domestic","INR","PO-000720","Tax Invoice","3500.00","0.00","0.00","18.00","4130.00","4130.00","2026-03-27 13:01:02","0.00","4130.00","pending","2026-04-01 11:29:25",NULL,NULL,"Active"
"Averna Test India Private Limited","HNV/25-26/1163","domestic","INR","PO-000730","Tax Invoice","1600.00","0.00","0.00","18.00","1888.00","1888.00","2026-03-27 13:02:28","0.00","1888.00","pending","2026-04-01 11:29:34",NULL,NULL,"Active"
"Averna Test India Private Limited","HNV/25-26/1164","domestic","INR","PO-000654","Tax Invoice","1600.00","0.00","0.00","18.00","1888.00","1888.00","2026-03-27 13:03:55","0.00","1888.00","pending","2026-04-01 11:29:44",NULL,NULL,"Active"
"Averna Test India Private Limited","HNV/25-26/1165","domestic","INR","PO-000713","Tax Invoice","3096.62","0.00","0.00","18.00","3654.01","3654.01","2026-03-27 13:22:20","0.00","3654.01","pending","2026-04-01 11:29:54",NULL,NULL,"Active"
"Averna Test India Private Limited","HNV/25-26/1166","domestic","INR","PO-000868","Tax Invoice","78918.21","0.00","0.00","18.00","93123.49","93123.49","2026-03-27 13:24:01","0.00","93123.49","pending","2026-04-01 11:30:05",NULL,NULL,"Active"
"Averna Test India Private Limited","HNV/25-26/1167","domestic","INR","PO-000808","Tax Invoice","4060.58","0.00","0.00","18.00","4791.48","4791.48","2026-03-27 13:27:30","0.00","4791.48","pending","2026-04-01 11:30:24",NULL,NULL,"Active"
"Tavisha Robotics","HNV/25-26/1168","domestic","INR","As per mail confirmation","Tax Invoice","5549.76","0.00","0.00","18.00","6548.72","6548.72","2026-03-27 14:14:55","6548.00","0.72","paid","2026-04-07 12:23:40","526097313096","2026-04-07","Active"
"Raison Tech ","HNV/25-26/1169","domestic","INR","Mail Confirmation","Tax Invoice","1212350.00","9.00","9.00","0.00","1430573.00","1430573.00","2026-03-27 17:52:00","0.00","1430573.00","pending","2026-04-01 11:31:08",NULL,NULL,"Active"
"Ultrahuman Healthcare Pvt Ltd","HNV/25-26/1170","domestic","INR","UH/PO/25-26/0004498","Tax Invoice","339680.00","9.00","9.00","0.00","400822.40","400822.40","2026-03-27 04:08:01","0.00","400822.40","pending","2026-04-01 11:31:18",NULL,NULL,"Active"
"Gee Keyy Engineering Co","HNV/25-26/1171","domestic","INR","252601144","Tax Invoice","540700.00","0.00","0.00","18.00","638026.00","638026.00","2026-03-28 07:50:00","0.00","638026.00","pending","2026-04-02 09:41:22",NULL,NULL,"Active"
"AMIDC Automation Technologies Pvt Ltd","HNV/25-26/1172","domestic","INR","AMIDC-PO-FY26-00951","Tax Invoice","3000.00","9.00","9.00","0.00","3540.00","3540.00","2026-03-28 09:02:28","0.00","3540.00","pending","2026-04-01 11:40:36",NULL,NULL,"Active"
"NW Engineering Private Limited ","HNV/25-26/1173","domestic","INR","PR319 ","Tax Invoice","16421.00","9.00","9.00","0.00","19376.78","19376.78","2026-03-28 09:25:19","0.00","19376.78","pending","2026-04-01 11:41:18",NULL,NULL,"Active"
"NW Engineering Private Limited ","HNV/25-26/1174","domestic","INR","PR316","Tax Invoice","35321.00","9.00","9.00","0.00","41678.78","41678.78","2026-03-28 09:36:45","0.00","41678.78","pending","2026-04-01 11:41:27",NULL,NULL,"Active"
"NW Engineering Private Limited ","HNV/25-26/1175","domestic","INR","PR306 ","Tax Invoice","1300.00","9.00","9.00","0.00","1534.00","1534.00","2026-03-28 09:38:59","0.00","1534.00","pending","2026-04-01 11:41:36",NULL,NULL,"Active"
"NW Engineering Private Limited ","HNV/25-26/1176","domestic","INR","PR312 ","Tax Invoice","13455.00","9.00","9.00","0.00","15876.90","15876.90","2026-03-28 09:45:36","0.00","15876.90","pending","2026-04-01 11:41:45",NULL,NULL,"Active"
"NW Engineering Private Limited ","HNV/25-26/1177","domestic","INR","PR294","Tax Invoice","2025.00","9.00","9.00","0.00","2389.50","2389.50","2026-03-28 09:49:46","0.00","2389.50","pending","2026-04-01 11:42:02",NULL,NULL,"Active"
"NW Engineering Private Limited ","HNV/25-26/1178","domestic","INR","PR299 ","Tax Invoice","13200.00","9.00","9.00","0.00","15576.00","15576.00","2026-03-28 09:54:38","0.00","15576.00","pending","2026-04-01 11:42:11",NULL,NULL,"Active"
"NW Engineering Private Limited ","HNV/25-26/1179","domestic","INR","PR288","Tax Invoice","20856.00","9.00","9.00","0.00","24610.08","24610.08","2026-03-28 10:00:48","0.00","24610.08","pending","2026-04-01 11:42:23",NULL,NULL,"Active"
"NW Engineering Private Limited ","HNV/25-26/1180","domestic","INR","PR275","Tax Invoice","61714.30","9.00","9.00","0.00","72822.88","72822.88","2026-03-28 10:14:02","0.00","72822.88","pending","2026-04-01 11:42:33",NULL,NULL,"Active"
"NW Engineering Private Limited ","HNV/25-26/1181","domestic","INR","PR273","Tax Invoice","42928.60","9.00","9.00","0.00","50655.74","50655.74","2026-03-28 10:30:14","0.00","50655.74","pending","2026-04-01 11:42:42",NULL,NULL,"Active"
"NW Engineering Private Limited ","HNV/25-26/1182","domestic","INR","Mail Confrimation","Tax Invoice","129165.00","9.00","9.00","0.00","152414.70","152414.70","2026-03-28 10:37:15","0.00","152414.70","pending","2026-04-01 11:45:42",NULL,NULL,"Active"
"Averna Test India Private Limited","HNV/25-26/1183","domestic","INR","PO-000730","Tax Invoice","33419.32","0.00","0.00","18.00","39434.80","39434.80","2026-03-28 10:52:13","0.00","39434.80","pending","2026-04-01 11:45:51",NULL,NULL,"Active"
"Averna Test India Private Limited","HNV/25-26/1184","domestic","INR","PO-000808","Tax Invoice","6767.64","0.00","0.00","18.00","7985.82","7985.82","2026-03-28 10:54:06","0.00","7985.82","pending","2026-04-01 11:46:19",NULL,NULL,"Active"
"NW Engineering Private Limited ","HNV/25-26/1185","domestic","INR","Mail Confrimation","Tax Invoice","101000.20","9.00","9.00","0.00","119180.24","119180.24","2026-03-28 11:49:21","0.00","119180.24","pending","2026-04-01 11:46:31",NULL,NULL,"Active"
"IDEAFORGE TECHNOLOGY LIMITED","HNV/25-26/1186","domestic","INR","PO/OP/25-26/44532","Tax Invoice","133876.44","0.00","0.00","18.00","157974.20","157974.20","2026-03-28 11:56:51","0.00","157974.20","pending","2026-04-01 11:46:42",NULL,NULL,"Active"
"IDEAFORGE TECHNOLOGY LIMITED","HNV/25-26/1187","domestic","INR","PO/OP/25-26/43894","Tax Invoice","113090.00","0.00","0.00","18.00","133446.20","133446.20","2026-03-28 11:58:14","0.00","133446.20","pending","2026-04-01 11:46:50",NULL,NULL,"Active"
"NW Engineering Private Limited ","HNV/25-26/1188","domestic","INR","Mail Confrimation","Tax Invoice","93798.53","9.00","9.00","0.00","110682.27","110682.27","2026-03-28 12:06:59","0.00","110682.27","pending","2026-04-01 11:47:02",NULL,NULL,"Active"
"Averna Test India Private Limited","HNV/25-26/1189","domestic","INR","PO-000822","Tax Invoice","117302.36","0.00","0.00","18.00","138416.78","138416.78","2026-03-28 13:45:47","0.00","138416.78","pending","2026-04-01 11:47:19",NULL,NULL,"Active"
"Averna Test India Private Limited","HNV/25-26/1190","domestic","INR","PO-000868","Tax Invoice","29505.00","0.00","0.00","18.00","34815.90","34815.90","2026-03-28 13:47:02","0.00","34815.90","pending","2026-04-01 11:47:34",NULL,NULL,"Active"
"Averna Test India Private Limited","HNV/25-26/1191","domestic","INR","PO-000863","Tax Invoice","9476.48","0.00","0.00","18.00","11182.25","11182.25","2026-03-28 13:47:53","0.00","11182.25","pending","2026-04-01 11:47:42",NULL,NULL,"Active"
"Ultrahuman Healthcare Pvt Ltd","HNV/25-26/1192","domestic","INR","UH/PO/25-26/0004498","Tax Invoice","391160.00","9.00","9.00","0.00","461568.80","461568.80","2026-03-28 18:27:12","0.00","461568.80","pending","2026-04-01 11:47:53",NULL,NULL,"Active"
"Factorem Pte Ltd","HNV/25-26/E/271","export","USD","2287436901","Tax Invoice","469.13","0.00","0.00","0.00","469.13","42972.31","2026-03-30 06:18:36","0.00","469.13","pending","2026-03-30 06:18:36",NULL,NULL,"Active"
"A3 Engineering Solutions","HNV/25-26/1193","domestic","INR","A3ESPO-7","Tax Invoice","40950.00","9.00","9.00","0.00","48321.00","48321.00","2026-03-30 07:47:56","0.00","48321.00","pending","2026-04-01 11:48:24",NULL,NULL,"Active"
"Averna Test India Private Limited","HNV/25-26/1194","domestic","INR","PO-000730","Tax Invoice","33709.28","0.00","0.00","18.00","39776.95","39776.95","2026-03-30 07:53:07","0.00","39776.95","pending","2026-04-01 11:48:41",NULL,NULL,"Active"
"Averna Test India Private Limited","HNV/25-26/1195","domestic","INR","PO-000808","Tax Invoice","31131.18","0.00","0.00","18.00","36734.79","36734.79","2026-03-30 09:37:57","0.00","36734.79","pending","2026-04-01 11:49:35",NULL,NULL,"Active"
"Temple Private Limited","HNV/25-26/1196","domestic","INR","CL/DL/PO/25-26/176","Tax Invoice","19100.00","0.00","0.00","18.00","22538.00","22538.00","2026-03-30 09:44:33","0.00","22538.00","pending","2026-04-01 11:49:43",NULL,NULL,"Active"
"Temple Private Limited","HNV/25-26/1197","domestic","INR","CL/DL/PO/25-26/176","Tax Invoice","955000.00","0.00","0.00","18.00","1126900.00","1126900.00","2026-03-30 12:04:18","0.00","1126900.00","pending","2026-04-01 11:50:04",NULL,NULL,"Active"
"LARSEN And TOUBRO LIMITED","HNV/25-26/1198","domestic","INR","09L016712","Tax Invoice","89750.00","0.00","0.00","18.00","105905.00","105905.00","2026-03-30 12:25:35","0.00","105905.00","pending","2026-03-31 04:47:46",NULL,NULL,"Active"
"Averna Test India Private Limited","HNV/25-26/1199","domestic","INR","PO-000976","Tax Invoice","44187.20","0.00","0.00","18.00","52140.90","52140.90","2026-03-30 13:31:13","0.00","52140.90","pending","2026-04-01 11:50:41",NULL,NULL,"Active"
"Averna Test India Private Limited","HNV/25-26/1200","domestic","INR","PO-000974","Tax Invoice","8107.49","0.00","0.00","18.00","9566.84","9566.84","2026-03-30 13:35:32","0.00","9566.84","pending","2026-04-01 11:50:54",NULL,NULL,"Active"
"Averna Test India Private Limited","HNV/25-26/1201","domestic","INR","PO-000975","Tax Invoice","261.96","0.00","0.00","18.00","309.11","309.11","2026-03-30 13:38:03","0.00","309.11","pending","2026-04-01 11:51:05",NULL,NULL,"Active"
"Averna Test India Private Limited","HNV/25-26/1202","domestic","INR","PO-000805","Tax Invoice","50325.90","0.00","0.00","18.00","59384.56","59384.56","2026-03-30 13:40:33","0.00","59384.56","pending","2026-04-01 11:51:13",NULL,NULL,"Active"
"Averna Test India Private Limited","HNV/25-26/1203","domestic","INR","PO-000808","Tax Invoice","27747.34","0.00","0.00","18.00","32741.86","32741.86","2026-03-30 13:44:22","0.00","32741.86","pending","2026-04-01 11:51:24",NULL,NULL,"Active"
"Averna Test India Private Limited","HNV/25-26/1204","domestic","INR","PO-000868","Tax Invoice","54392.01","0.00","0.00","18.00","64182.57","64182.57","2026-03-30 13:46:38","0.00","64182.57","pending","2026-04-01 11:51:39",NULL,NULL,"Active"
"Averna Test India Private Limited","HNV/25-26/1205","domestic","INR","PO-000703","Tax Invoice","31256.00","0.00","0.00","18.00","36882.08","36882.08","2026-03-30 13:48:27","0.00","36882.08","pending","2026-04-01 11:51:52",NULL,NULL,"Active"
"Averna Test India Private Limited","HNV/25-26/1206","domestic","INR","PO-000713","Tax Invoice","32233.48","0.00","0.00","18.00","38035.51","38035.51","2026-03-30 13:54:42","0.00","38035.51","pending","2026-04-01 11:52:01",NULL,NULL,"Active"
"Averna Test India Private Limited","HNV/25-26/1207","domestic","INR","PO-000616","Tax Invoice","7158.77","0.00","0.00","18.00","8447.35","8447.35","2026-03-30 13:57:14","0.00","8447.35","pending","2026-04-01 11:52:10",NULL,NULL,"Active"
"Averna Test India Private Limited","HNV/25-26/1208","domestic","INR","PO-000731","Tax Invoice","272113.00","0.00","0.00","18.00","321093.34","321093.34","2026-03-30 13:59:19","0.00","321093.34","pending","2026-04-01 11:52:18",NULL,NULL,"Active"
"Ultrahuman Healthcare Pvt Ltd","HNV/25-26/1209","domestic","INR","UH/PO/25-26/0004498","Tax Invoice","374000.00","9.00","9.00","0.00","441320.00","441320.00","2026-03-30 04:04:32","0.00","441320.00","pending","2026-04-07 10:50:43",NULL,NULL,"Active"
"Universal Analyzers Barben Analytical AMETEK","HNV/25-26/E/272A","export","USD","528698","Tax Invoice","6414.00","0.00","0.00","0.00","6414.00","594257.10","2026-03-31 04:16:20","0.00","6414.00","pending","2026-04-07 04:28:27",NULL,NULL,"Active"
"Wilder Technologies, LLC","HNV/25-26/E/273","export","USD","6079","Tax Invoice","1780.50","0.00","0.00","0.00","1780.50","164963.33","2026-03-31 04:47:09","1780.50","0.00","paid","2026-04-17 09:11:54","3132036106ES","2026-04-16","Active"
"AMIDC Automation Technologies Pvt Ltd","HNV/25-26/1210","domestic","INR","AMIDC-PO-FY26-00959","Tax Invoice","34700.00","9.00","9.00","0.00","40946.00","40946.00","2026-03-31 05:12:48","0.00","40946.00","pending","2026-04-07 10:40:58",NULL,NULL,"Active"
"ZETTAONE TECHNOLOGIES INDIA PVT. LTD","HNV/25-26/1211","domestic","INR","ZKPO202526-4261","Tax Invoice","6750.00","0.00","0.00","18.00","7965.00","7965.00","2026-03-31 05:21:49","0.00","7965.00","pending","2026-03-31 05:21:48",NULL,NULL,"Active"
"spectro ametek ","HNV/25-26/E/274","export","USD","558419/805/CHAUDHARI/O-SPM","Tax Invoice","1910.00","0.00","0.00","0.00","1910.00","174956.00","2026-03-31 07:33:58","0.00","1910.00","pending","2026-03-31 07:33:57",NULL,NULL,"Active"
"Temple Private Limited","HNV/25-26/1212","domestic","INR","CL/DL/PO/25-26/176","Tax Invoice","19100.00","0.00","0.00","18.00","22538.00","22538.00","2026-03-31 08:19:40","0.00","22538.00","pending","2026-04-07 10:41:24",NULL,NULL,"Active"
"Avay bioscience pvt ltd","HNV/25-26/1213","domestic","INR","Mail Confrimation","Tax Invoice","1255000.00","9.00","9.00","0.00","1480900.00","1480900.00","2026-03-31 09:24:01","0.00","1480900.00","pending","2026-04-08 12:58:03",NULL,NULL,"Active"
"Averna Test India Private Limited","HNV/25-26/1214","domestic","INR","PO-000357","Tax Invoice","8611.69","0.00","0.00","18.00","10161.79","10161.79","2026-03-31 11:53:24","0.00","10161.79","pending","2026-04-07 10:41:42",NULL,NULL,"Active"
"Custiv manufacturing Solution private limited ","HNV/25-26/1215","domestic","INR","PO-019/2025-26","Tax Invoice","155500.00","9.00","9.00","0.00","183490.00","183490.00","2026-03-31 13:12:28","0.00","183490.00","pending","2026-04-15 09:00:45",NULL,NULL,"Active"
"IDEAFORGE TECHNOLOGY LIMITED","HNV/25-26/1216","domestic","INR","PO/OP/25-26/44532","Tax Invoice","79615.20","0.00","0.00","18.00","93945.94","93945.94","2026-03-31 13:16:02","0.00","93945.94","pending","2026-04-07 10:41:58",NULL,NULL,"Active"
"Averna Test India Private Limited","HNV/25-26/1217","domestic","INR","PO-000976","Tax Invoice","5275.56","0.00","0.00","18.00","6225.16","6225.16","2026-03-31 13:26:20","0.00","6225.16","pending","2026-04-07 10:42:05",NULL,NULL,"Active"
"Averna Test India Private Limited","HNV/25-26/1218","domestic","INR","PO-000616","Tax Invoice","548.70","0.00","0.00","18.00","647.47","647.47","2026-03-31 13:27:40","0.00","647.47","pending","2026-04-07 10:42:14",NULL,NULL,"Active"
"Averna Test India Private Limited","HNV/25-26/1219","domestic","INR","PO-000703","Tax Invoice","23613.50","0.00","0.00","18.00","27863.93","27863.93","2026-03-31 13:28:47","0.00","27863.93","pending","2026-04-07 10:42:23",NULL,NULL,"Active"
"Averna Test India Private Limited","HNV/25-26/1220","domestic","INR","PO-000868","Tax Invoice","22097.60","0.00","0.00","18.00","26075.17","26075.17","2026-03-31 13:29:33","0.00","26075.17","pending","2026-04-07 10:42:47",NULL,NULL,"Active"
"Averna Test India Private Limited","HNV/25-26/1221","domestic","INR","PO-000713","Tax Invoice","5729.49","0.00","0.00","18.00","6760.80","6760.80","2026-03-31 13:30:33","0.00","6760.80","pending","2026-04-07 10:42:55",NULL,NULL,"Active"
"Averna Test India Private Limited","HNV/25-26/1222","domestic","INR","PO-000971","Tax Invoice","148160.00","0.00","0.00","18.00","174828.80","174828.80","2026-03-31 13:31:28","0.00","174828.80","pending","2026-04-07 10:43:03",NULL,NULL,"Active"
"Averna Test India Private Limited","HNV/25-26/1223","domestic","INR","PO-000822","Tax Invoice","56272.23","0.00","0.00","18.00","66401.23","66401.23","2026-03-31 13:45:11","0.00","66401.23","pending","2026-04-07 10:43:26",NULL,NULL,"Active"
"Ultrahuman Healthcare Pvt Ltd","HNV/25-26/1224","domestic","INR","UH/PO/25-26/0004498","Tax Invoice","363000.00","9.00","9.00","0.00","493680.00","493680.00","2026-03-31 13:47:19","0.00","493680.00","pending","2026-04-07 10:43:42",NULL,NULL,"Active"
"Krishna Engineering ","HNV/25-26/1225","domestic","INR","Mail Confrimation","Tax Invoice","545099.00","9.00","9.00","0.00","643216.82","643216.82","2026-03-31 13:57:38","0.00","643216.82","pending","2026-04-07 10:44:07",NULL,NULL,"Active"
"Rapture Innovation Labs Pvt. Ltd ","HNV/25-26/1226","domestic","INR","Mail Confrimation","Tax Invoice","7216.00","9.00","9.00","0.00","8514.88","8514.88","2026-03-31 06:50:16","0.00","8514.88","pending","2026-04-07 10:44:15",NULL,NULL,"Active"
"Raison Inspection Services","HNV/25-26/1227","domestic","INR","Mail Confrimation","Tax Invoice","1111500.00","9.00","9.00","0.00","1311570.00","1311570.00","2026-03-31 06:55:04","0.00","1311570.00","pending","2026-04-10 09:43:43",NULL,NULL,"Active"
"Raison Tech ","HNV/25-26/1228","domestic","INR","Mail Confrimation","Tax Invoice","4944998.90","9.00","9.00","0.00","5835098.70","5835098.70","2026-03-31 06:58:08","0.00","5835098.70","pending","2026-04-10 09:43:33",NULL,NULL,"Active"
"AMIDC Automation Technologies Pvt Ltd","HNV/26-27/1","domestic","INR","AMIDC-PO-FY26-00935","Tax Invoice","19308.00","9.00","9.00","0.00","22783.44","22783.44","2026-04-01 11:11:19","0.00","22783.44","pending","2026-04-15 07:24:55",NULL,NULL,"Active"
"Averna Test India Private Limited","HNV/26-27/2","domestic","INR","PO-000868","Tax Invoice","6228.63","0.00","0.00","18.00","7349.78","7349.78","2026-04-01 12:27:49","0.00","7349.78","pending","2026-04-15 07:27:32",NULL,NULL,"Active"
"Averna Test India Private Limited","HNV/26-27/3","domestic","INR","PO-000974","Tax Invoice","3869.24","0.00","0.00","18.00","4565.70","4565.70","2026-04-01 12:28:55","0.00","4565.70","pending","2026-04-15 07:27:44",NULL,NULL,"Active"
"Averna Test India Private Limited","HNV/26-27/4","domestic","INR","PO-000975","Tax Invoice","469.06","0.00","0.00","18.00","553.49","553.49","2026-04-01 12:31:12","0.00","553.49","pending","2026-04-15 07:27:51",NULL,NULL,"Active"
"Averna Test India Private Limited","HNV/26-27/5","domestic","INR","PO-000976","Tax Invoice","2539.86","0.00","0.00","18.00","2997.03","2997.03","2026-04-01 12:33:12","0.00","2997.03","pending","2026-04-15 07:27:56",NULL,NULL,"Active"
"Averna Test India Private Limited","HNV/26-27/6","domestic","INR","PO-000868","Tax Invoice","47726.28","0.00","0.00","18.00","56317.01","56317.01","2026-04-01 13:48:16","0.00","56317.01","pending","2026-04-15 07:28:01",NULL,NULL,"Active"
"Averna Test India Private Limited","HNV/26-27/7","domestic","INR","PO-000730","Tax Invoice","21656.44","0.00","0.00","18.00","25554.60","25554.60","2026-04-02 12:54:11","0.00","25554.60","pending","2026-04-15 07:29:33",NULL,NULL,"Active"
"Averna Test India Private Limited","HNV/26-27/8","domestic","INR","PO-000808","Tax Invoice","8121.18","0.00","0.00","18.00","9582.99","9582.99","2026-04-02 12:55:13","0.00","9582.99","pending","2026-04-15 07:29:40",NULL,NULL,"Active"
"Averna Test India Private Limited","HNV/26-27/9","domestic","INR","PO-000808","Tax Invoice","13535.28","0.00","0.00","18.00","15971.63","15971.63","2026-04-02 12:58:49","0.00","15971.63","pending","2026-04-15 07:29:46",NULL,NULL,"Active"
"Averna Test India Private Limited","HNV/26-27/10","domestic","INR","PO-000730","Tax Invoice","10009.68","0.00","0.00","18.00","11811.42","11811.42","2026-04-02 12:59:53","0.00","11811.42","pending","2026-04-15 07:29:51",NULL,NULL,"Active"
"Averna Test India Private Limited","HNV/26-27/11","domestic","INR","PO-000730","Tax Invoice","7072.00","0.00","0.00","18.00","8344.96","8344.96","2026-04-02 13:04:18","0.00","8344.96","pending","2026-04-15 07:29:55",NULL,NULL,"Active"
"Averna Test India Private Limited","HNV/26-27/12","domestic","INR","PO-000730","Tax Invoice","17067.66","0.00","0.00","18.00","20139.84","20139.84","2026-04-02 13:06:13","0.00","20139.84","pending","2026-04-15 07:29:59",NULL,NULL,"Active"
"Averna Test India Private Limited","HNV/26-27/13","domestic","INR","PO-000971","Tax Invoice","447494.40","0.00","0.00","18.00","528043.39","528043.39","2026-04-03 13:38:37","0.00","528043.39","pending","2026-04-15 07:12:49",NULL,NULL,"Active"
"Averna Test India Private Limited","HNV/26-27/14","domestic","INR","PO-000822","Tax Invoice","31915.70","0.00","0.00","18.00","37660.53","37660.53","2026-04-03 13:40:45","0.00","37660.53","pending","2026-04-15 07:13:00",NULL,NULL,"Active"
"Averna Test India Private Limited","HNV/26-27/15","domestic","INR","PO-000868","Tax Invoice","40106.43","0.00","0.00","18.00","47325.59","47325.59","2026-04-03 13:41:26","0.00","47325.59","pending","2026-04-15 07:13:08",NULL,NULL,"Active"
"Averna Test India Private Limited","HNV/26-27/16","domestic","INR","PO-000703","Tax Invoice","29589.78","0.00","0.00","18.00","34915.94","34915.94","2026-04-03 13:42:24","0.00","34915.94","pending","2026-04-15 07:13:19",NULL,NULL,"Active"
"Micropoise Measurement Systems Ametek ","HNV/26-27/E/1","export","USD","PR-030226-0018","Tax Invoice","1268.10","0.00","0.00","0.00","1268.10","117489.47","2026-04-04 09:45:38","0.00","1268.10","pending","2026-04-04 09:45:37",NULL,NULL,"Active"
"Micropoise Measurement Systems Ametek ","HNV/26-27/E/2","export","USD","PR-021326-0015","Tax Invoice","890.00","0.00","0.00","0.00","890.00","82458.50","2026-04-04 09:48:43","0.00","890.00","pending","2026-04-04 09:48:42",NULL,NULL,"Active"
"Averna Test India Private Limited","HNV/26-27/17","domestic","INR","PO-000973","Tax Invoice","5215.00","0.00","0.00","18.00","6153.70","6153.70","2026-04-04 12:14:09","0.00","6153.70","pending","2026-04-04 12:14:09",NULL,NULL,"Active"
"Averna Test India Private Limited","HNV/26-27/18","domestic","INR","PO-000972","Tax Invoice","9720.00","0.00","0.00","18.00","11469.60","11469.60","2026-04-04 12:14:44","0.00","11469.60","pending","2026-04-04 12:14:43",NULL,NULL,"Active"
"Averna Test India Private Limited","HNV/26-27/19","domestic","INR","PO-000971","Tax Invoice","158018.56","0.00","0.00","18.00","186461.90","186461.90","2026-04-04 12:15:17","0.00","186461.90","pending","2026-04-04 12:15:16",NULL,NULL,"Active"
"Averna Test India Private Limited","HNV/26-27/20","domestic","INR","PO-000822","Tax Invoice","106368.28","0.00","0.00","18.00","125514.57","125514.57","2026-04-04 12:16:16","0.00","125514.57","pending","2026-04-04 12:19:35",NULL,NULL,"Active"
"Averna Test India Private Limited","HNV/26-27/21","domestic","INR","PO-000868","Tax Invoice","18647.02","0.00","0.00","18.00","22003.48","22003.48","2026-04-04 12:17:10","0.00","22003.48","pending","2026-04-04 12:17:09",NULL,NULL,"Active"
"IDEAFORGE TECHNOLOGY LIMITED","HNV/26-27/22","domestic","INR","PO/OP/25-26/44532","Tax Invoice","82353.00","0.00","0.00","18.00","97176.54","97176.54","2026-04-04 12:29:30","0.00","97176.54","pending","2026-04-13 10:18:12",NULL,NULL,"Active"
"Wilder Technologies, LLC","HNV/26-27/E/3","export","USD","6105","Tax Invoice","1062.00","0.00","0.00","0.00","1062.00","98394.30","2026-04-06 06:13:59","0.00","1062.00","pending","2026-04-06 06:13:58",NULL,NULL,"Active"
"Rekise Marine","HNV/26-27/23","domestic","INR","PO P2025-26/543","Tax Invoice","427776.00","9.00","9.00","0.00","504775.68","504775.68","2026-04-06 07:12:37","0.00","504775.68","pending","2026-04-06 07:12:37",NULL,NULL,"Active"
"Raison Tech ","HNV/26-27/24","domestic","INR","Mail Confrimation","Tax Invoice","366673.07","9.00","9.00","0.00","432674.23","432674.23","2026-04-06 07:19:11","0.00","432674.23","pending","2026-04-06 07:19:10",NULL,NULL,"Active"
"AMIDC Automation Technologies Pvt Ltd","HNV/26-27/25","domestic","INR","AMIDC-PO-FY26-00959","Tax Invoice","8000.00","9.00","9.00","0.00","9440.00","9440.00","2026-04-07 04:08:09","0.00","9440.00","pending","2026-04-08 07:06:24",NULL,NULL,"Active"
"Universal Analyzers Barben Analytical AMETEK","HNV/25-26/E/272B","export","USD","528698","Tax Invoice","6414.00","0.00","0.00","0.00","6414.00","594257.10","2026-03-31 04:25:24","0.00","6414.00","pending","2026-04-07 04:29:08",NULL,NULL,"Active"
"AMIDC Automation Technologies Pvt Ltd","HNV/26-27/26","domestic","INR","AMIDC-PO-FY26-00935","Tax Invoice","9654.00","9.00","9.00","0.00","11391.72","11391.72","2026-04-07 08:00:21","0.00","11391.72","pending","2026-04-07 08:00:20",NULL,NULL,"Active"
"AMIDC Automation Technologies Pvt Ltd","HNV/26-27/27","domestic","INR","AMIDC-PO-FY27-00014","Tax Invoice","48270.00","9.00","9.00","0.00","56958.60","56958.60","2026-04-07 08:03:58","0.00","56958.60","pending","2026-04-07 08:03:58",NULL,NULL,"Active"
"ALLEGION INDIA PRIVATE LIMITED","HNV/26-27/28","domestic","INR","PO26-00248","Tax Invoice","11000.00","9.00","9.00","0.00","12980.00","12980.00","2026-04-07 09:34:52","0.00","12980.00","pending","2026-04-07 09:34:51",NULL,NULL,"Active"
"Averna Test India Private Limited","HNV/26-27/29","domestic","INR","PO-000971","Tax Invoice","674351.36","0.00","0.00","18.00","795734.60","795734.60","2026-04-07 13:55:18","0.00","795734.60","pending","2026-04-07 13:55:18",NULL,NULL,"Active"
"AMIDC Automation Technologies Pvt Ltd","HNV/26-27/30","domestic","INR","AMIDC-PO-FY27-00022","Tax Invoice","42892.80","9.00","9.00","0.00","50613.50","50613.50","2026-04-08 06:14:52","0.00","50613.50","pending","2026-04-08 06:14:52",NULL,NULL,"Active"
"Wilder Technologies, LLC","HNV/26-27/E/4","export","USD","Sample","Tax Invoice","2.00","0.00","0.00","0.00","2.00","185.30","2026-04-08 10:14:54","0.00","2.00","pending","2026-04-08 10:14:53",NULL,NULL,"Active"
"AMIDC Automation Technologies Pvt Ltd","HNV/26-27/31","domestic","INR","AMIDC-PO-FY27-00012","Tax Invoice","1500.00","9.00","9.00","0.00","1770.00","1770.00","2026-04-08 10:45:35","0.00","1770.00","pending","2026-04-08 10:45:35",NULL,NULL,"Active"
"Averna Test India Private Limited","HNV/26-27/32","domestic","INR","PO-000654","Tax Invoice","10828.24","0.00","0.00","18.00","12777.32","12777.32","2026-04-08 10:53:28","0.00","12777.32","pending","2026-04-08 10:53:27",NULL,NULL,"Active"
"Averna Test India Private Limited","HNV/26-27/33","domestic","INR","PO-000730","Tax Invoice","45275.00","0.00","0.00","18.00","53424.50","53424.50","2026-04-08 10:55:30","0.00","53424.50","pending","2026-04-08 10:55:30",NULL,NULL,"Active"
"IDEAFORGE TECHNOLOGY LIMITED","HNV/26-27/34","domestic","INR","PO/OP/25-26/43894","Tax Invoice","71500.00","0.00","0.00","18.00","84370.00","84370.00","2026-04-08 11:17:42","0.00","84370.00","pending","2026-04-08 11:17:42",NULL,NULL,"Active"
"Averna Test India Private Limited","HNV/26-27/35","domestic","INR","PO-000975","Tax Invoice","2101.88","0.00","0.00","18.00","2480.22","2480.22","2026-04-08 13:19:46","0.00","2480.22","pending","2026-04-08 13:19:46",NULL,NULL,"Active"
"Averna Test India Private Limited","HNV/26-27/36","domestic","INR","PO-000976","Tax Invoice","1889.48","0.00","0.00","18.00","2229.59","2229.59","2026-04-08 13:21:22","0.00","2229.59","pending","2026-04-08 13:21:21",NULL,NULL,"Active"
"Averna Test India Private Limited","HNV/26-27/37","domestic","INR","PO-000868","Tax Invoice","35268.17","0.00","0.00","18.00","41616.44","41616.44","2026-04-08 13:22:20","0.00","41616.44","pending","2026-04-08 13:22:20",NULL,NULL,"Active"
"Averna Test India Private Limited","HNV/26-27/38","domestic","INR","PO-000974","Tax Invoice","3778.96","0.00","0.00","18.00","4459.17","4459.17","2026-04-08 13:23:46","0.00","4459.17","pending","2026-04-08 13:23:45",NULL,NULL,"Active"
"AMIDC Automation Technologies Pvt Ltd","HNV/26-27/39","domestic","INR","AMIDC-PO-FY26-00959","Tax Invoice","600.00","9.00","9.00","0.00","708.00","708.00","2026-04-09 08:23:28","0.00","708.00","pending","2026-04-09 08:23:28",NULL,NULL,"Active"
"AMIDC Automation Technologies Pvt Ltd","HNV/26-27/40","domestic","INR","Mail Confrimation","Tax Invoice","1518.00","9.00","9.00","0.00","1791.24","1791.24","2026-04-09 09:20:48","0.00","1791.24","pending","2026-04-09 09:20:47",NULL,NULL,"Active"
"SS Automation Solutions Pvt Ltd.","HNV/26-27/41","domestic","INR","RFQ/HNV/2526/1722VO","Tax Invoice","315700.00","9.00","9.00","0.00","372526.00","372526.00","2026-04-09 10:41:05","0.00","372526.00","pending","2026-04-09 10:41:05",NULL,NULL,"Active"
"Averna Test India Private Limited","HNV/26-27/42","domestic","INR","PO-000868","Tax Invoice","13666.24","0.00","0.00","18.00","16126.16","16126.16","2026-04-09 12:23:30","0.00","16126.16","pending","2026-04-09 12:23:30",NULL,NULL,"Active"
"Averna Test India Private Limited","HNV/26-27/43","domestic","INR","PO-000822","Tax Invoice","15580.16","0.00","0.00","18.00","18384.59","18384.59","2026-04-09 12:24:15","0.00","18384.59","pending","2026-04-09 12:24:14",NULL,NULL,"Active"
"AMIDC Automation Technologies Pvt Ltd","HNV/26-27/44","domestic","INR","AMIDC-PO-FY27-00024","Tax Invoice","93360.00","9.00","9.00","0.00","110164.80","110164.80","2026-04-10 04:11:54","0.00","110164.80","pending","2026-04-10 04:11:53",NULL,NULL,"Active"
"AMIDC Automation Technologies Pvt Ltd","HNV/26-27/45V1","domestic","INR","AMIDC-PO-FY27-00055","Tax Invoice","24540.00","9.00","9.00","0.00","28957.20","28957.20","2026-04-10 10:33:55","0.00","28957.20","pending","2026-04-13 07:58:11",NULL,NULL,"Active"
"AMIDC Automation Technologies Pvt Ltd","HNV/26-27/46","domestic","INR","AMIDC-PO-FY27-00024","Tax Invoice","140040.00","9.00","9.00","0.00","165247.20","165247.20","2026-04-10 10:36:51","0.00","165247.20","pending","2026-04-13 04:49:49",NULL,NULL,"Active"
"Averna Test India Private Limited","HNV/26-27/47","domestic","INR","PO-000974","Tax Invoice","9596.96","0.00","0.00","18.00","11324.41","11324.41","2026-04-10 13:05:29","0.00","11324.41","pending","2026-04-10 13:05:29",NULL,NULL,"Active"
"Averna Test India Private Limited","HNV/26-27/48","domestic","INR","PO-000975","Tax Invoice","4798.48","0.00","0.00","18.00","5662.21","5662.21","2026-04-10 13:06:40","0.00","5662.21","pending","2026-04-13 08:03:30",NULL,NULL,"Active"
"Averna Test India Private Limited","HNV/26-27/49","domestic","INR","PO-000976","Tax Invoice","13506.74","0.00","0.00","18.00","15937.95","15937.95","2026-04-10 13:08:02","0.00","15937.95","pending","2026-04-10 13:08:01",NULL,NULL,"Active"
"Averna Test India Private Limited","HNV/26-27/50","domestic","INR","PO-000973","Tax Invoice","10145.00","0.00","0.00","18.00","11971.10","11971.10","2026-04-10 13:08:55","0.00","11971.10","pending","2026-04-10 13:08:54",NULL,NULL,"Active"
"Ultrahuman Healthcare Pvt Ltd","HNV/26-27/51","domestic","INR","UH/PO/26-27/00063","Tax Invoice","156040.00","9.00","9.00","0.00","184127.20","184127.20","2026-04-10 13:39:13","0.00","184127.20","pending","2026-04-11 07:03:34",NULL,NULL,"Active"
"RIX INDIA MANUFACTURING PRIVATE LIMITED","HNV/26-27/52","domestic","INR","12055","Tax Invoice","13870.00","9.00","9.00","0.00","16366.60","16366.60","2026-04-10 13:40:28","0.00","16366.60","pending","2026-04-13 06:27:20",NULL,NULL,"Active"
"Ultrahuman Healthcare Pvt Ltd","HNV/26-27/53","domestic","INR","UH/PO/26-27/00063","Tax Invoice","196695.00","9.00","9.00","0.00","232100.10","232100.10","2026-04-13 04:09:18","0.00","232100.10","pending","2026-04-13 04:09:17",NULL,NULL,"Active"
"Custiv manufacturing Solution private limited ","HNV/26-27/54 ","domestic","INR","PO-019/2025-26","Tax Invoice","39808.00","9.00","9.00","0.00","0.00","0.00","2026-04-13 05:17:35","0.00","0.00","pending","2026-04-17 12:01:45",NULL,NULL,"Cancelled"
"Seakeeper","HNV/26-27/E/5","export","USD","Mail Confirmation Sea Shipment","Tax Invoice","3028.00","0.00","0.00","0.00","3028.00","280544.20","2026-04-13 07:24:56","0.00","3028.00","pending","2026-04-13 07:24:55",NULL,NULL,"Active"
"Micropoise Measurement Systems Ametek ","HNV/26-27/E/6","export","USD","PR-022426-0039","Tax Invoice","251.20","0.00","0.00","0.00","251.20","23273.68","2026-04-13 12:16:41","0.00","251.20","pending","2026-04-13 12:16:40",NULL,NULL,"Active"
"Micropoise Measurement Systems Ametek ","HNV/26-27/E/7","export","USD","PR-022426-0043","Tax Invoice","924.00","0.00","0.00","0.00","924.00","85608.60","2026-04-13 12:17:34","0.00","924.00","pending","2026-04-13 12:17:33",NULL,NULL,"Active"
"Averna Test India Private Limited","HNV/26-27/55","domestic","INR","PO-000974","Tax Invoice","30704.22","0.00","0.00","18.00","36230.98","36230.98","2026-04-13 13:41:22","0.00","36230.98","pending","2026-04-13 13:41:22",NULL,NULL,"Active"
"Averna Test India Private Limited","HNV/26-27/56","domestic","INR","PO-000975","Tax Invoice","15352.11","0.00","0.00","18.00","18115.49","18115.49","2026-04-13 13:44:00","0.00","18115.49","pending","2026-04-14 05:44:42",NULL,NULL,"Active"
"Averna Test India Private Limited","HNV/26-27/57","domestic","INR","PO-000976","Tax Invoice","17164.59","0.00","0.00","18.00","20254.22","20254.22","2026-04-13 13:45:13","0.00","20254.22","pending","2026-04-13 13:45:12",NULL,NULL,"Active"
"Averna Test India Private Limited","HNV/26-27/58","domestic","INR","PO-001037","Tax Invoice","1804.00","0.00","0.00","18.00","2128.72","2128.72","2026-04-14 05:00:06","0.00","2128.72","pending","2026-04-14 05:00:06",NULL,NULL,"Active"
"Averna Test India Private Limited","HNV/26-27/59","domestic","INR","PO-001038","Tax Invoice","37040.00","0.00","0.00","18.00","43707.20","43707.20","2026-04-14 05:01:54","0.00","43707.20","pending","2026-04-14 05:01:53",NULL,NULL,"Active"
"Custiv manufacturing Solution private limited ","HNV/26-27/60V1","domestic","INR","PO-019/2025-26","Tax Invoice","162964.00","9.00","9.00","0.00","192297.52","192297.52","2026-04-15 05:01:16","0.00","192297.52","pending","2026-04-17 11:22:59",NULL,NULL,"Active"
"RAAD SYSTEMS PRIVATE LIMITED","HNV/26-27/61","domestic","INR","RSPL1093-IN-25-26","Tax Invoice","77808.00","9.00","9.00","0.00","91813.44","91813.44","2026-04-15 06:24:20","0.00","91813.44","pending","2026-04-15 09:41:34",NULL,NULL,"Active"
"RAAD SYSTEMS PRIVATE LIMITED","HNV/26-27/62","domestic","INR","RSPL1270-IN-25-26","Tax Invoice","25000.00","9.00","9.00","0.00","29500.00","29500.00","2026-04-15 06:27:26","0.00","29500.00","pending","2026-04-15 06:27:26",NULL,NULL,"Active"
"Journal DD","HNV/26-27/E/8","export","USD","1646-4279","Tax Invoice","227.48","0.00","0.00","0.00","227.48","21076.02","2026-04-15 07:05:46","0.00","227.48","pending","2026-04-15 07:05:46",NULL,NULL,"Active"
"Journal DD","HNV/26-27/E/9","export","USD","1646-4279","Tax Invoice","65.00","0.00","0.00","0.00","65.00","6022.25","2026-04-15 07:24:25","0.00","65.00","pending","2026-04-15 07:24:25",NULL,NULL,"Active"
"AGILITY ROBOTICS","HNV/26-27/E/10","export","USD","211059","Tax Invoice","4.00","0.00","0.00","0.00","4.00","370.60","2026-04-15 10:44:33","0.00","4.00","pending","2026-04-17 05:50:20",NULL,NULL,"Active"
"Universal Analyzers Barben Analytical AMETEK","HNV/26-27/E/11","export","USD","529218","Tax Invoice","1608.16","0.00","0.00","0.00","1608.16","148996.02","2026-04-15 10:46:28","0.00","1608.16","pending","2026-04-17 05:48:13",NULL,NULL,"Active"
"ACTIV MFG(accurate carbide)","HNV/26-27/E/12","export","USD","17716","Tax Invoice","720.00","0.00","0.00","0.00","720.00","66708.00","2026-04-15 11:34:09","0.00","720.00","pending","2026-04-15 11:34:09",NULL,NULL,"Active"
"ACTIV MFG(accurate carbide)","HNV/26-27/E/13","export","USD","17716","Tax Invoice","1530.00","0.00","0.00","0.00","1530.00","141754.50","2026-04-15 12:03:52","0.00","1530.00","pending","2026-04-15 12:03:52",NULL,NULL,"Active"
"Averna Test India Private Limited","HNV/26-27/63","domestic","INR","PO-001042","Tax Invoice","17421.26","0.00","0.00","18.00","20557.09","20557.09","2026-04-15 13:06:05","0.00","20557.09","pending","2026-04-15 13:06:04",NULL,NULL,"Active"
"Averna Test India Private Limited","HNV/26-27/64","domestic","INR","PO-000974","Tax Invoice","3318.76","0.00","0.00","18.00","3916.14","3916.14","2026-04-15 13:08:07","0.00","3916.14","pending","2026-04-15 13:08:07",NULL,NULL,"Active"
"Averna Test India Private Limited","HNV/26-27/65","domestic","INR","PO-000975","Tax Invoice","1659.38","0.00","0.00","18.00","1958.07","1958.07","2026-04-15 13:08:41","0.00","1958.07","pending","2026-04-15 13:08:40",NULL,NULL,"Active"
"Averna Test India Private Limited","HNV/26-27/66","domestic","INR","PO-000976","Tax Invoice","1659.38","0.00","0.00","18.00","1958.07","1958.07","2026-04-15 13:09:12","0.00","1958.07","pending","2026-04-15 13:09:11",NULL,NULL,"Active"
"AMIDC Automation Technologies Pvt Ltd","HNV/26-27/67","domestic","INR","AMIDC-PO-FY26-00937","Tax Invoice","10123.50","9.00","9.00","0.00","11945.74","11945.74","2026-04-16 04:33:24","0.00","11945.74","pending","2026-04-16 08:48:51",NULL,NULL,"Active"
"Averna Test India Private Limited","HNV/26-27/68","domestic","INR","PO-000868","Tax Invoice","938.12","0.00","0.00","18.00","1106.98","1106.98","2026-04-16 12:44:06","0.00","1106.98","pending","2026-04-16 12:44:06",NULL,NULL,"Active"
"Averna Test India Private Limited","HNV/26-27/69","domestic","INR","PO-000976","Tax Invoice","3559.48","0.00","0.00","18.00","4200.19","4200.19","2026-04-16 12:45:06","0.00","4200.19","pending","2026-04-17 04:25:45",NULL,NULL,"Active"
"Averna Test India Private Limited","HNV/26-27/70","domestic","INR","PO-001042","Tax Invoice","469.06","0.00","0.00","18.00","553.49","553.49","2026-04-16 12:45:43","0.00","553.49","pending","2026-04-16 12:45:42",NULL,NULL,"Active"
"Neosky India Limited","HNV/26-27/71","domestic","INR","1150000657","Tax Invoice","120850.00","9.00","9.00","0.00","142603.00","142603.00","2026-04-17 09:04:08","0.00","142603.00","pending","2026-04-17 09:08:31",NULL,NULL,"Active"
"Neosky India Limited","HNV/26-27/72","domestic","INR","1150000657","Tax Invoice","5500.00","9.00","9.00","0.00","6490.00","6490.00","2026-04-17 09:13:19","0.00","6490.00","pending","2026-04-17 09:13:18",NULL,NULL,"Active"
"Averna Test India Private Limited","HNV/26-27/73","domestic","INR","PO-001042","Tax Invoice","21147.45","0.00","0.00","18.00","24953.99","24953.99","2026-04-17 11:43:43","0.00","24953.99","pending","2026-04-17 11:47:24",NULL,NULL,"Active"
"Averna Test India Private Limited","HNV/26-27/74","domestic","INR","PO-000974","Tax Invoice","29040.42","0.00","0.00","18.00","34267.70","34267.70","2026-04-17 11:44:47","0.00","34267.70","pending","2026-04-17 11:44:46",NULL,NULL,"Active"
"Averna Test India Private Limited","HNV/26-27/75","domestic","INR","PO-000975","Tax Invoice","14520.21","0.00","0.00","18.00","17133.85","17133.85","2026-04-17 11:46:23","0.00","17133.85","pending","2026-04-17 11:46:22",NULL,NULL,"Active"
"Averna Test India Private Limited","HNV/26-27/76","domestic","INR","PO-000976","Tax Invoice","18360.23","0.00","0.00","18.00","21665.07","21665.07","2026-04-17 11:47:33","0.00","21665.07","pending","2026-04-17 11:47:33",NULL,NULL,"Active"
"Averna Test India Private Limited","HNV/26-27/77","domestic","INR","PO-001039","Tax Invoice","2317.56","0.00","0.00","18.00","2734.72","2734.72","2026-04-17 11:48:09","0.00","2734.72","pending","2026-04-17 11:48:09",NULL,NULL,"Active"
"Averna Test India Private Limited","HNV/26-27/78","domestic","INR","PO-000868","Tax Invoice","9267.72","0.00","0.00","18.00","10935.91","10935.91","2026-04-17 11:48:45","0.00","10935.91","pending","2026-04-17 11:48:44",NULL,NULL,"Active"
"Averna Test India Private Limited","HNV/26-27/79","domestic","INR","PO-001042","Tax Invoice","1331.93","0.00","0.00","18.00","1571.68","1571.68","2026-04-17 14:18:05","0.00","1571.68","pending","2026-04-17 14:18:05",NULL,NULL,"Active"
"Micropoise Measurement Systems Ametek ","HNV/26-27/E/14","export","USD","PR-031826-0003","Tax Invoice","520.00","0.00","0.00","0.00","520.00","48178.00","2026-04-18 06:44:55","0.00","520.00","pending","2026-04-18 06:44:54",NULL,NULL,"Active"
"Ametek, thermal process management,Universal Analyzers  Barben Analytical","HNV/26-27/E/15","export","USD","529099","Tax Invoice","955.06","0.00","0.00","0.00","955.06","88486.31","2026-04-18 06:48:08","0.00","955.06","pending","2026-04-18 06:48:07",NULL,NULL,"Active"
"Seakeeper","HNV/26-27/E/16","export","USD","85179","Tax Invoice","1340.00","0.00","0.00","0.00","1340.00","124151.00","2026-04-18 06:49:56","0.00","1340.00","pending","2026-04-18 06:49:56",NULL,NULL,"Active"
